scheduled_departure_date_local,company_id,flight_number,Difficulty_Score,Daily_Difficulty_Rank,Difficulty_Category
2025-08-01,UA,247,4.945542488083329,1.0,Difficult
2025-08-01,UA,909,4.44804709353651,2.0,Difficult
2025-08-01,UA,1316,3.2655183703414288,3.0,Difficult
2025-08-01,UA,972,2.8735718183326346,4.0,Difficult
2025-08-01,UA,881,2.359157792660162,5.0,Difficult
2025-08-01,UA,953,2.351083830335159,6.0,Difficult
2025-08-01,UA,1811,1.9209461730442856,7.0,Difficult
2025-08-01,UA,468,1.8625612254481856,8.0,Difficult
2025-08-01,UA,920,1.8421199511741324,9.0,Difficult
2025-08-01,UA,1124,1.687004129401666,10.0,Difficult
2025-08-01,UA,1620,1.486666424687673,11.0,Difficult
2025-08-01,OO,5038,1.4302175982464467,12.0,Difficult
2025-08-01,OO,5260,1.3368145982949207,13.0,Difficult
2025-08-01,UA,1975,1.327192169624405,14.0,Difficult
2025-08-01,UA,714,1.2653636901872702,15.0,Difficult
2025-08-01,UA,1643,1.247437960009006,16.0,Difficult
2025-08-01,UA,1156,1.1754386543730615,17.0,Difficult
2025-08-01,UA,374,1.121935092747108,18.0,Difficult
2025-08-01,UA,2389,1.1182825680483603,19.0,Difficult
2025-08-01,UA,980,1.0708967743581204,20.0,Difficult
2025-08-01,UA,845,1.044239856158067,21.0,Difficult
2025-08-01,UA,1144,1.028027656578512,22.0,Difficult
2025-08-01,OO,5536,0.9687540535412824,23.0,Difficult
2025-08-01,UA,611,0.9665787673898439,24.0,Difficult
2025-08-01,UA,1599,0.9604645533764158,25.0,Difficult
2025-08-01,UA,118,0.9575477878573683,26.0,Difficult
2025-08-01,OO,5344,0.9381934124059208,27.0,Difficult
2025-08-01,UA,1899,0.8928320282006736,28.0,Difficult
2025-08-01,UA,1324,0.880253188133169,29.0,Difficult
2025-08-01,UA,2862,0.867427641688225,30.0,Difficult
2025-08-01,UA,1740,0.8621099213050256,31.0,Difficult
2025-08-01,UA,1485,0.859856042386025,32.0,Difficult
2025-08-01,UA,758,0.8572909566664625,33.0,Difficult
2025-08-01,UA,791,0.8451110621247021,34.0,Difficult
2025-08-01,UA,1421,0.8308409777701097,35.0,Difficult
2025-08-01,UA,2666,0.8168686334310399,36.0,Difficult
2025-08-01,UA,970,0.8066776385848877,37.0,Difficult
2025-08-01,OO,5376,0.80627096773605,38.0,Difficult
2025-08-01,UA,2133,0.7982315646844993,39.0,Difficult
2025-08-01,UA,416,0.793380724198558,40.0,Difficult
2025-08-01,YX,3440,0.7906426272814426,41.0,Difficult
2025-08-01,UA,907,0.7873310938723429,42.0,Difficult
2025-08-01,OO,5380,0.7831118547183391,43.0,Difficult
2025-08-01,OO,5852,0.7813691955134474,44.0,Difficult
2025-08-01,UA,1044,0.7796881273394443,45.0,Difficult
2025-08-01,UA,219,0.763274053677459,46.0,Difficult
2025-08-01,OO,5505,0.7611474559781605,47.0,Difficult
2025-08-01,UA,1387,0.7605329875351774,48.0,Difficult
2025-08-01,UA,2254,0.7370276609004862,49.0,Difficult
2025-08-01,UA,2038,0.7101412241562461,50.0,Difficult
2025-08-01,UA,2333,0.7039641199746028,51.0,Difficult
2025-08-01,UA,1872,0.6872319855860761,52.0,Difficult
2025-08-01,OO,5603,0.6846260019091703,53.0,Difficult
2025-08-01,UA,2302,0.6773606582294704,54.0,Difficult
2025-08-01,UA,1363,0.6729410293502237,55.0,Difficult
2025-08-01,UA,944,0.6622584238639103,56.0,Difficult
2025-08-01,UA,2465,0.6526235090003801,57.0,Difficult
2025-08-01,UA,1068,0.6376785779628467,58.0,Difficult
2025-08-01,UA,987,0.628734709911718,59.0,Difficult
2025-08-01,UA,1657,0.626385199660975,60.0,Difficult
2025-08-01,UA,2385,0.6259012484675984,61.0,Difficult
2025-08-01,UA,2008,0.6190558255008806,62.0,Difficult
2025-08-01,UA,2200,0.6007923506422931,63.0,Difficult
2025-08-01,UA,1347,0.5907631499200305,64.0,Difficult
2025-08-01,UA,1273,0.5855756869663326,65.0,Difficult
2025-08-01,UA,1801,0.582668204526068,66.0,Difficult
2025-08-01,UA,2361,0.5750195849258001,67.0,Difficult
2025-08-01,UA,1100,0.5652741039103047,68.0,Difficult
2025-08-01,UA,2657,0.5647102872113842,69.0,Difficult
2025-08-01,UA,695,0.5622530676095501,70.0,Difficult
2025-08-01,OO,5314,0.5267944203072658,71.0,Difficult
2025-08-01,UA,1660,0.5206918821366918,72.0,Difficult
2025-08-01,UA,1830,0.5109595757463701,73.0,Difficult
2025-08-01,UA,2201,0.5054772301290029,74.0,Difficult
2025-08-01,UA,2243,0.501688994117602,75.0,Difficult
2025-08-01,UA,378,0.49981735108427294,76.0,Difficult
2025-08-01,UA,576,0.4748541203082576,77.0,Difficult
2025-08-01,OO,5138,0.47475736590742,78.0,Difficult
2025-08-01,UA,769,0.4709484082065857,79.0,Difficult
2025-08-01,UA,2424,0.456031750389185,80.0,Difficult
2025-08-01,UA,2067,0.44547178701463436,81.0,Difficult
2025-08-01,UA,1398,0.4394332525871989,82.0,Difficult
2025-08-01,UA,2154,0.4392406627295606,83.0,Difficult
2025-08-01,UA,622,0.43910687798630504,84.0,Difficult
2025-08-01,UA,1634,0.43229930990603527,85.0,Difficult
2025-08-01,UA,2099,0.4322144058627854,86.0,Difficult
2025-08-01,UA,1215,0.42968869483689054,87.0,Difficult
2025-08-01,YX,3641,0.4286512207474055,88.0,Difficult
2025-08-01,UA,2378,0.42601683343472846,89.0,Difficult
2025-08-01,UA,2337,0.4254153404731334,90.0,Difficult
2025-08-01,UA,556,0.42040645270246063,91.0,Difficult
2025-08-01,OO,5532,0.41569729829658314,92.0,Difficult
2025-08-01,UA,288,0.4152549486910888,93.0,Difficult
2025-08-01,UA,1492,0.4132105897181572,94.0,Difficult
2025-08-01,UA,1658,0.4059930762014239,95.0,Difficult
2025-08-01,UA,2497,0.4052249465962108,96.0,Difficult
2025-08-01,OO,5577,0.3999880676266995,97.0,Difficult
2025-08-01,UA,1823,0.3969444503225625,98.0,Difficult
2025-08-01,G7,4188,0.3964727599080629,99.0,Difficult
2025-08-01,UA,2323,0.39267754213284234,100.0,Difficult
2025-08-01,YX,3716,0.37356019402808577,101.0,Difficult
2025-08-01,UA,2329,0.3697906597990934,102.0,Difficult
2025-08-01,UA,2658,0.36811622193097215,103.0,Difficult
2025-08-01,UA,1306,0.36671774383407324,104.0,Difficult
2025-08-01,UA,490,0.3636839798143525,105.0,Difficult
2025-08-01,UA,1983,0.35303637340425925,106.0,Difficult
2025-08-01,UA,1594,0.349432169809283,107.0,Difficult
2025-08-01,UA,2488,0.34878576151302054,108.0,Difficult
2025-08-01,OO,5859,0.346261188825969,109.0,Difficult
2025-08-01,G7,4597,0.3375595954962112,110.0,Difficult
2025-08-01,UA,1584,0.33541842299402447,111.0,Difficult
2025-08-01,UA,2653,0.33275650237124293,112.0,Difficult
2025-08-01,UA,1612,0.32842824085462324,113.0,Difficult
2025-08-01,UA,1842,0.32639902027597817,114.0,Difficult
2025-08-01,UA,1989,0.32164868316588746,115.0,Difficult
2025-08-01,OO,5122,0.31630819692987455,116.0,Difficult
2025-08-01,UA,1775,0.31333696963654767,117.0,Difficult
2025-08-01,OO,5292,0.31243112972214465,118.0,Difficult
2025-08-01,UA,763,0.3117241481906931,119.0,Difficult
2025-08-01,YX,3603,0.30560486281350907,120.0,Difficult
2025-08-01,UA,1361,0.29903166825650557,121.0,Difficult
2025-08-01,YX,3421,0.29874358130216383,122.0,Difficult
2025-08-01,UA,1785,0.2939538128297166,123.0,Difficult
2025-08-01,G7,4584,0.2868635389402836,124.0,Difficult
2025-08-01,UA,2278,0.2858975207402121,125.0,Difficult
2025-08-01,UA,399,0.28549447316684123,126.0,Difficult
2025-08-01,G7,4380,0.28184350834454686,127.0,Difficult
2025-08-01,UA,660,0.28115164120710673,128.0,Difficult
2025-08-01,UA,1314,0.2768684232042178,129.0,Difficult
2025-08-01,UA,1848,0.2648415942477027,130.0,Difficult
2025-08-01,UA,2226,0.2607795071770713,131.0,Difficult
2025-08-01,OO,5140,0.2588104324338268,132.0,Difficult
2025-08-01,UA,1905,0.2586636736984315,133.0,Difficult
2025-08-01,UA,2195,0.25780043200209324,134.0,Difficult
2025-08-01,UA,1742,0.25113043298060234,135.0,Difficult
2025-08-01,UA,286,0.24697947572889842,136.0,Difficult
2025-08-01,UA,359,0.2454249985252267,137.0,Difficult
2025-08-01,UA,1502,0.24226232264561523,138.0,Difficult
2025-08-01,UA,2394,0.23939523387795622,139.0,Difficult
2025-08-01,OO,5136,0.2333153215788506,140.0,Difficult
2025-08-01,UA,1198,0.233274302644732,141.0,Difficult
2025-08-01,UA,307,0.23222451377295564,142.0,Medium
2025-08-01,UA,1224,0.22821684081084492,143.0,Medium
2025-08-01,OO,5726,0.2279237583106155,144.0,Medium
2025-08-01,UA,2649,0.2266844650918684,145.0,Medium
2025-08-01,UA,1832,0.21965945844486898,146.0,Medium
2025-08-01,UA,2417,0.21949744917707584,147.0,Medium
2025-08-01,UA,2426,0.21802646695754654,148.0,Medium
2025-08-01,YX,3433,0.21691148376662522,149.0,Medium
2025-08-01,UA,1996,0.21652081985037464,150.0,Medium
2025-08-01,UA,2652,0.21645965748524515,151.0,Medium
2025-08-01,UA,1803,0.21571269604515436,152.0,Medium
2025-08-01,UA,563,0.21449980706006017,153.0,Medium
2025-08-01,UA,1335,0.20709595083037505,154.0,Medium
2025-08-01,UA,1182,0.20709356598504533,155.0,Medium
2025-08-01,UA,929,0.20149400823712904,156.0,Medium
2025-08-01,UA,2430,0.2000998868820677,157.0,Medium
2025-08-01,UA,1358,0.20008420306949384,158.0,Medium
2025-08-01,UA,609,0.1968045162324603,159.0,Medium
2025-08-01,UA,1580,0.19550532306170412,160.0,Medium
2025-08-01,G7,4425,0.19233477250721698,161.0,Medium
2025-08-01,OO,5607,0.1920027371930199,162.0,Medium
2025-08-01,YX,3707,0.18858822164215286,163.0,Medium
2025-08-01,UA,1980,0.18377219635650222,164.0,Medium
2025-08-01,UA,580,0.1771431243778546,165.0,Medium
2025-08-01,UA,1168,0.170790452116244,166.0,Medium
2025-08-01,OO,5103,0.1697099399263033,167.0,Medium
2025-08-01,UA,467,0.1611891177672102,168.0,Medium
2025-08-01,YX,3604,0.15618694652556914,169.0,Medium
2025-08-01,UA,2155,0.15578780771139872,170.0,Medium
2025-08-01,UA,1270,0.15485200501594343,171.0,Medium
2025-08-01,UA,938,0.1531042872883205,172.0,Medium
2025-08-01,UA,1377,0.14805443985098596,173.0,Medium
2025-08-01,UA,445,0.14717777036891622,174.0,Medium
2025-08-01,UA,2290,0.14702932640823244,175.0,Medium
2025-08-01,G7,4474,0.14686610052132354,176.0,Medium
2025-08-01,UA,310,0.13675328100848547,177.0,Medium
2025-08-01,YX,3464,0.13639976637185489,178.0,Medium
2025-08-01,UA,2865,0.1354506254971305,179.0,Medium
2025-08-01,UA,2137,0.13529300163214286,180.0,Medium
2025-08-01,UA,1710,0.1116542535808806,181.0,Medium
2025-08-01,UA,1577,0.1108633388908609,182.0,Medium
2025-08-01,UA,1761,0.10941518386887952,183.0,Medium
2025-08-01,UA,1178,0.10732356780129715,184.0,Medium
2025-08-01,UA,1531,0.09917863571511054,185.0,Medium
2025-08-01,UA,912,0.09380498689183225,186.0,Medium
2025-08-01,UA,1946,0.09005255046501223,187.0,Medium
2025-08-01,UA,2090,0.08777665404582347,188.0,Medium
2025-08-01,OO,5795,0.07844701945452881,189.0,Medium
2025-08-01,UA,2100,0.0746027380177572,190.0,Medium
2025-08-01,UA,2672,0.07006188241825372,191.0,Medium
2025-08-01,UA,2494,0.06747242229073881,192.0,Medium
2025-08-01,UA,1779,0.06541092020858315,193.0,Medium
2025-08-01,UA,503,0.06358839911513367,194.0,Medium
2025-08-01,OO,5027,0.05993903852615551,195.0,Medium
2025-08-01,OO,5652,0.05054192227330448,196.0,Medium
2025-08-01,UA,265,0.04863626052666054,197.0,Medium
2025-08-01,YX,3568,0.04813181873445102,198.0,Medium
2025-08-01,UA,224,0.043390866994324914,199.0,Medium
2025-08-01,UA,481,0.04259427226044579,200.0,Medium
2025-08-01,UA,2172,0.042501937429389965,201.0,Medium
2025-08-01,UA,2148,0.04104916300718332,202.0,Medium
2025-08-01,YX,3696,0.040486284318117835,203.0,Medium
2025-08-01,UA,2011,0.0400792379161006,204.0,Medium
2025-08-01,G7,4389,0.039822307622307096,205.0,Medium
2025-08-01,UA,2455,0.037830666742207766,206.0,Medium
2025-08-01,UA,1834,0.03643132846915044,207.0,Medium
2025-08-01,UA,1878,0.029746521118475273,208.0,Medium
2025-08-01,UA,1967,0.024104697145923105,209.0,Medium
2025-08-01,OO,5624,0.021993598984427085,210.0,Medium
2025-08-01,YX,3614,0.020032101394183918,211.0,Medium
2025-08-01,UA,1301,0.018192873802488557,212.0,Medium
2025-08-01,OO,4748,0.01692527555455698,213.0,Medium
2025-08-01,G7,4491,0.012934889061893884,214.0,Medium
2025-08-01,UA,2104,0.011598770157046752,215.0,Medium
2025-08-01,UA,422,0.004781753594643636,216.0,Medium
2025-08-01,YX,3663,0.004487238631627189,217.0,Medium
2025-08-01,OO,5274,0.0039340639409045355,218.0,Medium
2025-08-01,YX,3536,0.002497111428273198,219.0,Medium
2025-08-01,UA,1923,-0.001246767656312514,220.0,Medium
2025-08-01,OO,5125,-0.0013221786877476507,221.0,Medium
2025-08-01,OO,5251,-0.005407357151314726,222.0,Medium
2025-08-01,UA,1495,-0.008310706218539961,223.0,Medium
2025-08-01,UA,592,-0.023472166362229385,224.0,Medium
2025-08-01,UA,2691,-0.023699729807041475,225.0,Medium
2025-08-01,UA,2440,-0.025113217192787248,226.0,Medium
2025-08-01,UA,349,-0.025249460924920007,227.0,Medium
2025-08-01,UA,1677,-0.02611642460152407,228.0,Medium
2025-08-01,UA,2481,-0.026273036392548393,229.0,Medium
2025-08-01,YX,3601,-0.02722399650936252,230.0,Medium
2025-08-01,G7,4452,-0.03233380714342586,231.0,Medium
2025-08-01,G7,4599,-0.034610749592824466,232.0,Medium
2025-08-01,OO,5521,-0.03596632758714932,233.0,Medium
2025-08-01,UA,2179,-0.03684730092194845,234.0,Medium
2025-08-01,OO,5819,-0.03871656963512418,235.0,Medium
2025-08-01,UA,1815,-0.044119588334830144,236.0,Medium
2025-08-01,G7,4542,-0.04700557363812944,237.0,Medium
2025-08-01,UA,3,-0.04986999293940596,238.0,Medium
2025-08-01,UA,602,-0.050721588600993586,239.0,Medium
2025-08-01,UA,777,-0.05102939664139482,240.0,Medium
2025-08-01,UA,2280,-0.05276581707241432,241.0,Medium
2025-08-01,OO,5790,-0.052775099745670004,242.0,Medium
2025-08-01,OO,5601,-0.053629435502901626,243.0,Medium
2025-08-01,UA,2040,-0.060074969806045805,244.0,Medium
2025-08-01,OO,5748,-0.061622677554390035,245.0,Medium
2025-08-01,UA,2225,-0.06390946308481026,246.0,Medium
2025-08-01,OO,5414,-0.06418830458786699,247.0,Medium
2025-08-01,UA,1269,-0.06603490552469846,248.0,Medium
2025-08-01,UA,729,-0.06820124787071206,249.0,Medium
2025-08-01,OO,5448,-0.07233798179744012,250.0,Medium
2025-08-01,OO,4778,-0.07397178985261865,251.0,Medium
2025-08-01,G7,4518,-0.07442870296508446,252.0,Medium
2025-08-01,UA,1113,-0.07548450232966686,253.0,Medium
2025-08-01,UA,1538,-0.08417818301298488,254.0,Medium
2025-08-01,G7,4530,-0.08459323434161121,255.0,Medium
2025-08-01,UA,1403,-0.0853244380736706,256.0,Medium
2025-08-01,UA,2251,-0.08626409161545663,257.0,Medium
2025-08-01,UA,1659,-0.08942316295070551,258.0,Medium
2025-08-01,UA,2106,-0.09162300834311872,259.0,Medium
2025-08-01,UA,2665,-0.09251808548501551,260.0,Medium
2025-08-01,OO,5395,-0.09495497960830737,261.0,Medium
2025-08-01,UA,1413,-0.09518638572144801,262.0,Medium
2025-08-01,OO,5833,-0.09580240763339319,263.0,Medium
2025-08-01,UA,2182,-0.09607914133026015,264.0,Medium
2025-08-01,OO,5272,-0.09914739916730832,265.0,Medium
2025-08-01,UA,380,-0.10014775748739876,266.0,Medium
2025-08-01,OO,5555,-0.10046083431105342,267.0,Medium
2025-08-01,UA,721,-0.10068057868104803,268.0,Medium
2025-08-01,UA,2414,-0.10209980599735183,269.0,Medium
2025-08-01,UA,2347,-0.1074995369803469,270.0,Medium
2025-08-01,UA,1304,-0.10760665859567446,271.0,Medium
2025-08-01,UA,2609,-0.10796651443491743,272.0,Medium
2025-08-01,UA,1491,-0.10950708559051775,273.0,Medium
2025-08-01,OO,5593,-0.11090246872050367,274.0,Medium
2025-08-01,OO,4792,-0.11245957095307772,275.0,Medium
2025-08-01,UA,2211,-0.11426920087435959,276.0,Medium
2025-08-01,OO,5841,-0.11812937954422026,277.0,Medium
2025-08-01,UA,1708,-0.12263823343867652,278.0,Medium
2025-08-01,UA,1041,-0.12417497172187257,279.0,Medium
2025-08-01,UA,2147,-0.1283918254484486,280.0,Medium
2025-08-01,UA,1778,-0.12938900196889733,281.0,Medium
2025-08-01,UA,2092,-0.1294783855145823,282.0,Medium
2025-08-01,OO,5309,-0.134722208085872,283.0,Medium
2025-08-01,UA,356,-0.1373671632765475,284.0,Medium
2025-08-01,UA,752,-0.13771114663936695,285.0,Medium
2025-08-01,OO,5229,-0.1394235093230823,286.0,Medium
2025-08-01,YX,3525,-0.14132788238117322,287.0,Medium
2025-08-01,UA,1564,-0.1424386086688255,288.0,Medium
2025-08-01,OO,5358,-0.1429150669746923,289.0,Medium
2025-08-01,UA,275,-0.1459984696469625,290.0,Medium
2025-08-01,YX,3451,-0.14732442622842593,291.0,Medium
2025-08-01,G7,4185,-0.1483157989904389,292.0,Medium
2025-08-01,OO,5915,-0.14954855111587262,293.0,Medium
2025-08-01,UA,1617,-0.14966876769591564,294.0,Medium
2025-08-01,UA,1909,-0.1496756200250877,295.0,Medium
2025-08-01,OO,5437,-0.15098087740902247,296.0,Medium
2025-08-01,UA,561,-0.15233131351312693,297.0,Medium
2025-08-01,UA,1146,-0.15319586121261067,298.0,Medium
2025-08-01,YX,3635,-0.15470322225744662,299.0,Medium
2025-08-01,UA,2207,-0.15608284226719543,300.0,Medium
2025-08-01,G7,4461,-0.16520176366532469,301.0,Medium
2025-08-01,UA,1077,-0.1682650735365366,302.0,Medium
2025-08-01,OO,5499,-0.17082868095038267,303.0,Medium
2025-08-01,G7,4501,-0.17414249082079825,304.0,Medium
2025-08-01,UA,1381,-0.17651210458457245,305.0,Medium
2025-08-01,UA,1030,-0.17747533729937454,306.0,Medium
2025-08-01,YX,3571,-0.18232412451760524,307.0,Medium
2025-08-01,UA,2483,-0.19911297607766154,308.0,Medium
2025-08-01,UA,1239,-0.19947535900976165,309.0,Medium
2025-08-01,YX,3690,-0.20263758227079126,310.0,Medium
2025-08-01,UA,2059,-0.20476369808037947,311.0,Medium
2025-08-01,YX,3551,-0.20856437694236618,312.0,Medium
2025-08-01,UA,1205,-0.21064861953481967,313.0,Medium
2025-08-01,UA,764,-0.21237675073875167,314.0,Medium
2025-08-01,OO,4645,-0.21813472393248926,315.0,Medium
2025-08-01,UA,600,-0.21879663699426521,316.0,Medium
2025-08-01,YX,3628,-0.21942215886991615,317.0,Medium
2025-08-01,UA,2370,-0.21952623613308228,318.0,Medium
2025-08-01,UA,2144,-0.22052611494009963,319.0,Medium
2025-08-01,G7,4406,-0.2209283568858651,320.0,Medium
2025-08-01,YX,3638,-0.22212340441341621,321.0,Medium
2025-08-01,UA,293,-0.22342442301197435,322.0,Medium
2025-08-01,OO,5534,-0.2253628257145161,323.0,Medium
2025-08-01,OO,5131,-0.2261923259198419,324.0,Medium
2025-08-01,UA,1851,-0.22702519532614351,325.0,Medium
2025-08-01,UA,2202,-0.22874751552015976,326.0,Medium
2025-08-01,OO,4789,-0.2290183211210802,327.0,Medium
2025-08-01,UA,343,-0.233514515145722,328.0,Medium
2025-08-01,G7,4571,-0.2344402877439618,329.0,Medium
2025-08-01,OO,5699,-0.23686781613347963,330.0,Medium
2025-08-01,OO,5352,-0.2371747814057732,331.0,Medium
2025-08-01,OO,5021,-0.237896646026129,332.0,Medium
2025-08-01,OO,4638,-0.23876645920406986,333.0,Medium
2025-08-01,UA,2075,-0.23914164401152577,334.0,Medium
2025-08-01,OO,5446,-0.23994643181435746,335.0,Medium
2025-08-01,OO,5470,-0.23996136463539464,336.0,Medium
2025-08-01,UA,739,-0.24043304298791635,337.0,Medium
2025-08-01,UA,1583,-0.24206857116660124,338.0,Medium
2025-08-01,OO,5668,-0.24270791046744494,339.0,Medium
2025-08-01,UA,2138,-0.24319768288276455,340.0,Medium
2025-08-01,UA,2616,-0.24541773968565744,341.0,Medium
2025-08-01,UA,1756,-0.24842932444117424,342.0,Medium
2025-08-01,UA,1291,-0.2496734999621642,343.0,Medium
2025-08-01,YX,3610,-0.24992668214438116,344.0,Medium
2025-08-01,UA,1616,-0.25150267812631233,345.0,Medium
2025-08-01,UA,1857,-0.2526268567435969,346.0,Medium
2025-08-01,UA,1328,-0.2558349243580315,347.0,Medium
2025-08-01,UA,1776,-0.2576680813058553,348.0,Medium
2025-08-01,G7,4445,-0.2608548841048396,349.0,Medium
2025-08-01,UA,1793,-0.26190825717654753,350.0,Medium
2025-08-01,UA,2177,-0.2624052509402352,351.0,Medium
2025-08-01,OO,5948,-0.2646012721099518,352.0,Medium
2025-08-01,UA,1010,-0.2647899004538901,353.0,Medium
2025-08-01,OO,4636,-0.26615892594261564,354.0,Medium
2025-08-01,UA,1209,-0.2668321223973014,355.0,Medium
2025-08-01,UA,291,-0.2675125508654423,356.0,Medium
2025-08-01,UA,2487,-0.27156661599611354,357.0,Medium
2025-08-01,UA,767,-0.27196962436923566,358.0,Medium
2025-08-01,G7,4585,-0.27390727365892975,359.0,Medium
2025-08-01,UA,786,-0.27447460051040273,360.0,Medium
2025-08-01,OO,4780,-0.276034502010139,361.0,Medium
2025-08-01,G7,4463,-0.27978431916669094,362.0,Medium
2025-08-01,OO,4712,-0.28076418371384865,363.0,Medium
2025-08-01,UA,2635,-0.2840244609173259,364.0,Medium
2025-08-01,OO,5444,-0.2874759950820752,365.0,Medium
2025-08-01,OO,5447,-0.28775096349405344,366.0,Medium
2025-08-01,YX,3402,-0.2898804769913014,367.0,Medium
2025-08-01,UA,1252,-0.2923618024394276,368.0,Medium
2025-08-01,OO,5108,-0.29342404440540454,369.0,Medium
2025-08-01,OO,5320,-0.29539109218377063,370.0,Medium
2025-08-01,UA,2418,-0.2984339430063734,371.0,Medium
2025-08-01,UA,2618,-0.3035789400678234,372.0,Medium
2025-08-01,UA,1139,-0.30444151169573336,373.0,Medium
2025-08-01,UA,617,-0.3053804359259262,374.0,Medium
2025-08-01,UA,1097,-0.3057469913905414,375.0,Medium
2025-08-01,UA,2635,-0.3083705444557437,376.0,Medium
2025-08-01,OO,5398,-0.30855483033143505,377.0,Medium
2025-08-01,OO,5289,-0.30904330284454445,378.0,Medium
2025-08-01,UA,2629,-0.313868088800207,379.0,Medium
2025-08-01,UA,664,-0.31589328326142746,380.0,Medium
2025-08-01,UA,2635,-0.31862745117377045,381.0,Medium
2025-08-01,UA,1859,-0.31875147887228233,382.0,Medium
2025-08-01,OO,5847,-0.31947017738703065,383.0,Medium
2025-08-01,UA,1920,-0.32692229198205947,384.0,Medium
2025-08-01,UA,2232,-0.329572085173698,385.0,Medium
2025-08-01,UA,1129,-0.3301440952573187,386.0,Medium
2025-08-01,UA,1006,-0.3302143760068846,387.0,Medium
2025-08-01,YX,3465,-0.3305930806833421,388.0,Medium
2025-08-01,UA,2004,-0.33219563352761383,389.0,Medium
2025-08-01,OO,5999,-0.33334469882952455,390.0,Medium
2025-08-01,OO,5868,-0.3370588817998259,391.0,Medium
2025-08-01,OO,5435,-0.3375694772430576,392.0,Medium
2025-08-01,UA,708,-0.33810251617222775,393.0,Medium
2025-08-01,UA,2005,-0.3381603042201603,394.0,Medium
2025-08-01,UA,534,-0.3381647831688586,395.0,Medium
2025-08-01,OO,4809,-0.3386367832640911,396.0,Medium
2025-08-01,UA,2039,-0.3408442215461479,397.0,Medium
2025-08-01,OO,6002,-0.3420969368912844,398.0,Medium
2025-08-01,UA,2635,-0.3429735347121882,399.0,Medium
2025-08-01,OO,6004,-0.3477626203724029,400.0,Medium
2025-08-01,YX,3542,-0.3479063446499603,401.0,Medium
2025-08-01,OO,5392,-0.35005250007368494,402.0,Medium
2025-08-01,OO,5362,-0.35044050854350456,403.0,Medium
2025-08-01,OO,5219,-0.3508559069574609,404.0,Medium
2025-08-01,UA,2189,-0.35114997836084644,405.0,Medium
2025-08-01,OO,5901,-0.3542147300356039,406.0,Medium
2025-08-01,OO,5557,-0.35541209179231514,407.0,Medium
2025-08-01,OO,5405,-0.3555594351618478,408.0,Medium
2025-08-01,G7,4588,-0.3556996531640161,409.0,Medium
2025-08-01,UA,2661,-0.3567314693764965,410.0,Medium
2025-08-01,UA,1414,-0.36139736852553755,411.0,Medium
2025-08-01,OO,5843,-0.36766856099864353,412.0,Medium
2025-08-01,UA,2071,-0.3717953526366889,413.0,Medium
2025-08-01,YX,3422,-0.37377843661618465,414.0,Medium
2025-08-01,UA,2364,-0.37696311509230696,415.0,Medium
2025-08-01,G7,4173,-0.3773000940296577,416.0,Medium
2025-08-01,UA,2677,-0.37743297710938,417.0,Medium
2025-08-01,OO,5608,-0.3775214888150194,418.0,Medium
2025-08-01,UA,1448,-0.37786964217184227,419.0,Medium
2025-08-01,G7,4574,-0.3780564527078901,420.0,Medium
2025-08-01,OO,5810,-0.3785689346495444,421.0,Medium
2025-08-01,UA,1974,-0.3788322552582357,422.0,Easy
2025-08-01,UA,1477,-0.3789775954451996,423.0,Easy
2025-08-01,OO,5269,-0.37952863238876133,424.0,Easy
2025-08-01,OO,5337,-0.37990324505476286,425.0,Easy
2025-08-01,OO,5963,-0.3799135235485208,426.0,Easy
2025-08-01,UA,2684,-0.3808406609455985,427.0,Easy
2025-08-01,G7,4416,-0.3808695833601464,428.0,Easy
2025-08-01,G7,4613,-0.3823070594829077,429.0,Easy
2025-08-01,YX,3409,-0.3835673322728801,430.0,Easy
2025-08-01,UA,482,-0.3873436506207893,431.0,Easy
2025-08-01,OO,5100,-0.3898639847889526,432.0,Easy
2025-08-01,YX,3685,-0.39029139508750305,433.0,Easy
2025-08-01,OO,5712,-0.39033306629317965,434.0,Easy
2025-08-01,YX,3654,-0.39246175526161686,435.0,Easy
2025-08-01,UA,2683,-0.3938964085095902,436.0,Easy
2025-08-01,OO,5262,-0.3989421500089635,437.0,Easy
2025-08-01,UA,2427,-0.4001527206175054,438.0,Easy
2025-08-01,OO,5135,-0.40026352823773026,439.0,Easy
2025-08-01,UA,1082,-0.4031442035217224,440.0,Easy
2025-08-01,OO,5610,-0.4037652485716814,441.0,Easy
2025-08-01,UA,2369,-0.4043922003153177,442.0,Easy
2025-08-01,OO,5375,-0.40546170433824413,443.0,Easy
2025-08-01,YX,3498,-0.40619109561728156,444.0,Easy
2025-08-01,OO,5821,-0.40826669322344833,445.0,Easy
2025-08-01,YX,3520,-0.40842063789446825,446.0,Easy
2025-08-01,G7,4611,-0.4119100528425416,447.0,Easy
2025-08-01,OO,5836,-0.41346414060496894,448.0,Easy
2025-08-01,OO,5474,-0.4159891172486517,449.0,Easy
2025-08-01,G7,4558,-0.41819132373438067,450.0,Easy
2025-08-01,G7,4482,-0.4187808252383269,451.0,Easy
2025-08-01,G7,4568,-0.4203765158612515,452.0,Easy
2025-08-01,G7,4476,-0.4205079565705473,453.0,Easy
2025-08-01,UA,1741,-0.4229271526938096,454.0,Easy
2025-08-01,UA,1297,-0.42680866848337706,455.0,Easy
2025-08-01,G7,4431,-0.42731576044413955,456.0,Easy
2025-08-01,G7,4529,-0.42756890335905556,457.0,Easy
2025-08-01,UA,1933,-0.4293303226135788,458.0,Easy
2025-08-01,G7,4546,-0.43064897712030975,459.0,Easy
2025-08-01,UA,312,-0.43426353972170384,460.0,Easy
2025-08-01,G7,4504,-0.4410682869573083,461.0,Easy
2025-08-01,OO,5585,-0.44168586957060063,462.0,Easy
2025-08-01,OO,5099,-0.44353116071658794,463.0,Easy
2025-08-01,UA,793,-0.4442250289153322,464.0,Easy
2025-08-01,OO,4766,-0.446067917054914,465.0,Easy
2025-08-01,G7,4468,-0.4479948631736683,466.0,Easy
2025-08-01,G7,4600,-0.4532740092110619,467.0,Easy
2025-08-01,G7,4390,-0.4543232637820201,468.0,Easy
2025-08-01,G7,4436,-0.45488490569321605,469.0,Easy
2025-08-01,G7,4590,-0.45831603273118493,470.0,Easy
2025-08-01,OO,5253,-0.4592879450821206,471.0,Easy
2025-08-01,UA,533,-0.461474577594752,472.0,Easy
2025-08-01,OO,5763,-0.46195898163428634,473.0,Easy
2025-08-01,OO,4739,-0.4647301681521451,474.0,Easy
2025-08-01,UA,1525,-0.46673251596212245,475.0,Easy
2025-08-01,OO,5874,-0.4675219923690877,476.0,Easy
2025-08-01,YX,3523,-0.4677941206044539,477.0,Easy
2025-08-01,YX,3655,-0.4700832327760819,478.0,Easy
2025-08-01,UA,587,-0.472922381415354,479.0,Easy
2025-08-01,UA,1069,-0.4732774563656894,480.0,Easy
2025-08-01,UA,1576,-0.473944074029944,481.0,Easy
2025-08-01,OO,5420,-0.47588726160717076,482.0,Easy
2025-08-01,G7,4458,-0.4769566494028297,483.0,Easy
2025-08-01,UA,2113,-0.4769772108038992,484.0,Easy
2025-08-01,G7,4184,-0.47933432814005406,485.0,Easy
2025-08-01,OO,5930,-0.48162715819446006,486.0,Easy
2025-08-01,OO,5250,-0.4986427438764897,487.0,Easy
2025-08-01,G7,4517,-0.49913401541995683,488.0,Easy
2025-08-01,OO,5118,-0.4998697397296132,489.0,Easy
2025-08-01,UA,2640,-0.5000976698139655,490.0,Easy
2025-08-01,OO,5493,-0.5025799245543401,491.0,Easy
2025-08-01,UA,2628,-0.5027097532242171,492.0,Easy
2025-08-01,G7,4549,-0.5029780966096284,493.0,Easy
2025-08-01,OO,5564,-0.5071901961616107,494.0,Easy
2025-08-01,OO,5729,-0.5084281469159828,495.0,Easy
2025-08-01,OO,5731,-0.5105519491026062,496.0,Easy
2025-08-01,OO,5290,-0.5122657588000236,497.0,Easy
2025-08-01,OO,5538,-0.5129621920971078,498.0,Easy
2025-08-01,UA,466,-0.5171826114928342,499.0,Easy
2025-08-01,OO,5568,-0.5172162250367114,500.0,Easy
2025-08-01,UA,476,-0.518797749897592,501.0,Easy
2025-08-01,YX,3700,-0.5204011777162036,502.0,Easy
2025-08-01,OO,5094,-0.5232757731529161,503.0,Easy
2025-08-01,YX,3569,-0.5233463698888774,504.0,Easy
2025-08-01,YX,3468,-0.5262509012787319,505.0,Easy
2025-08-01,OO,5984,-0.5321410273005858,506.0,Easy
2025-08-01,OO,5045,-0.5334594147003138,507.0,Easy
2025-08-01,OO,5637,-0.5345221826213357,508.0,Easy
2025-08-01,OO,5517,-0.5358595649856329,509.0,Easy
2025-08-01,UA,1655,-0.5367695368962668,510.0,Easy
2025-08-01,YX,3718,-0.548626059808229,511.0,Easy
2025-08-01,OO,5353,-0.5512915274922722,512.0,Easy
2025-08-01,OO,5643,-0.5538933686620474,513.0,Easy
2025-08-01,G7,4387,-0.5540915890120051,514.0,Easy
2025-08-01,OO,5526,-0.5583631328490046,515.0,Easy
2025-08-01,YX,3493,-0.5613843446710851,516.0,Easy
2025-08-01,UA,276,-0.5614007216144322,517.0,Easy
2025-08-01,G7,4554,-0.5618105868726223,518.0,Easy
2025-08-01,OO,5988,-0.5630220537073973,519.0,Easy
2025-08-01,OO,5427,-0.5651398373941242,520.0,Easy
2025-08-01,G7,4391,-0.5652599221715916,521.0,Easy
2025-08-01,G7,4429,-0.5661945593206363,522.0,Easy
2025-08-01,OO,4790,-0.5672469325206327,523.0,Easy
2025-08-01,UA,2184,-0.5680502260606848,524.0,Easy
2025-08-01,OO,5275,-0.572195856817161,525.0,Easy
2025-08-01,YX,3694,-0.5755051248385848,526.0,Easy
2025-08-01,UA,2343,-0.5783282487347152,527.0,Easy
2025-08-01,OO,5215,-0.5784521059650349,528.0,Easy
2025-08-01,OO,5565,-0.5819273493798067,529.0,Easy
2025-08-01,G7,4507,-0.5827161849438617,530.0,Easy
2025-08-01,OO,5946,-0.5883824883702494,531.0,Easy
2025-08-01,G7,4502,-0.5891011048537953,532.0,Easy
2025-08-01,G7,4426,-0.5898890954343148,533.0,Easy
2025-08-01,OO,5964,-0.5902621279599667,534.0,Easy
2025-08-01,OO,4791,-0.5912199796749473,535.0,Easy
2025-08-01,G7,4395,-0.5954740126145509,536.0,Easy
2025-08-01,G7,4563,-0.5954842911083088,537.0,Easy
2025-08-01,G7,4552,-0.5988215464780658,538.0,Easy
2025-08-01,YX,3598,-0.6005839407948598,539.0,Easy
2025-08-01,OO,5382,-0.601295548594056,540.0,Easy
2025-08-01,OO,5646,-0.6051400535465428,541.0,Easy
2025-08-01,YX,3708,-0.6072092078716538,542.0,Easy
2025-08-01,G7,4559,-0.6085381818632843,543.0,Easy
2025-08-01,OO,5469,-0.6088128429765195,544.0,Easy
2025-08-01,OO,5234,-0.6103937515030297,545.0,Easy
2025-08-01,G7,4519,-0.6205176412298622,546.0,Easy
2025-08-01,OO,5230,-0.6416734960415141,547.0,Easy
2025-08-01,OO,5225,-0.6463321296027631,548.0,Easy
2025-08-01,OO,5360,-0.6509965380551136,549.0,Easy
2025-08-01,UA,1941,-0.657282276970229,550.0,Easy
2025-08-01,OO,5124,-0.6623164451486969,551.0,Easy
2025-08-01,UA,1693,-0.6777336568623015,552.0,Easy
2025-08-01,G7,4186,-0.6793546350955124,553.0,Easy
2025-08-01,G7,4610,-0.6902885735912657,554.0,Easy
2025-08-01,OO,5977,-0.693015092587979,555.0,Easy
2025-08-01,OO,5026,-0.7019844288144017,556.0,Easy
2025-08-01,OO,4718,-0.7031372080757339,557.0,Easy
2025-08-01,OO,5020,-0.7387413749504477,558.0,Easy
2025-08-01,UA,669,-0.7650355436181767,559.0,Easy
2025-08-01,UA,2627,-0.8292553947751926,560.0,Easy
2025-08-01,OO,5121,-0.9891846463876258,561.0,Easy
2025-08-02,UA,2133,4.6561512950667066,1.0,Difficult
2025-08-02,UA,944,3.555480691201147,2.0,Difficult
2025-08-02,OO,5125,3.3027012580057717,3.0,Difficult
2025-08-02,UA,920,2.6568761010830846,4.0,Difficult
2025-08-02,OO,5643,2.5115308376999987,5.0,Difficult
2025-08-02,UA,972,2.4098991137429815,6.0,Difficult
2025-08-02,UA,881,2.0682850274792446,7.0,Difficult
2025-08-02,UA,845,2.0114063763146244,8.0,Difficult
2025-08-02,UA,1387,2.0097864621046853,9.0,Difficult
2025-08-02,OO,5219,1.8048870289538024,10.0,Difficult
2025-08-02,UA,1996,1.5676311774489462,11.0,Difficult
2025-08-02,UA,356,1.4681270256410954,12.0,Difficult
2025-08-02,UA,2006,1.4542578052345356,13.0,Difficult
2025-08-02,UA,1491,1.3434638508577015,14.0,Difficult
2025-08-02,UA,2649,1.3410077203671125,15.0,Difficult
2025-08-02,UA,343,1.3039139673750493,16.0,Difficult
2025-08-02,OO,5593,1.2596951628536182,17.0,Difficult
2025-08-02,UA,611,1.175177862736958,18.0,Difficult
2025-08-02,UA,2138,1.12558369191302,19.0,Difficult
2025-08-02,UA,1044,1.1171889661023942,20.0,Difficult
2025-08-02,UA,416,1.0895835376669623,21.0,Difficult
2025-08-02,UA,2361,1.0834321174719572,22.0,Difficult
2025-08-02,UA,534,1.076437513842428,23.0,Difficult
2025-08-02,OO,5821,1.0760724920142237,24.0,Difficult
2025-08-02,G7,4186,1.0665812791902618,25.0,Difficult
2025-08-02,UA,286,1.0654978183838562,26.0,Difficult
2025-08-02,UA,422,1.0458572527151067,27.0,Difficult
2025-08-02,UA,1823,1.0430294307798222,28.0,Difficult
2025-08-02,UA,1205,1.0248945285823563,29.0,Difficult
2025-08-02,G7,4474,1.012300019465362,30.0,Difficult
2025-08-02,UA,1068,1.0093721773101423,31.0,Difficult
2025-08-02,UA,2099,0.9946120139967952,32.0,Difficult
2025-08-02,UA,1599,0.9924522381449279,33.0,Difficult
2025-08-02,UA,1811,0.9719885514860517,34.0,Difficult
2025-08-02,UA,359,0.9719293085916787,35.0,Difficult
2025-08-02,UA,660,0.9250274169657114,36.0,Difficult
2025-08-02,UA,695,0.8772767337164613,37.0,Difficult
2025-08-02,UA,1975,0.8389602926438086,38.0,Difficult
2025-08-02,UA,907,0.8093409530580411,39.0,Difficult
2025-08-02,UA,202,0.7794038739207751,40.0,Difficult
2025-08-02,OO,5344,0.7391334176277236,41.0,Difficult
2025-08-02,UA,1421,0.7347820399889174,42.0,Difficult
2025-08-02,UA,468,0.7338617081746575,43.0,Difficult
2025-08-02,UA,2677,0.7335220961996767,44.0,Difficult
2025-08-02,UA,1291,0.7103298361517311,45.0,Difficult
2025-08-02,UA,380,0.6930277270431193,46.0,Difficult
2025-08-02,UA,1801,0.6920541446043188,47.0,Difficult
2025-08-02,UA,1347,0.6829129777909015,48.0,Difficult
2025-08-02,UA,1577,0.6795244342645548,49.0,Difficult
2025-08-02,OO,5292,0.6663922848339522,50.0,Difficult
2025-08-02,UA,953,0.6481604316965083,51.0,Difficult
2025-08-02,UA,970,0.6474217279841407,52.0,Difficult
2025-08-02,UA,1010,0.6473518202264643,53.0,Difficult
2025-08-02,OO,5763,0.6433616053736361,54.0,Difficult
2025-08-02,UA,1224,0.6412972885759672,55.0,Difficult
2025-08-02,UA,1314,0.6366983821060724,56.0,Difficult
2025-08-02,OO,5984,0.6155307060186146,57.0,Difficult
2025-08-02,UA,411,0.6033614200860022,58.0,Difficult
2025-08-02,UA,2104,0.5871607448431302,59.0,Difficult
2025-08-02,UA,929,0.5839742570113938,60.0,Difficult
2025-08-02,UA,2278,0.5788522471095962,61.0,Difficult
2025-08-02,UA,2201,0.5657422250890829,62.0,Difficult
2025-08-02,UA,1452,0.5514024416522353,63.0,Difficult
2025-08-02,UA,622,0.5494784123064673,64.0,Difficult
2025-08-02,UA,580,0.5486304180895991,65.0,Difficult
2025-08-02,UA,2144,0.5477017086837747,66.0,Difficult
2025-08-02,UA,445,0.5469231993121062,67.0,Difficult
2025-08-02,UA,2684,0.5428330473723353,68.0,Difficult
2025-08-02,UA,576,0.5346174963698271,69.0,Difficult
2025-08-02,YX,3614,0.5301217437895185,70.0,Difficult
2025-08-02,YX,3568,0.5286229272310536,71.0,Difficult
2025-08-02,G7,4460,0.5239014990077029,72.0,Difficult
2025-08-02,OO,4809,0.51122351475665,73.0,Difficult
2025-08-02,OO,5490,0.5002068439932317,74.0,Difficult
2025-08-02,UA,758,0.4991531241840194,75.0,Difficult
2025-08-02,UA,2666,0.487247515824199,76.0,Difficult
2025-08-02,UA,2616,0.4852920810559056,77.0,Difficult
2025-08-02,UA,2302,0.4821683422337986,78.0,Difficult
2025-08-02,UA,1872,0.48090312945048364,79.0,Difficult
2025-08-02,UA,1006,0.47451751835991773,80.0,Difficult
2025-08-02,UA,219,0.4729608923803212,81.0,Difficult
2025-08-02,UA,1740,0.4617268884509559,82.0,Difficult
2025-08-02,UA,2287,0.4609720792743025,83.0,Difficult
2025-08-02,UA,2658,0.4548750996091477,84.0,Difficult
2025-08-02,UA,1785,0.4362068988342099,85.0,Difficult
2025-08-02,UA,2672,0.4358061295657103,86.0,Difficult
2025-08-02,UA,482,0.4335674581711138,87.0,Difficult
2025-08-02,OO,5852,0.4321749984198943,88.0,Difficult
2025-08-02,UA,2657,0.41745076646509566,89.0,Difficult
2025-08-02,UA,563,0.41596251356721975,90.0,Difficult
2025-08-02,UA,2039,0.41354194719062565,91.0,Difficult
2025-08-02,UA,1643,0.41039261028283913,92.0,Difficult
2025-08-02,UA,938,0.3942125801407423,93.0,Difficult
2025-08-02,UA,1879,0.38525624047897405,94.0,Difficult
2025-08-02,UA,1616,0.3794258720469463,95.0,Difficult
2025-08-02,UA,2290,0.37864563849009425,96.0,Difficult
2025-08-02,UA,1933,0.37520336215519534,97.0,Difficult
2025-08-02,UA,2333,0.37026239185413135,98.0,Difficult
2025-08-02,UA,2455,0.3702376998397024,99.0,Difficult
2025-08-02,UA,1270,0.3538964222004873,100.0,Difficult
2025-08-02,UA,1215,0.3534912289836605,101.0,Difficult
2025-08-02,UA,2418,0.34801240626580343,102.0,Difficult
2025-08-02,UA,1659,0.34688377772276285,103.0,Difficult
2025-08-02,OO,5376,0.3460801207396718,104.0,Difficult
2025-08-02,G7,4425,0.333253133036436,105.0,Difficult
2025-08-02,UA,1857,0.33071784430543083,106.0,Difficult
2025-08-02,UA,1120,0.3146404473291368,107.0,Difficult
2025-08-02,UA,1304,0.2989160043237938,108.0,Difficult
2025-08-02,UA,2483,0.2963201594902235,109.0,Difficult
2025-08-02,UA,2100,0.2890161697668361,110.0,Difficult
2025-08-02,UA,293,0.2851637191004848,111.0,Difficult
2025-08-02,UA,2424,0.28331761107728254,112.0,Difficult
2025-08-02,UA,1531,0.2820959666185737,113.0,Difficult
2025-08-02,OO,5362,0.2794476016443405,114.0,Difficult
2025-08-02,UA,1146,0.2794264304288222,115.0,Difficult
2025-08-02,G7,4188,0.27862866167904554,116.0,Difficult
2025-08-02,OO,5652,0.2745020174435273,117.0,Difficult
2025-08-02,UA,1100,0.27197364458824785,118.0,Difficult
2025-08-02,OO,5251,0.2689981100259007,119.0,Difficult
2025-08-02,UA,2337,0.2688897727153943,120.0,Difficult
2025-08-02,G7,4380,0.2568215916337099,121.0,Difficult
2025-08-02,UA,2226,0.25486236722244165,122.0,Difficult
2025-08-02,UA,1082,0.2471589105929473,123.0,Difficult
2025-08-02,OO,5269,0.237292869474727,124.0,Difficult
2025-08-02,YX,3520,0.23456164528149806,125.0,Difficult
2025-08-02,OO,5859,0.2317184576770864,126.0,Difficult
2025-08-02,UA,1252,0.22813197292176574,127.0,Difficult
2025-08-02,UA,2389,0.22798309717286125,128.0,Difficult
2025-08-02,UA,118,0.22750785494489112,129.0,Difficult
2025-08-02,UA,2071,0.22713033742869554,130.0,Difficult
2025-08-02,UA,503,0.21825669885410687,131.0,Medium
2025-08-02,UA,909,0.21542951860627696,132.0,Medium
2025-08-02,UA,556,0.21222852636774467,133.0,Medium
2025-08-02,OO,5358,0.20521745388584106,134.0,Medium
2025-08-02,UA,1967,0.19797474921775188,135.0,Medium
2025-08-02,UA,2494,0.19404577862097,136.0,Medium
2025-08-02,UA,2148,0.18751494819806924,137.0,Medium
2025-08-02,YX,3699,0.1840542739012546,138.0,Medium
2025-08-02,OO,5360,0.18302689144014866,139.0,Medium
2025-08-02,UA,664,0.1808106913393976,140.0,Medium
2025-08-02,UA,2200,0.17414899286927255,141.0,Medium
2025-08-02,UA,1983,0.17269290959412087,142.0,Medium
2025-08-02,UA,1144,0.16751852252714594,143.0,Medium
2025-08-02,UA,265,0.1624108730073291,144.0,Medium
2025-08-02,G7,4571,0.16120125979586208,145.0,Medium
2025-08-02,UA,1761,0.15454015949088795,146.0,Medium
2025-08-02,UA,987,0.1477173681674122,147.0,Medium
2025-08-02,UA,1674,0.14252153412591145,148.0,Medium
2025-08-02,UA,1834,0.14205021314238575,149.0,Medium
2025-08-02,UA,1358,0.14189250066502523,150.0,Medium
2025-08-02,UA,2067,0.14039325371538022,151.0,Medium
2025-08-02,UA,1485,0.131161837434199,152.0,Medium
2025-08-02,UA,1775,0.12561971403159627,153.0,Medium
2025-08-02,UA,1168,0.11884460496324165,154.0,Medium
2025-08-02,UA,481,0.11825671985796414,155.0,Medium
2025-08-02,UA,1848,0.10380561154987102,156.0,Medium
2025-08-02,UA,980,0.103083385090217,157.0,Medium
2025-08-02,G7,4463,0.10186477824752987,158.0,Medium
2025-08-02,UA,1030,0.10050109695880785,159.0,Medium
2025-08-02,UA,1658,0.09925757452686584,160.0,Medium
2025-08-02,OO,4636,0.09801956808874328,161.0,Medium
2025-08-02,UA,2414,0.09636768982218562,162.0,Medium
2025-08-02,OO,4792,0.09543839240499007,163.0,Medium
2025-08-02,UA,2155,0.09534277921677006,164.0,Medium
2025-08-02,UA,2426,0.09458658056361727,165.0,Medium
2025-08-02,UA,2195,0.09366733644766445,166.0,Medium
2025-08-02,UA,1612,0.08728862788857947,167.0,Medium
2025-08-02,UA,2387,0.08724598740635586,168.0,Medium
2025-08-02,UA,2113,0.08472917282589952,169.0,Medium
2025-08-02,UA,2225,0.08214500346947504,170.0,Medium
2025-08-02,UA,2202,0.07505031407279576,171.0,Medium
2025-08-02,OO,6002,0.06965618418100969,172.0,Medium
2025-08-02,UA,533,0.06844194926428535,173.0,Medium
2025-08-02,OO,5253,0.06715252252988871,174.0,Medium
2025-08-02,UA,2280,0.045373846390934926,175.0,Medium
2025-08-02,OO,5274,0.04494257719635976,176.0,Medium
2025-08-02,UA,912,0.04450627029351177,177.0,Medium
2025-08-02,G7,4518,0.03914118302826189,178.0,Medium
2025-08-02,UA,1620,0.03487792912687285,179.0,Medium
2025-08-02,G7,4519,0.031677310846645504,180.0,Medium
2025-08-02,UA,2254,0.031421020218519655,181.0,Medium
2025-08-02,UA,2059,0.03126645017000842,182.0,Medium
2025-08-02,UA,399,0.030850696844440695,183.0,Medium
2025-08-02,OO,4739,0.030261848582255866,184.0,Medium
2025-08-02,UA,1584,0.02631745506567852,185.0,Medium
2025-08-02,UA,2665,0.02616239856838659,186.0,Medium
2025-08-02,UA,1363,0.025944478399217888,187.0,Medium
2025-08-02,UA,2394,0.015710046865346203,188.0,Medium
2025-08-02,UA,2417,0.01386607420640612,189.0,Medium
2025-08-02,UA,2090,0.009433311266659784,190.0,Medium
2025-08-02,OO,5977,0.008934931109846764,191.0,Medium
2025-08-02,UA,1414,0.007409104525318212,192.0,Medium
2025-08-02,UA,1328,0.005885970600883708,193.0,Medium
2025-08-02,UA,2075,0.003050330770661795,194.0,Medium
2025-08-02,YX,3681,0.002488276190719046,195.0,Medium
2025-08-02,UA,1113,0.0018404834093402114,196.0,Medium
2025-08-02,UA,2040,-0.003320145629865944,197.0,Medium
2025-08-02,OO,5607,-0.0063913833017471625,198.0,Medium
2025-08-02,UA,1525,-0.009767050211843376,199.0,Medium
2025-08-02,UA,1920,-0.013682374207672592,200.0,Medium
2025-08-02,UA,1448,-0.01546457884361557,201.0,Medium
2025-08-02,UA,2653,-0.018089450910866754,202.0,Medium
2025-08-02,UA,2147,-0.02334760997147913,203.0,Medium
2025-08-02,UA,1899,-0.02574322110777748,204.0,Medium
2025-08-02,UA,2179,-0.028692539844410895,205.0,Medium
2025-08-02,G7,4479,-0.03195654639519346,206.0,Medium
2025-08-02,UA,1617,-0.032103606641271855,207.0,Medium
2025-08-02,OO,5748,-0.03269348395515377,208.0,Medium
2025-08-02,UA,1660,-0.033367360850858216,209.0,Medium
2025-08-02,OO,5637,-0.033657503126558255,210.0,Medium
2025-08-02,UA,2172,-0.035581171136271496,211.0,Medium
2025-08-02,OO,5099,-0.03731265771915538,212.0,Medium
2025-08-02,UA,2011,-0.037475692786724524,213.0,Medium
2025-08-02,UA,2652,-0.039194998480174936,214.0,Medium
2025-08-02,UA,2440,-0.04065572727637537,215.0,Medium
2025-08-02,UA,1776,-0.04207845690319688,216.0,Medium
2025-08-02,UA,769,-0.043188720676188175,217.0,Medium
2025-08-02,YX,3409,-0.04374952332954574,218.0,Medium
2025-08-02,UA,276,-0.04548349076119927,219.0,Medium
2025-08-02,UA,2211,-0.04698829277012283,220.0,Medium
2025-08-02,UA,617,-0.04779039654535944,221.0,Medium
2025-08-02,OO,5790,-0.05068925048283825,222.0,Medium
2025-08-02,UA,1306,-0.05171574716589124,223.0,Medium
2025-08-02,UA,1301,-0.05510174893318467,224.0,Medium
2025-08-02,UA,275,-0.059465464699670845,225.0,Medium
2025-08-02,UA,2629,-0.0607004866352312,226.0,Medium
2025-08-02,UA,1580,-0.06092696738554326,227.0,Medium
2025-08-02,UA,2176,-0.061580795936436505,228.0,Medium
2025-08-02,UA,1693,-0.06359626675429854,229.0,Medium
2025-08-02,UA,609,-0.06363140350027005,230.0,Medium
2025-08-02,YX,3638,-0.06983174731825907,231.0,Medium
2025-08-02,YX,3433,-0.07353046390201945,232.0,Medium
2025-08-02,UA,1741,-0.07520640639796174,233.0,Medium
2025-08-02,UA,600,-0.07535536479627748,234.0,Medium
2025-08-02,UA,1878,-0.07604750066361993,235.0,Medium
2025-08-02,UA,1209,-0.07833900666571242,236.0,Medium
2025-08-02,UA,2862,-0.07979370281456552,237.0,Medium
2025-08-02,YX,3465,-0.08146549245330077,238.0,Medium
2025-08-02,G7,4546,-0.08649951724935698,239.0,Medium
2025-08-02,UA,288,-0.08702574371853403,240.0,Medium
2025-08-02,UA,2323,-0.09191446223078865,241.0,Medium
2025-08-02,UA,2488,-0.10009062066229195,242.0,Medium
2025-08-02,UA,1677,-0.1026878504431216,243.0,Medium
2025-08-02,UA,2182,-0.10429778160317651,244.0,Medium
2025-08-02,OO,5833,-0.10441155472151725,245.0,Medium
2025-08-02,UA,1941,-0.10954440332018646,246.0,Medium
2025-08-02,UA,1594,-0.11531346618751394,247.0,Medium
2025-08-02,UA,2008,-0.1191074841030214,248.0,Medium
2025-08-02,UA,764,-0.12047932460186198,249.0,Medium
2025-08-02,UA,342,-0.12187202872031086,250.0,Medium
2025-08-02,UA,1297,-0.12443269582979392,251.0,Medium
2025-08-02,OO,5603,-0.12806121639473575,252.0,Medium
2025-08-02,UA,1842,-0.12901911016969633,253.0,Medium
2025-08-02,UA,592,-0.12958013524185635,254.0,Medium
2025-08-02,G7,4185,-0.13694961038251718,255.0,Medium
2025-08-02,UA,2154,-0.1424796016857684,256.0,Medium
2025-08-02,UA,312,-0.14282428471787442,257.0,Medium
2025-08-02,UA,1583,-0.14338003104798863,258.0,Medium
2025-08-02,OO,5309,-0.14867868880821206,259.0,Medium
2025-08-02,UA,1923,-0.1487574536323174,260.0,Medium
2025-08-02,UA,2401,-0.15097453170265282,261.0,Medium
2025-08-02,UA,1634,-0.15367059147500717,262.0,Medium
2025-08-02,UA,224,-0.15434242766145695,263.0,Medium
2025-08-02,OO,5493,-0.15841822795282018,264.0,Medium
2025-08-02,UA,1495,-0.15857728933950907,265.0,Medium
2025-08-02,UA,1135,-0.1618684041690968,266.0,Medium
2025-08-02,UA,767,-0.16276596197079557,267.0,Medium
2025-08-02,UA,374,-0.16311985273289611,268.0,Medium
2025-08-02,UA,2364,-0.16315647918362514,269.0,Medium
2025-08-02,UA,729,-0.16321557878274953,270.0,Medium
2025-08-02,UA,1538,-0.1633367533803175,271.0,Medium
2025-08-02,UA,1815,-0.1636274320710973,272.0,Medium
2025-08-02,UA,3,-0.16443042524287232,273.0,Medium
2025-08-02,UA,788,-0.1658687992252013,274.0,Medium
2025-08-02,G7,4458,-0.16796362985713978,275.0,Medium
2025-08-02,G7,4416,-0.1686694474278968,276.0,Medium
2025-08-02,YX,3523,-0.17503763198233596,277.0,Medium
2025-08-02,UA,1124,-0.17614276755070085,278.0,Medium
2025-08-02,UA,791,-0.1801743532095597,279.0,Medium
2025-08-02,UA,1239,-0.18288511252842915,280.0,Medium
2025-08-02,UA,782,-0.1853379394543509,281.0,Medium
2025-08-02,UA,2184,-0.18871252470104002,282.0,Medium
2025-08-02,UA,739,-0.1913837067726616,283.0,Medium
2025-08-02,G7,4406,-0.19477150090978396,284.0,Medium
2025-08-02,UA,1803,-0.19491406121621563,285.0,Medium
2025-08-02,UA,2683,-0.19631365397841244,286.0,Medium
2025-08-02,OO,5290,-0.19811923868696463,287.0,Medium
2025-08-02,OO,5021,-0.20095127733977525,288.0,Medium
2025-08-02,OO,5568,-0.20173961057256243,289.0,Medium
2025-08-02,UA,2347,-0.20174649998643127,290.0,Medium
2025-08-02,UA,1974,-0.20486745118776065,291.0,Medium
2025-08-02,OO,5474,-0.20598851194174944,292.0,Medium
2025-08-02,OO,5289,-0.2104522058925872,293.0,Medium
2025-08-02,UA,1921,-0.21344201037565463,294.0,Medium
2025-08-02,UA,310,-0.21850567394162068,295.0,Medium
2025-08-02,OO,5425,-0.21898073690004977,296.0,Medium
2025-08-02,UA,786,-0.2226592533814796,297.0,Medium
2025-08-02,UA,1377,-0.22404480607208324,298.0,Medium
2025-08-02,UA,763,-0.22483628756869117,299.0,Medium
2025-08-02,OO,4766,-0.22492704489848897,300.0,Medium
2025-08-02,OO,4638,-0.22538070957694897,301.0,Medium
2025-08-02,UA,1576,-0.22772592963823823,302.0,Medium
2025-08-02,G7,4445,-0.22976147326073226,303.0,Medium
2025-08-02,OO,5250,-0.22998791747316055,304.0,Medium
2025-08-02,UA,1859,-0.23229983340819968,305.0,Medium
2025-08-02,OO,5534,-0.233853423390262,306.0,Medium
2025-08-02,OO,5444,-0.23436048341124222,307.0,Medium
2025-08-02,UA,2465,-0.23462708785294306,308.0,Medium
2025-08-02,UA,1756,-0.23587317954723314,309.0,Medium
2025-08-02,UA,1403,-0.23885746955454526,310.0,Medium
2025-08-02,OO,5472,-0.23922367078643342,311.0,Medium
2025-08-02,UA,2481,-0.24220925597888956,312.0,Medium
2025-08-02,UA,587,-0.24375831142984639,313.0,Medium
2025-08-02,UA,2430,-0.2439484934707367,314.0,Medium
2025-08-02,OO,5980,-0.24407637470338345,315.0,Medium
2025-08-02,OO,5447,-0.24726985161706952,316.0,Medium
2025-08-02,UA,1324,-0.2478595056764478,317.0,Medium
2025-08-02,G7,4497,-0.2479103806763005,318.0,Medium
2025-08-02,G7,4194,-0.2508612735578648,319.0,Medium
2025-08-02,UA,2369,-0.2512893074525283,320.0,Medium
2025-08-02,UA,2137,-0.25201338851652333,321.0,Medium
2025-08-02,UA,1909,-0.25393819308859267,322.0,Medium
2025-08-02,UA,1269,-0.261808623230666,323.0,Medium
2025-08-02,OO,5930,-0.2687548259453553,324.0,Medium
2025-08-02,OO,5505,-0.2706815838592932,325.0,Medium
2025-08-02,UA,1710,-0.27126538120985194,326.0,Medium
2025-08-02,OO,5729,-0.27225664235799407,327.0,Medium
2025-08-02,UA,1708,-0.27538097707850495,328.0,Medium
2025-08-02,UA,1178,-0.27602958365215147,329.0,Medium
2025-08-02,G7,4468,-0.28292722378686874,330.0,Medium
2025-08-02,OO,5946,-0.283184886279359,331.0,Medium
2025-08-02,OO,5353,-0.2839025435945143,332.0,Medium
2025-08-02,OO,5230,-0.28960715180639635,333.0,Medium
2025-08-02,UA,1361,-0.2898685017809955,334.0,Medium
2025-08-02,YX,3536,-0.2924933616068868,335.0,Medium
2025-08-02,YX,3715,-0.29497763317934866,336.0,Medium
2025-08-02,OO,5383,-0.29907205390804437,337.0,Medium
2025-08-02,OO,5262,-0.29989275877860805,338.0,Medium
2025-08-02,OO,5841,-0.3005419738408241,339.0,Medium
2025-08-02,UA,291,-0.3011642631595025,340.0,Medium
2025-08-02,OO,5469,-0.30143023624229665,341.0,Medium
2025-08-02,UA,490,-0.3057781045670687,342.0,Medium
2025-08-02,YX,3694,-0.31005217894133563,343.0,Medium
2025-08-02,UA,1742,-0.3119355793051176,344.0,Medium
2025-08-02,OO,5314,-0.31477220997928484,345.0,Medium
2025-08-02,G7,4559,-0.3185554381241354,346.0,Medium
2025-08-02,OO,4757,-0.31874739551862913,347.0,Medium
2025-08-02,UA,602,-0.31929279091450785,348.0,Medium
2025-08-02,G7,4491,-0.32281554943698176,349.0,Medium
2025-08-02,OO,5849,-0.32616549210831114,350.0,Medium
2025-08-02,OO,5847,-0.32679397217139255,351.0,Medium
2025-08-02,OO,5795,-0.3277427507015305,352.0,Medium
2025-08-02,OO,5427,-0.32933097678787154,353.0,Medium
2025-08-02,G7,4452,-0.3294514171998921,354.0,Medium
2025-08-02,YX,3667,-0.3296425995340576,355.0,Medium
2025-08-02,OO,5538,-0.3312747676818297,356.0,Medium
2025-08-02,YX,3598,-0.33141925530489347,357.0,Medium
2025-08-02,YX,3707,-0.3317581523785646,358.0,Medium
2025-08-02,OO,5915,-0.3359062994313441,359.0,Medium
2025-08-02,OO,5118,-0.3365079901743193,360.0,Medium
2025-08-02,G7,4502,-0.3369451849629321,361.0,Medium
2025-08-02,UA,1492,-0.33699971155151365,362.0,Medium
2025-08-02,OO,5094,-0.33855647958413565,363.0,Medium
2025-08-02,UA,1793,-0.3390128848047623,364.0,Medium
2025-08-02,G7,4395,-0.3395932979369621,365.0,Medium
2025-08-02,YX,3641,-0.34414038532317465,366.0,Medium
2025-08-02,YX,3493,-0.3453742349279211,367.0,Medium
2025-08-02,UA,1097,-0.34668969337259675,368.0,Medium
2025-08-02,G7,4558,-0.34749785493103447,369.0,Medium
2025-08-02,OO,5737,-0.3481598447878911,370.0,Medium
2025-08-02,OO,5601,-0.34911019305829954,371.0,Medium
2025-08-02,G7,4517,-0.35066681207090533,372.0,Medium
2025-08-02,G7,4588,-0.35219321112349444,373.0,Medium
2025-08-02,OO,5020,-0.3524988663885811,374.0,Medium
2025-08-02,UA,2343,-0.3527468852271846,375.0,Medium
2025-08-02,OO,5565,-0.3544700868809783,376.0,Medium
2025-08-02,YX,3605,-0.35548209350869314,377.0,Medium
2025-08-02,UA,1502,-0.3570413188612793,378.0,Medium
2025-08-02,UA,1657,-0.35861928317174785,379.0,Medium
2025-08-02,G7,4476,-0.3601809263791875,380.0,Medium
2025-08-02,G7,4610,-0.36033499326117574,381.0,Medium
2025-08-02,UA,708,-0.36437868395585865,382.0,Medium
2025-08-02,OO,5810,-0.3643882395530384,383.0,Medium
2025-08-02,UA,2609,-0.36693384700273646,384.0,Medium
2025-08-02,YX,3628,-0.37088383283185133,385.0,Medium
2025-08-02,UA,2385,-0.3716888448356073,386.0,Medium
2025-08-02,UA,349,-0.373186479369228,387.0,Medium
2025-08-02,UA,2005,-0.37347912067905636,388.0,Medium
2025-08-02,G7,4563,-0.37492546039062175,389.0,Medium
2025-08-02,OO,5646,-0.37684241064507057,390.0,Medium
2025-08-02,OO,5122,-0.3805847785602185,391.0,Easy
2025-08-02,OO,5437,-0.3810554410967951,392.0,Easy
2025-08-02,UA,1655,-0.3868666743214676,393.0,Easy
2025-08-02,UA,1564,-0.38815577611767,394.0,Easy
2025-08-02,OO,5323,-0.388303693084155,395.0,Easy
2025-08-02,OO,5631,-0.3890627980666488,396.0,Easy
2025-08-02,YX,3716,-0.3895070723679271,397.0,Easy
2025-08-02,G7,4461,-0.39246702052444854,398.0,Easy
2025-08-02,G7,4387,-0.39373575371893144,399.0,Easy
2025-08-02,OO,5726,-0.39445388291600875,400.0,Easy
2025-08-02,UA,1156,-0.39715793950033607,401.0,Easy
2025-08-02,UA,1198,-0.40162614059415425,402.0,Easy
2025-08-02,YX,3604,-0.4037864854586237,403.0,Easy
2025-08-02,UA,2618,-0.40689045682798636,404.0,Easy
2025-08-02,OO,5608,-0.40739268151658203,405.0,Easy
2025-08-02,OO,5215,-0.4084329624130381,406.0,Easy
2025-08-02,YX,3668,-0.40884927235558854,407.0,Easy
2025-08-02,UA,2370,-0.4119393910534428,408.0,Easy
2025-08-02,G7,4436,-0.4149504668593703,409.0,Easy
2025-08-02,UA,307,-0.4205394208301304,410.0,Easy
2025-08-02,OO,5499,-0.42097450591778357,411.0,Easy
2025-08-02,YX,3700,-0.4216169435472282,412.0,Easy
2025-08-02,UA,1477,-0.42545332771472355,413.0,Easy
2025-08-02,UA,1398,-0.4255157717693465,414.0,Easy
2025-08-02,G7,4613,-0.4258471276657014,415.0,Easy
2025-08-02,UA,2092,-0.4276020727110874,416.0,Easy
2025-08-02,UA,1182,-0.42901838371256484,417.0,Easy
2025-08-02,UA,2177,-0.42909497889159715,418.0,Easy
2025-08-02,OO,5429,-0.4296525114749361,419.0,Easy
2025-08-02,YX,3569,-0.4303446473422785,420.0,Easy
2025-08-02,YX,3535,-0.4332034058092691,421.0,Easy
2025-08-02,YX,3693,-0.43626091264946343,422.0,Easy
2025-08-02,UA,1989,-0.44027327561934665,423.0,Easy
2025-08-02,OO,5905,-0.4405484905506929,424.0,Easy
2025-08-02,UA,2243,-0.44171466504614754,425.0,Easy
2025-08-02,OO,5819,-0.4423393753384868,426.0,Easy
2025-08-02,OO,5555,-0.44374397051790665,427.0,Easy
2025-08-02,YX,3610,-0.4444753684201018,428.0,Easy
2025-08-02,OO,5234,-0.44625996995907624,429.0,Easy
2025-08-02,UA,777,-0.44763469334018163,430.0,Easy
2025-08-02,UA,1258,-0.44812282109608137,431.0,Easy
2025-08-02,YX,3402,-0.44933338283405916,432.0,Easy
2025-08-02,OO,5624,-0.4500282070555036,433.0,Easy
2025-08-02,YX,3542,-0.4567382604924317,434.0,Easy
2025-08-02,G7,4501,-0.4578491284082371,435.0,Easy
2025-08-02,YX,3468,-0.45819276524473873,436.0,Easy
2025-08-02,OO,5392,-0.4588742535740467,437.0,Easy
2025-08-02,G7,4391,-0.46608122848384237,438.0,Easy
2025-08-02,OO,5448,-0.46908633949620593,439.0,Easy
2025-08-02,UA,1069,-0.46924599653523824,440.0,Easy
2025-08-02,OO,5874,-0.47001273899581575,441.0,Easy
2025-08-02,OO,5521,-0.4700674387343729,442.0,Easy
2025-08-02,OO,5103,-0.47029377989031723,443.0,Easy
2025-08-02,OO,5226,-0.4748651151839187,444.0,Easy
2025-08-02,G7,4599,-0.47957499188456004,445.0,Easy
2025-08-02,OO,5038,-0.4803844574790998,446.0,Easy
2025-08-02,OO,4645,-0.4810786704418847,447.0,Easy
2025-08-02,OO,5470,-0.4813937333461464,448.0,Easy
2025-08-02,OO,5610,-0.48234249184786815,449.0,Easy
2025-08-02,OO,5405,-0.48316666574918943,450.0,Easy
2025-08-02,OO,4791,-0.4839060337940563,451.0,Easy
2025-08-02,G7,4390,-0.48465527422424537,452.0,Easy
2025-08-02,YX,3690,-0.486191701440857,453.0,Easy
2025-08-02,G7,4585,-0.4863814597017167,454.0,Easy
2025-08-02,G7,4504,-0.4863849321620271,455.0,Easy
2025-08-02,UA,1778,-0.48716542511758976,456.0,Easy
2025-08-02,OO,5668,-0.4871940359810797,457.0,Easy
2025-08-02,OO,5526,-0.48886243516512995,458.0,Easy
2025-08-02,G7,4451,-0.4896509818669673,459.0,Easy
2025-08-02,UA,467,-0.4896765059589966,460.0,Easy
2025-08-02,OO,5557,-0.49203175408048816,461.0,Easy
2025-08-02,UA,2487,-0.4944628292903145,462.0,Easy
2025-08-02,YX,3635,-0.4978874742682352,463.0,Easy
2025-08-02,OO,5395,-0.5020149659413724,464.0,Easy
2025-08-02,OO,5968,-0.5072518620488395,465.0,Easy
2025-08-02,OO,5275,-0.5073099682973478,466.0,Easy
2025-08-02,OO,5320,-0.5152583639351587,467.0,Easy
2025-08-02,G7,4552,-0.5179730549757459,468.0,Easy
2025-08-02,OO,5420,-0.5199006766158537,469.0,Easy
2025-08-02,G7,4584,-0.5226470442174094,470.0,Easy
2025-08-02,G7,4549,-0.5227017198260071,471.0,Easy
2025-08-02,OO,5350,-0.526164508161881,472.0,Easy
2025-08-02,G7,4488,-0.5291649104392286,473.0,Easy
2025-08-02,OO,4780,-0.5353924080086747,474.0,Easy
2025-08-02,UA,2635,-0.536228208552849,475.0,Easy
2025-08-02,OO,5108,-0.5431131986582334,476.0,Easy
2025-08-02,OO,4778,-0.5450176108411463,477.0,Easy
2025-08-02,YX,3706,-0.5465847514420025,478.0,Easy
2025-08-02,G7,4542,-0.5573428235968674,479.0,Easy
2025-08-02,OO,5138,-0.5590212883030425,480.0,Easy
2025-08-02,UA,1641,-0.5594511437660749,481.0,Easy
2025-08-02,OO,5379,-0.5619019555211572,482.0,Easy
2025-08-02,UA,2628,-0.5619442066600205,483.0,Easy
2025-08-02,G7,4574,-0.5632374393562711,484.0,Easy
2025-08-02,G7,4533,-0.5656533636505553,485.0,Easy
2025-08-02,G7,4482,-0.5677360025389097,486.0,Easy
2025-08-02,OO,5045,-0.5685378315655736,487.0,Easy
2025-08-02,OO,4789,-0.5722360604329226,488.0,Easy
2025-08-02,OO,5229,-0.5723822052371031,489.0,Easy
2025-08-02,OO,5352,-0.5769825105104832,490.0,Easy
2025-08-02,G7,4554,-0.578025550232956,491.0,Easy
2025-08-02,YX,3426,-0.5866680008638678,492.0,Easy
2025-08-02,YX,3498,-0.5872231348370093,493.0,Easy
2025-08-02,OO,5517,-0.5907717082132644,494.0,Easy
2025-08-02,G7,4590,-0.5917798042681561,495.0,Easy
2025-08-02,UA,1129,-0.5932344196736202,496.0,Easy
2025-08-02,OO,5272,-0.5963288789518272,497.0,Easy
2025-08-02,OO,5260,-0.6150138204477756,498.0,Easy
2025-08-02,OO,4748,-0.62249457109403,499.0,Easy
2025-08-02,G7,4529,-0.6256194407878397,500.0,Easy
2025-08-02,OO,6004,-0.6273082902969367,501.0,Easy
2025-08-02,YX,3551,-0.6285702737203773,502.0,Easy
2025-08-02,OO,5140,-0.6338208931775818,503.0,Easy
2025-08-02,UA,2497,-0.6465119856794465,504.0,Easy
2025-08-02,OO,5564,-0.6472380081553708,505.0,Easy
2025-08-02,G7,4507,-0.6495618892750952,506.0,Easy
2025-08-02,OO,5225,-0.650404206469225,507.0,Easy
2025-08-02,OO,5382,-0.6530585408129015,508.0,Easy
2025-08-02,OO,5836,-0.6551397843363879,509.0,Easy
2025-08-02,OO,5375,-0.6777889607574568,510.0,Easy
2025-08-02,G7,4456,-0.7165953522217067,511.0,Easy
2025-08-02,OO,5868,-0.7205069304948333,512.0,Easy
2025-08-02,UA,714,-0.7289669873916007,513.0,Easy
2025-08-02,YX,3571,-0.7329332995061776,514.0,Easy
2025-08-02,G7,4568,-0.7362544799389207,515.0,Easy
2025-08-02,UA,2627,-0.7756493456848332,516.0,Easy
2025-08-02,OO,5124,-0.7914828361632406,517.0,Easy
2025-08-02,OO,5026,-0.812176761171517,518.0,Easy
2025-08-02,OO,5135,-0.8695359047813342,519.0,Easy
2025-08-02,OO,5136,-0.8880381036054692,520.0,Easy
2025-08-03,G7,4549,7.312492238126867,1.0,Difficult
2025-08-03,UA,1761,2.49837105922989,2.0,Difficult
2025-08-03,UA,416,2.1182487256297353,3.0,Difficult
2025-08-03,UA,972,2.0945851712751433,4.0,Difficult
2025-08-03,UA,944,2.0754076459193667,5.0,Difficult
2025-08-03,UA,468,1.8573521118867855,6.0,Difficult
2025-08-03,UA,1387,1.8134133735964761,7.0,Difficult
2025-08-03,UA,907,1.7949555253612,8.0,Difficult
2025-08-03,UA,881,1.6983957289657883,9.0,Difficult
2025-08-03,UA,580,1.673630715719347,10.0,Difficult
2025-08-03,UA,359,1.6546285785302706,11.0,Difficult
2025-08-03,UA,758,1.4307064003575216,12.0,Difficult
2025-08-03,UA,2155,1.4252957832128432,13.0,Difficult
2025-08-03,UA,1996,1.3870397065110096,14.0,Difficult
2025-08-03,UA,422,1.3794390331685142,15.0,Difficult
2025-08-03,UA,2627,1.3153011045136227,16.0,Difficult
2025-08-03,UA,1674,1.284548174865852,17.0,Difficult
2025-08-03,UA,1146,1.1988723076497454,18.0,Difficult
2025-08-03,UA,609,1.1934178893176612,19.0,Difficult
2025-08-03,UA,2254,1.1729206816165552,20.0,Difficult
2025-08-03,UA,929,1.1633774246140216,21.0,Difficult
2025-08-03,UA,2684,1.1261995052122302,22.0,Difficult
2025-08-03,OO,5490,1.087882171766594,23.0,Difficult
2025-08-03,UA,1823,1.080264299926641,24.0,Difficult
2025-08-03,UA,987,1.0257073053831771,25.0,Difficult
2025-08-03,OO,5607,1.0019785607409184,26.0,Difficult
2025-08-03,UA,118,0.999797223443483,27.0,Difficult
2025-08-03,UA,1124,0.9960409783706891,28.0,Difficult
2025-08-03,UA,1659,0.9945790883516896,29.0,Difficult
2025-08-03,UA,845,0.9843509740591038,30.0,Difficult
2025-08-03,UA,2649,0.9724372543776993,31.0,Difficult
2025-08-03,UA,2179,0.9680418579782977,32.0,Difficult
2025-08-03,UA,739,0.9626384026776404,33.0,Difficult
2025-08-03,UA,909,0.9564439256532479,34.0,Difficult
2025-08-03,UA,1068,0.9315844390551196,35.0,Difficult
2025-08-03,UA,980,0.9025952663484579,36.0,Difficult
2025-08-03,UA,2389,0.8893287905359577,37.0,Difficult
2025-08-03,UA,2278,0.8740253401245172,38.0,Difficult
2025-08-03,OO,5094,0.8373050886679658,39.0,Difficult
2025-08-03,UA,1655,0.8368731012743178,40.0,Difficult
2025-08-03,UA,1620,0.8302345793522501,41.0,Difficult
2025-08-03,UA,938,0.8141898769095254,42.0,Difficult
2025-08-03,UA,1477,0.7968564874198568,43.0,Difficult
2025-08-03,UA,769,0.7770644191167255,44.0,Difficult
2025-08-03,UA,604,0.747427384727205,45.0,Difficult
2025-08-03,UA,2008,0.7252727148788299,46.0,Difficult
2025-08-03,OO,5250,0.719026106016161,47.0,Difficult
2025-08-03,UA,2361,0.7173083561478766,48.0,Difficult
2025-08-03,OO,5435,0.7136924805558347,49.0,Difficult
2025-08-03,OO,5027,0.7018415798726361,50.0,Difficult
2025-08-03,OO,5353,0.6897206773972201,51.0,Difficult
2025-08-03,UA,275,0.6459702855794643,52.0,Difficult
2025-08-03,UA,1044,0.6436019955891,53.0,Difficult
2025-08-03,UA,2280,0.6419329048967304,54.0,Difficult
2025-08-03,UA,600,0.638959464895186,55.0,Difficult
2025-08-03,UA,1660,0.6066804865809715,56.0,Difficult
2025-08-03,UA,1975,0.6032994837270723,57.0,Difficult
2025-08-03,UA,1421,0.5907118453541162,58.0,Difficult
2025-08-03,UA,1577,0.5890449294266511,59.0,Difficult
2025-08-03,UA,912,0.557331667281244,60.0,Difficult
2025-08-03,UA,2337,0.5538329532814987,61.0,Difficult
2025-08-03,UA,729,0.540832361669448,62.0,Difficult
2025-08-03,UA,1643,0.5337650928425683,63.0,Difficult
2025-08-03,UA,219,0.5242009809801513,64.0,Difficult
2025-08-03,UA,764,0.5211262896282396,65.0,Difficult
2025-08-03,UA,622,0.5182480987143878,66.0,Difficult
2025-08-03,UA,1304,0.5176844608511416,67.0,Difficult
2025-08-03,UA,660,0.5143472898290573,68.0,Difficult
2025-08-03,UA,1335,0.5060695719361737,69.0,Difficult
2025-08-03,OO,5852,0.5013980464355493,70.0,Difficult
2025-08-03,UA,920,0.49880945534968596,71.0,Difficult
2025-08-03,UA,482,0.48194048436267317,72.0,Difficult
2025-08-03,UA,307,0.48025442250445677,73.0,Difficult
2025-08-03,UA,1209,0.4748219300647644,74.0,Difficult
2025-08-03,UA,1316,0.4670255857497452,75.0,Difficult
2025-08-03,UA,611,0.45793764793271313,76.0,Difficult
2025-08-03,UA,1291,0.45651084767625605,77.0,Difficult
2025-08-03,UA,2629,0.45640108570642135,78.0,Difficult
2025-08-03,UA,2133,0.44631119040992767,79.0,Difficult
2025-08-03,UA,1314,0.438410414565491,80.0,Difficult
2025-08-03,OO,5380,0.43810473204774425,81.0,Difficult
2025-08-03,UA,1740,0.4305039775152146,82.0,Difficult
2025-08-03,UA,1878,0.42871995403118496,83.0,Difficult
2025-08-03,UA,2483,0.4218689835687737,84.0,Difficult
2025-08-03,UA,3,0.41130013476542204,85.0,Difficult
2025-08-03,UA,556,0.41094178092446315,86.0,Difficult
2025-08-03,OO,5577,0.3984466989348136,87.0,Difficult
2025-08-03,UA,695,0.3964527055499127,88.0,Difficult
2025-08-03,UA,1502,0.39199123108532336,89.0,Difficult
2025-08-03,UA,1381,0.3891702651137541,90.0,Difficult
2025-08-03,UA,1491,0.38393674788903637,91.0,Difficult
2025-08-03,UA,1848,0.3828702099655941,92.0,Difficult
2025-08-03,UA,1658,0.38220508308357287,93.0,Difficult
2025-08-03,UA,1413,0.3786585332923439,94.0,Difficult
2025-08-03,UA,1224,0.3692769078403669,95.0,Difficult
2025-08-03,UA,356,0.36729752014064604,96.0,Difficult
2025-08-03,UA,1144,0.36431105213643,97.0,Difficult
2025-08-03,UA,1710,0.35861833255352693,98.0,Difficult
2025-08-03,UA,2172,0.35595279133518676,99.0,Difficult
2025-08-03,UA,2144,0.3523037572847634,100.0,Difficult
2025-08-03,UA,288,0.3444384054763833,101.0,Difficult
2025-08-03,UA,1564,0.34001181115234397,102.0,Difficult
2025-08-03,OO,5847,0.339857230769069,103.0,Difficult
2025-08-03,UA,1358,0.3323455692018111,104.0,Difficult
2025-08-03,UA,1584,0.3180154810759354,105.0,Difficult
2025-08-03,G7,4474,0.3139863703434325,106.0,Difficult
2025-08-03,UA,1989,0.3122627948602619,107.0,Difficult
2025-08-03,OO,5272,0.3002484040083916,108.0,Difficult
2025-08-03,UA,2343,0.298123687028739,109.0,Difficult
2025-08-03,UA,1811,0.29139013006408226,110.0,Difficult
2025-08-03,UA,445,0.28793760873094754,111.0,Difficult
2025-08-03,UA,1920,0.2759417287893581,112.0,Difficult
2025-08-03,UA,2417,0.2652983771900846,113.0,Difficult
2025-08-03,OO,4809,0.26375668321945733,114.0,Difficult
2025-08-03,UA,793,0.26018295088170346,115.0,Difficult
2025-08-03,UA,2200,0.2596642359615435,116.0,Difficult
2025-08-03,UA,2113,0.2530926544791476,117.0,Difficult
2025-08-03,UA,2387,0.2518374117522142,118.0,Difficult
2025-08-03,UA,1657,0.24918925456591443,119.0,Difficult
2025-08-03,UA,1363,0.2481213638360761,120.0,Difficult
2025-08-03,UA,1834,0.24579933605214843,121.0,Difficult
2025-08-03,UA,2011,0.24517295978932888,122.0,Difficult
2025-08-03,UA,1030,0.24303437291677069,123.0,Difficult
2025-08-03,UA,1168,0.23650076966305972,124.0,Difficult
2025-08-03,UA,343,0.23311769309846145,125.0,Difficult
2025-08-03,UA,2440,0.23260922721262847,126.0,Difficult
2025-08-03,UA,708,0.225199587182512,127.0,Difficult
2025-08-03,UA,2148,0.22352695868106415,128.0,Difficult
2025-08-03,UA,2154,0.22000404625411704,129.0,Difficult
2025-08-03,UA,1205,0.21748091252387636,130.0,Difficult
2025-08-03,UA,2333,0.2102458242888146,131.0,Difficult
2025-08-03,G7,4416,0.19380268751468854,132.0,Difficult
2025-08-03,OO,5021,0.19227234481654812,133.0,Difficult
2025-08-03,UA,2323,0.18692403628592488,134.0,Difficult
2025-08-03,UA,1801,0.18657791891043546,135.0,Difficult
2025-08-03,UA,1398,0.18565224155176144,136.0,Difficult
2025-08-03,UA,2666,0.18554194235124694,137.0,Difficult
2025-08-03,OO,5763,0.18279700251199008,138.0,Medium
2025-08-03,UA,2369,0.182481413377285,139.0,Medium
2025-08-03,UA,2691,0.18194062647259965,140.0,Medium
2025-08-03,UA,1215,0.18128393365566778,141.0,Medium
2025-08-03,UA,2182,0.1804361441133143,142.0,Medium
2025-08-03,UA,2067,0.1795716860561643,143.0,Medium
2025-08-03,UA,1538,0.17824700949403083,144.0,Medium
2025-08-03,UA,1599,0.1774841036228827,145.0,Medium
2025-08-03,UA,2616,0.1772511186642608,146.0,Medium
2025-08-03,UA,1899,0.17682652665511372,147.0,Medium
2025-08-03,UA,2329,0.1634175342543574,148.0,Medium
2025-08-03,UA,2226,0.15836767706351956,149.0,Medium
2025-08-03,OO,5125,0.1557296823587821,150.0,Medium
2025-08-03,UA,2653,0.15325160585272973,151.0,Medium
2025-08-03,UA,224,0.15199002505840564,152.0,Medium
2025-08-03,UA,2378,0.15017478744240365,153.0,Medium
2025-08-03,UA,2677,0.14922284941519537,154.0,Medium
2025-08-03,UA,1156,0.14398943812590542,155.0,Medium
2025-08-03,UA,1239,0.1394773633084346,156.0,Medium
2025-08-03,YX,3542,0.1363383193595326,157.0,Medium
2025-08-03,UA,1580,0.1361091996391027,158.0,Medium
2025-08-03,UA,481,0.13145297836581418,159.0,Medium
2025-08-03,UA,2418,0.13125718342312342,160.0,Medium
2025-08-03,UA,563,0.12134868227583481,161.0,Medium
2025-08-03,UA,2494,0.12023475124976997,162.0,Medium
2025-08-03,OO,5564,0.11953358916974276,163.0,Medium
2025-08-03,UA,1328,0.11756803791099567,164.0,Medium
2025-08-03,UA,1776,0.11499766821185402,165.0,Medium
2025-08-03,UA,1857,0.11143304164313858,166.0,Medium
2025-08-03,G7,4481,0.10996825473698689,167.0,Medium
2025-08-03,UA,1252,0.1084908930205977,168.0,Medium
2025-08-03,YX,3707,0.1036901277168501,169.0,Medium
2025-08-03,G7,4451,0.08862438059444806,170.0,Medium
2025-08-03,UA,291,0.0863430555105787,171.0,Medium
2025-08-03,UA,1634,0.08482166258783758,172.0,Medium
2025-08-03,UA,2635,0.08124269176943381,173.0,Medium
2025-08-03,UA,669,0.08108109589800619,174.0,Medium
2025-08-03,OO,5251,0.0765912720473262,175.0,Medium
2025-08-03,OO,5437,0.07455925709156375,176.0,Medium
2025-08-03,OO,5603,0.07333012987955129,177.0,Medium
2025-08-03,OO,5280,0.0699390459080341,178.0,Medium
2025-08-03,OO,5859,0.06722629492161547,179.0,Medium
2025-08-03,UA,1923,0.0638962640310913,180.0,Medium
2025-08-03,UA,1980,0.061810600220013535,181.0,Medium
2025-08-03,UA,2075,0.05611793176981117,182.0,Medium
2025-08-03,UA,970,0.054641246813165054,183.0,Medium
2025-08-03,UA,2092,0.052038000438780735,184.0,Medium
2025-08-03,UA,2243,0.05084752802802726,185.0,Medium
2025-08-03,UA,1120,0.04647211940643142,186.0,Medium
2025-08-03,OO,5868,0.044167575573184556,187.0,Medium
2025-08-03,UA,2426,0.041933710679530875,188.0,Medium
2025-08-03,UA,2658,0.03787399326859784,189.0,Medium
2025-08-03,UA,1905,0.03783809528116415,190.0,Medium
2025-08-03,UA,721,0.03667760133263574,191.0,Medium
2025-08-03,UA,1269,0.03499242162771993,192.0,Medium
2025-08-03,UA,2225,0.03141884811675337,193.0,Medium
2025-08-03,YX,3569,0.02844849166895534,194.0,Medium
2025-08-03,UA,466,0.027455121734907103,195.0,Medium
2025-08-03,UA,2424,0.022194759082457906,196.0,Medium
2025-08-03,G7,4460,0.021176363411336486,197.0,Medium
2025-08-03,UA,602,0.01954310269169293,198.0,Medium
2025-08-03,UA,561,0.013743562136645475,199.0,Medium
2025-08-03,UA,777,-0.0036709389981314615,200.0,Medium
2025-08-03,UA,1414,-0.006399466084806158,201.0,Medium
2025-08-03,YX,3551,-0.007347104125080732,202.0,Medium
2025-08-03,YX,3568,-0.00886928136006666,203.0,Medium
2025-08-03,UA,2147,-0.010883013040432028,204.0,Medium
2025-08-03,UA,2104,-0.01138815680369825,205.0,Medium
2025-08-03,UA,534,-0.013551099876318206,206.0,Medium
2025-08-03,UA,378,-0.015290692142578503,207.0,Medium
2025-08-03,OO,5637,-0.017885885037006628,208.0,Medium
2025-08-03,UA,1616,-0.019837389486438085,209.0,Medium
2025-08-03,UA,791,-0.0203341376371381,210.0,Medium
2025-08-03,OO,5601,-0.022657023439922378,211.0,Medium
2025-08-03,UA,1941,-0.026996451430158414,212.0,Medium
2025-08-03,OO,5136,-0.02714481573367933,213.0,Medium
2025-08-03,UA,1983,-0.029908068425176893,214.0,Medium
2025-08-03,OO,5699,-0.03135457395719571,215.0,Medium
2025-08-03,UA,2202,-0.032890714288549616,216.0,Medium
2025-08-03,UA,1576,-0.033257670845131204,217.0,Medium
2025-08-03,UA,1677,-0.03559953148466488,218.0,Medium
2025-08-03,UA,2201,-0.035999625212194686,219.0,Medium
2025-08-03,UA,587,-0.0360798584363155,220.0,Medium
2025-08-03,UA,2618,-0.0367368282931085,221.0,Medium
2025-08-03,UA,2865,-0.03793467773785508,222.0,Medium
2025-08-03,UA,2177,-0.042365331027739005,223.0,Medium
2025-08-03,UA,1178,-0.043209916363201296,224.0,Medium
2025-08-03,UA,1347,-0.04485654098869789,225.0,Medium
2025-08-03,G7,4613,-0.04554386183450007,226.0,Medium
2025-08-03,UA,1617,-0.04716371181279208,227.0,Medium
2025-08-03,YX,3610,-0.053760113528620354,228.0,Medium
2025-08-03,OO,5968,-0.05381776654206122,229.0,Medium
2025-08-03,G7,4429,-0.056453079655817404,230.0,Medium
2025-08-03,UA,2137,-0.0568760966111074,231.0,Medium
2025-08-03,OO,5948,-0.059473211446576024,232.0,Medium
2025-08-03,OO,5376,-0.06216491003008595,233.0,Medium
2025-08-03,OO,5135,-0.062213791282487496,234.0,Medium
2025-08-03,OO,5446,-0.06378479952726042,235.0,Medium
2025-08-03,UA,1778,-0.06543420743460038,236.0,Medium
2025-08-03,UA,1010,-0.0655487092127278,237.0,Medium
2025-08-03,UA,2661,-0.06574889643412432,238.0,Medium
2025-08-03,UA,2401,-0.06648971177452934,239.0,Medium
2025-08-03,UA,1100,-0.06741278452439668,240.0,Medium
2025-08-03,UA,2481,-0.07172118913932472,241.0,Medium
2025-08-03,UA,1306,-0.07431599842322388,242.0,Medium
2025-08-03,G7,4588,-0.0757529919394146,243.0,Medium
2025-08-03,OO,5729,-0.07649935175159936,244.0,Medium
2025-08-03,OO,5447,-0.07793127959645005,245.0,Medium
2025-08-03,UA,2195,-0.08225509417563154,246.0,Medium
2025-08-03,UA,1270,-0.0857021709174046,247.0,Medium
2025-08-03,UA,1324,-0.08765427103106958,248.0,Medium
2025-08-03,UA,786,-0.08872347529377786,249.0,Medium
2025-08-03,OO,5269,-0.08908931342614754,250.0,Medium
2025-08-03,OO,5984,-0.09020984110555196,251.0,Medium
2025-08-03,UA,467,-0.09339214479853263,252.0,Medium
2025-08-03,UA,286,-0.09373128636499761,253.0,Medium
2025-08-03,OO,5309,-0.0942232448002573,254.0,Medium
2025-08-03,G7,4458,-0.09459735454430487,255.0,Medium
2025-08-03,UA,1448,-0.10041777586989828,256.0,Medium
2025-08-03,OO,5505,-0.10081449955941602,257.0,Medium
2025-08-03,UA,2039,-0.10121940016914122,258.0,Medium
2025-08-03,YX,3523,-0.1061966070030663,259.0,Medium
2025-08-03,UA,2609,-0.10759092297323158,260.0,Medium
2025-08-03,UA,576,-0.11355957331359502,261.0,Medium
2025-08-03,UA,1082,-0.11433771240851535,262.0,Medium
2025-08-03,UA,1594,-0.11586474065071192,263.0,Medium
2025-08-03,YX,3601,-0.11741447052857051,264.0,Medium
2025-08-03,UA,1492,-0.11911651753745116,265.0,Medium
2025-08-03,UA,2100,-0.11941471191782213,266.0,Medium
2025-08-03,OO,5712,-0.11945277196021074,267.0,Medium
2025-08-03,UA,1741,-0.12028177202139026,268.0,Medium
2025-08-03,UA,310,-0.12054509651049047,269.0,Medium
2025-08-03,UA,2090,-0.12276856664628365,270.0,Medium
2025-08-03,UA,2059,-0.12306408592156194,271.0,Medium
2025-08-03,YX,3628,-0.12445281437915649,272.0,Medium
2025-08-03,G7,4426,-0.12638419479016547,273.0,Medium
2025-08-03,UA,2071,-0.1284413342843248,274.0,Medium
2025-08-03,OO,5726,-0.13198511056315546,275.0,Medium
2025-08-03,UA,503,-0.13379122389711226,276.0,Medium
2025-08-03,G7,4563,-0.13574789472730706,277.0,Medium
2025-08-03,UA,1785,-0.13787307250600495,278.0,Medium
2025-08-03,UA,1641,-0.13787391350927358,279.0,Medium
2025-08-03,UA,2394,-0.1379723676505398,280.0,Medium
2025-08-03,UA,1097,-0.14490077128895815,281.0,Medium
2025-08-03,OO,5652,-0.14610494820835296,282.0,Medium
2025-08-03,UA,2427,-0.14670847737764722,283.0,Medium
2025-08-03,OO,5534,-0.14752966784450314,284.0,Medium
2025-08-03,UA,312,-0.14759867423071135,285.0,Medium
2025-08-03,OO,5593,-0.1481034082786218,286.0,Medium
2025-08-03,G7,4574,-0.14872213634798123,287.0,Medium
2025-08-03,OO,5230,-0.14920450680044564,288.0,Medium
2025-08-03,UA,1135,-0.15038198387812957,289.0,Medium
2025-08-03,OO,5901,-0.1508168377316829,290.0,Medium
2025-08-03,UA,2290,-0.15233039460091372,291.0,Medium
2025-08-03,UA,247,-0.15599960086496126,292.0,Medium
2025-08-03,OO,5499,-0.16121184000901587,293.0,Medium
2025-08-03,YX,3465,-0.1618577935166758,294.0,Medium
2025-08-03,UA,1842,-0.1649906477555999,295.0,Medium
2025-08-03,OO,5517,-0.1653144760200376,296.0,Medium
2025-08-03,UA,374,-0.1653619632842882,297.0,Medium
2025-08-03,UA,953,-0.16687937482019408,298.0,Medium
2025-08-03,UA,293,-0.16876935669947016,299.0,Medium
2025-08-03,OO,5215,-0.17187339360471338,300.0,Medium
2025-08-03,UA,2040,-0.172787524979971,301.0,Medium
2025-08-03,YX,3603,-0.1730040169017968,302.0,Medium
2025-08-03,OO,5748,-0.17324000738239587,303.0,Medium
2025-08-03,UA,1182,-0.17456964718591836,304.0,Medium
2025-08-03,YX,3571,-0.1800856020228954,305.0,Medium
2025-08-03,UA,1808,-0.18010110106181965,306.0,Medium
2025-08-03,OO,5833,-0.18167356362520212,307.0,Medium
2025-08-03,UA,2189,-0.18399519524574162,308.0,Medium
2025-08-03,UA,1793,-0.1847258302843884,309.0,Medium
2025-08-03,UA,767,-0.18593455960890218,310.0,Medium
2025-08-03,UA,592,-0.186033969144824,311.0,Medium
2025-08-03,UA,617,-0.18964254497650687,312.0,Medium
2025-08-03,UA,1756,-0.1915356789905168,313.0,Medium
2025-08-03,YX,3468,-0.1916864690615759,314.0,Medium
2025-08-03,UA,2672,-0.1927593048320557,315.0,Medium
2025-08-03,UA,1198,-0.19786119945178332,316.0,Medium
2025-08-03,UA,1815,-0.19843914647660724,317.0,Medium
2025-08-03,UA,2665,-0.20039249796671021,318.0,Medium
2025-08-03,OO,5108,-0.20581988602666376,319.0,Medium
2025-08-03,UA,2640,-0.21228132875457273,320.0,Medium
2025-08-03,OO,5337,-0.2132225302499761,321.0,Medium
2025-08-03,UA,1974,-0.21335118813237616,322.0,Medium
2025-08-03,UA,752,-0.2177640832832728,323.0,Medium
2025-08-03,YX,3536,-0.21796540001906323,324.0,Medium
2025-08-03,OO,5795,-0.22001384510815308,325.0,Medium
2025-08-03,OO,5395,-0.22067885570058693,326.0,Medium
2025-08-03,OO,5790,-0.22258115331669212,327.0,Medium
2025-08-03,OO,5610,-0.22433940491577742,328.0,Medium
2025-08-03,UA,2364,-0.22650126118327027,329.0,Medium
2025-08-03,OO,5810,-0.22839612801006962,330.0,Medium
2025-08-03,UA,1612,-0.22877063370528122,331.0,Medium
2025-08-03,UA,2099,-0.2303159685297365,332.0,Medium
2025-08-03,UA,714,-0.23044650320339494,333.0,Medium
2025-08-03,UA,2487,-0.2311040646476879,334.0,Medium
2025-08-03,OO,5668,-0.23507818693506094,335.0,Medium
2025-08-03,UA,2862,-0.23711248200472154,336.0,Medium
2025-08-03,UA,2683,-0.2373359595464481,337.0,Medium
2025-08-03,OO,5626,-0.23776485673289102,338.0,Medium
2025-08-03,YX,3422,-0.24142798844190314,339.0,Medium
2025-08-03,UA,2465,-0.2426562287262452,340.0,Medium
2025-08-03,G7,4173,-0.24373586509071757,341.0,Medium
2025-08-03,UA,763,-0.24467663934909759,342.0,Medium
2025-08-03,UA,1297,-0.24637298219751289,343.0,Medium
2025-08-03,OO,5398,-0.247430508318951,344.0,Medium
2025-08-03,UA,2497,-0.2474447055689467,345.0,Medium
2025-08-03,UA,1377,-0.2516052143361825,346.0,Medium
2025-08-03,UA,1485,-0.25197159679884856,347.0,Medium
2025-08-03,G7,4571,-0.2528377826941964,348.0,Medium
2025-08-03,G7,4184,-0.25540236480624806,349.0,Medium
2025-08-03,UA,2211,-0.25552755664109017,350.0,Medium
2025-08-03,UA,2370,-0.2579953500151347,351.0,Medium
2025-08-03,UA,1775,-0.2593913899784577,352.0,Medium
2025-08-03,G7,4494,-0.26102485661580926,353.0,Medium
2025-08-03,UA,399,-0.2625015976620012,354.0,Medium
2025-08-03,OO,5352,-0.26619110944325114,355.0,Medium
2025-08-03,UA,2628,-0.2680061510056849,356.0,Medium
2025-08-03,UA,2005,-0.26813922777193755,357.0,Medium
2025-08-03,UA,2488,-0.2742902688083484,358.0,Medium
2025-08-03,YX,3598,-0.2743800883234128,359.0,Medium
2025-08-03,YX,3493,-0.2755472012811829,360.0,Medium
2025-08-03,OO,5646,-0.2796161374512158,361.0,Medium
2025-08-03,UA,1933,-0.2812138987547917,362.0,Medium
2025-08-03,UA,1708,-0.2819137804957821,363.0,Medium
2025-08-03,G7,4436,-0.28435171029003903,364.0,Medium
2025-08-03,UA,1859,-0.2852533125490178,365.0,Medium
2025-08-03,YX,3577,-0.2866318645006327,366.0,Medium
2025-08-03,UA,2138,-0.2874119718771709,367.0,Medium
2025-08-03,OO,5045,-0.2875068341246487,368.0,Medium
2025-08-03,UA,1583,-0.28766215205997847,369.0,Medium
2025-08-03,OO,5362,-0.2882028075099648,370.0,Medium
2025-08-03,OO,5841,-0.2973636625881123,371.0,Medium
2025-08-03,UA,2106,-0.2984932960365552,372.0,Medium
2025-08-03,OO,5915,-0.29912417847319167,373.0,Medium
2025-08-03,UA,664,-0.3017626207854649,374.0,Medium
2025-08-03,OO,5819,-0.30409330575609933,375.0,Medium
2025-08-03,OO,4712,-0.30450134227975223,376.0,Medium
2025-08-03,YX,3718,-0.3052964736844986,377.0,Medium
2025-08-03,YX,3716,-0.3070689655848386,378.0,Medium
2025-08-03,OO,5568,-0.3071884450619223,379.0,Medium
2025-08-03,OO,5405,-0.30796813263730693,380.0,Medium
2025-08-03,YX,3638,-0.30894782175119284,381.0,Medium
2025-08-03,OO,4791,-0.31130032827505805,382.0,Medium
2025-08-03,UA,1525,-0.3141597541954851,383.0,Medium
2025-08-03,OO,5557,-0.31711557580319455,384.0,Medium
2025-08-03,OO,5472,-0.31825311785110044,385.0,Medium
2025-08-03,OO,4792,-0.3192231666012798,386.0,Medium
2025-08-03,UA,2652,-0.320630697765621,387.0,Medium
2025-08-03,OO,5229,-0.32335096227892557,388.0,Medium
2025-08-03,G7,4568,-0.32835022515760837,389.0,Medium
2025-08-03,YX,3535,-0.3318370551458647,390.0,Medium
2025-08-03,OO,5290,-0.3323995926131733,391.0,Medium
2025-08-03,YX,3668,-0.33503969213552837,392.0,Medium
2025-08-03,UA,490,-0.33942301269890823,393.0,Medium
2025-08-03,UA,276,-0.3400703811016452,394.0,Medium
2025-08-03,YX,3604,-0.3423460847073066,395.0,Medium
2025-08-03,UA,1531,-0.34279403409873677,396.0,Medium
2025-08-03,YX,3654,-0.34298000027747094,397.0,Medium
2025-08-03,UA,1872,-0.34328733134050293,398.0,Medium
2025-08-03,G7,4390,-0.3435290407931024,399.0,Medium
2025-08-03,OO,5565,-0.3538907291352404,400.0,Medium
2025-08-03,UA,1946,-0.3540314557838702,401.0,Medium
2025-08-03,OO,5420,-0.3543967225007526,402.0,Medium
2025-08-03,OO,5469,-0.35823790395800204,403.0,Medium
2025-08-03,OO,5103,-0.3590857442682339,404.0,Medium
2025-08-03,UA,2455,-0.35913193068763516,405.0,Medium
2025-08-03,G7,4507,-0.36044440364323216,406.0,Medium
2025-08-03,G7,4387,-0.36227050151549195,407.0,Medium
2025-08-03,OO,5427,-0.36487810975338647,408.0,Medium
2025-08-03,OO,5099,-0.3653033966593482,409.0,Medium
2025-08-03,OO,4739,-0.36608203375316856,410.0,Medium
2025-08-03,YX,3641,-0.37094682137690577,411.0,Medium
2025-08-03,OO,5260,-0.3713195029118447,412.0,Easy
2025-08-03,OO,5999,-0.3714654309201884,413.0,Easy
2025-08-03,OO,5118,-0.37221628504762044,414.0,Easy
2025-08-03,OO,5521,-0.37250694566471937,415.0,Easy
2025-08-03,OO,4789,-0.37273104520994804,416.0,Easy
2025-08-03,UA,2657,-0.37292456114568445,417.0,Easy
2025-08-03,YX,3498,-0.37478206105120687,418.0,Easy
2025-08-03,G7,4559,-0.3756206894984688,419.0,Easy
2025-08-03,OO,5988,-0.3758039378635143,420.0,Easy
2025-08-03,UA,1967,-0.37612472561502736,421.0,Easy
2025-08-03,OO,5963,-0.37730091662232146,422.0,Easy
2025-08-03,UA,1301,-0.3775138431397633,423.0,Easy
2025-08-03,YX,3451,-0.38001363908537533,424.0,Easy
2025-08-03,G7,4501,-0.3800425436212695,425.0,Easy
2025-08-03,UA,1069,-0.38101103967305183,426.0,Easy
2025-08-03,OO,5344,-0.3813690970632987,427.0,Easy
2025-08-03,OO,5026,-0.38414775926423844,428.0,Easy
2025-08-03,G7,4600,-0.38415875248866777,429.0,Easy
2025-08-03,G7,4517,-0.3857118058811255,430.0,Easy
2025-08-03,UA,2251,-0.3876728477669499,431.0,Easy
2025-08-03,G7,4445,-0.3890287387292132,432.0,Easy
2025-08-03,OO,5836,-0.3924856086617933,433.0,Easy
2025-08-03,OO,5470,-0.3929730265042273,434.0,Easy
2025-08-03,G7,4452,-0.3935702917625098,435.0,Easy
2025-08-03,OO,5314,-0.3968211081529846,436.0,Easy
2025-08-03,OO,5977,-0.3995232317495914,437.0,Easy
2025-08-03,G7,4185,-0.4024105588621098,438.0,Easy
2025-08-03,OO,5474,-0.40379991859254805,439.0,Easy
2025-08-03,OO,5275,-0.40440407703424613,440.0,Easy
2025-08-03,G7,4425,-0.40556275216496823,441.0,Easy
2025-08-03,UA,1361,-0.4073440494101093,442.0,Easy
2025-08-03,OO,4636,-0.4074297897677119,443.0,Easy
2025-08-03,YX,3614,-0.4076444957892506,444.0,Easy
2025-08-03,UA,1909,-0.40833084764059435,445.0,Easy
2025-08-03,UA,2385,-0.4117687675859492,446.0,Easy
2025-08-03,UA,349,-0.4141591155006652,447.0,Easy
2025-08-03,OO,5274,-0.415850240242774,448.0,Easy
2025-08-03,G7,4186,-0.416109418226332,449.0,Easy
2025-08-03,UA,1129,-0.41625548497100456,450.0,Easy
2025-08-03,UA,533,-0.41749918653929785,451.0,Easy
2025-08-03,OO,5538,-0.42286935451075575,452.0,Easy
2025-08-03,OO,5100,-0.42558928092938486,453.0,Easy
2025-08-03,UA,2430,-0.4263796559218291,454.0,Easy
2025-08-03,UA,1113,-0.4275683017604921,455.0,Easy
2025-08-03,UA,1693,-0.42941142155129136,456.0,Easy
2025-08-03,OO,5131,-0.4300550929725083,457.0,Easy
2025-08-03,OO,5874,-0.43086051474865017,458.0,Easy
2025-08-03,G7,4504,-0.4321872460813145,459.0,Easy
2025-08-03,UA,1803,-0.4329169914132561,460.0,Easy
2025-08-03,G7,4529,-0.43333687526714576,461.0,Easy
2025-08-03,OO,4780,-0.4351400468702658,462.0,Easy
2025-08-03,G7,4542,-0.4357505843302122,463.0,Easy
2025-08-03,OO,5448,-0.43797937293398953,464.0,Easy
2025-08-03,UA,1495,-0.43959024117190565,465.0,Easy
2025-08-03,G7,4482,-0.441666203960592,466.0,Easy
2025-08-03,UA,1403,-0.44189007881520215,467.0,Easy
2025-08-03,G7,4546,-0.442160803350181,468.0,Easy
2025-08-03,OO,4638,-0.4425446825448132,469.0,Easy
2025-08-03,OO,4778,-0.4452083115536303,470.0,Easy
2025-08-03,UA,1006,-0.44669918589327456,471.0,Easy
2025-08-03,OO,5526,-0.4502980022577026,472.0,Easy
2025-08-03,G7,4552,-0.451260248433339,473.0,Easy
2025-08-03,OO,5234,-0.4514348780598513,474.0,Easy
2025-08-03,G7,4188,-0.45525675839024143,475.0,Easy
2025-08-03,OO,5038,-0.4563078520920845,476.0,Easy
2025-08-03,OO,5360,-0.4566461181206796,477.0,Easy
2025-08-03,G7,4476,-0.4600763009439816,478.0,Easy
2025-08-03,G7,4431,-0.4630009484132017,479.0,Easy
2025-08-03,OO,5930,-0.46405324283123445,480.0,Easy
2025-08-03,G7,4463,-0.4671373954545967,481.0,Easy
2025-08-03,OO,5382,-0.4676245772832233,482.0,Easy
2025-08-03,G7,4518,-0.4676672026575725,483.0,Easy
2025-08-03,OO,4718,-0.4688435723540288,484.0,Easy
2025-08-03,OO,5493,-0.46930832281060647,485.0,Easy
2025-08-03,YX,3409,-0.47126027170872475,486.0,Easy
2025-08-03,UA,2414,-0.47291112075153036,487.0,Easy
2025-08-03,G7,4558,-0.4764875946504825,488.0,Easy
2025-08-03,OO,5737,-0.47671045754053404,489.0,Easy
2025-08-03,YX,3520,-0.4780956096162377,490.0,Easy
2025-08-03,G7,4461,-0.47900279664553347,491.0,Easy
2025-08-03,OO,6002,-0.4845760523043919,492.0,Easy
2025-08-03,YX,3694,-0.4879172640094657,493.0,Easy
2025-08-03,YX,3635,-0.4909193316899234,494.0,Easy
2025-08-03,YX,3708,-0.4943098722087386,495.0,Easy
2025-08-03,G7,4380,-0.49663041463760754,496.0,Easy
2025-08-03,OO,5323,-0.5017527839008991,497.0,Easy
2025-08-03,OO,5253,-0.5026604934802793,498.0,Easy
2025-08-03,OO,5392,-0.5036195186623378,499.0,Easy
2025-08-03,G7,4406,-0.5091966197346286,500.0,Easy
2025-08-03,YX,3433,-0.5112942356479846,501.0,Easy
2025-08-03,YX,3663,-0.5116839619021096,502.0,Easy
2025-08-03,OO,5821,-0.5150671987302753,503.0,Easy
2025-08-03,YX,3690,-0.5180226743124545,504.0,Easy
2025-08-03,OO,5608,-0.5199396574911413,505.0,Easy
2025-08-03,OO,4766,-0.5230013115131028,506.0,Easy
2025-08-03,G7,4502,-0.5248863165163398,507.0,Easy
2025-08-03,OO,5358,-0.5256059892192462,508.0,Easy
2025-08-03,OO,5375,-0.5286790372171308,509.0,Easy
2025-08-03,OO,5624,-0.5301066601838498,510.0,Easy
2025-08-03,OO,5946,-0.5312665488120937,511.0,Easy
2025-08-03,YX,3464,-0.5329536840127682,512.0,Easy
2025-08-03,OO,5225,-0.5330647721608007,513.0,Easy
2025-08-03,YX,3525,-0.5337643935626154,514.0,Easy
2025-08-03,G7,4491,-0.5338131464818757,515.0,Easy
2025-08-03,OO,5289,-0.5339402629533341,516.0,Easy
2025-08-03,G7,4590,-0.5366294890165231,517.0,Easy
2025-08-03,G7,4554,-0.5371460387090756,518.0,Easy
2025-08-03,G7,4395,-0.5410943692651669,519.0,Easy
2025-08-03,UA,265,-0.5414568480843676,520.0,Easy
2025-08-03,OO,5320,-0.542480859151237,521.0,Easy
2025-08-03,G7,4584,-0.542680100690754,522.0,Easy
2025-08-03,OO,4645,-0.5460701879199642,523.0,Easy
2025-08-03,UA,1779,-0.5477679757331512,524.0,Easy
2025-08-03,G7,4585,-0.5484231052035118,525.0,Easy
2025-08-03,OO,5414,-0.5493477144773724,526.0,Easy
2025-08-03,OO,5643,-0.5495028432635869,527.0,Easy
2025-08-03,OO,5555,-0.5496840232570138,528.0,Easy
2025-08-03,G7,4479,-0.5558314444582612,529.0,Easy
2025-08-03,YX,3402,-0.5606761807809065,530.0,Easy
2025-08-03,OO,5444,-0.5638056528351805,531.0,Easy
2025-08-03,G7,4610,-0.5702262199478628,532.0,Easy
2025-08-03,OO,5219,-0.5706611748727759,533.0,Easy
2025-08-03,OO,5262,-0.5931125911558192,534.0,Easy
2025-08-03,G7,4468,-0.5941364594193618,535.0,Easy
2025-08-03,G7,4519,-0.5964766575215084,536.0,Easy
2025-08-03,OO,4748,-0.6041970909669416,537.0,Easy
2025-08-03,G7,4456,-0.6067535892722739,538.0,Easy
2025-08-03,OO,5122,-0.6139630843115534,539.0,Easy
2025-08-03,G7,4599,-0.6172661506633971,540.0,Easy
2025-08-03,OO,5140,-0.6215552843143772,541.0,Easy
2025-08-03,G7,4391,-0.6492435035103394,542.0,Easy
2025-08-03,OO,5138,-0.6549073627181236,543.0,Easy
2025-08-03,OO,5124,-0.721188298586278,544.0,Easy
2025-08-03,UA,1077,-0.7486806166417643,545.0,Easy
2025-08-03,OO,5020,-0.8135547242485217,546.0,Easy
2025-08-03,UA,2232,-0.9304817341734855,547.0,Easy
2025-08-03,OO,5121,-1.0321999190985633,548.0,Easy
2025-08-04,UA,2155,5.71134935611331,1.0,Difficult
2025-08-04,UA,1358,3.7953164001806936,2.0,Difficult
2025-08-04,UA,845,2.906985505884436,3.0,Difficult
2025-08-04,UA,944,2.720917470787519,4.0,Difficult
2025-08-04,UA,291,2.63217531703055,5.0,Difficult
2025-08-04,UA,909,2.390559675536723,6.0,Difficult
2025-08-04,UA,920,2.30934435962253,7.0,Difficult
2025-08-04,OO,4739,2.0883437843303705,8.0,Difficult
2025-08-04,UA,2389,2.0293295149582913,9.0,Difficult
2025-08-04,UA,987,1.913727863795005,10.0,Difficult
2025-08-04,OO,5136,1.815261039029875,11.0,Difficult
2025-08-04,UA,422,1.687831621690612,12.0,Difficult
2025-08-04,UA,777,1.6154031208852433,13.0,Difficult
2025-08-04,UA,1643,1.429581887167298,14.0,Difficult
2025-08-04,UA,2652,1.4226161441092688,15.0,Difficult
2025-08-04,UA,1124,1.4120342355782651,16.0,Difficult
2025-08-04,UA,972,1.3721074853794182,17.0,Difficult
2025-08-04,UA,219,1.3240474525011485,18.0,Difficult
2025-08-04,UA,769,1.2921661811848664,19.0,Difficult
2025-08-04,UA,2426,1.288507468517296,20.0,Difficult
2025-08-04,UA,1584,1.2846516096219052,21.0,Difficult
2025-08-04,UA,1775,1.211978488264483,22.0,Difficult
2025-08-04,UA,1775,1.211978488264483,22.0,Difficult
2025-08-04,UA,2201,1.19333405819778,24.0,Difficult
2025-08-04,UA,1996,1.112003068407617,25.0,Difficult
2025-08-04,UA,881,1.0845996446364334,26.0,Difficult
2025-08-04,UA,359,1.0452373646361501,27.0,Difficult
2025-08-04,UA,2465,1.0449159606538072,28.0,Difficult
2025-08-04,UA,2008,1.0424941158818086,29.0,Difficult
2025-08-04,UA,907,1.0332181891247092,30.0,Difficult
2025-08-04,UA,714,0.9769930162864561,31.0,Difficult
2025-08-04,UA,1205,0.9758755639143518,32.0,Difficult
2025-08-04,UA,953,0.9671872899029974,33.0,Difficult
2025-08-04,UA,1100,0.9553908514789898,34.0,Difficult
2025-08-04,UA,2302,0.9440864702070506,35.0,Difficult
2025-08-04,UA,2455,0.9431509233708598,36.0,Difficult
2025-08-04,UA,1387,0.9028605447670394,37.0,Difficult
2025-08-04,UA,1967,0.8996861470224843,38.0,Difficult
2025-08-04,UA,1599,0.8938127235659186,39.0,Difficult
2025-08-04,OO,5748,0.8881510282027929,40.0,Difficult
2025-08-04,UA,1198,0.8330646868316405,41.0,Difficult
2025-08-04,G7,4406,0.8012629488871275,42.0,Difficult
2025-08-04,UA,445,0.7979915162316761,43.0,Difficult
2025-08-04,YX,3571,0.7879483109762484,44.0,Difficult
2025-08-04,UA,791,0.7825302577899572,45.0,Difficult
2025-08-04,UA,2677,0.7727435399622791,46.0,Difficult
2025-08-04,UA,468,0.7629370480790351,47.0,Difficult
2025-08-04,UA,1620,0.7613576212293397,48.0,Difficult
2025-08-04,UA,2487,0.7414630737493857,49.0,Difficult
2025-08-04,UA,1659,0.7050614498162817,50.0,Difficult
2025-08-04,UA,1761,0.682318791493609,51.0,Difficult
2025-08-04,YX,3440,0.6771464463187024,52.0,Difficult
2025-08-04,OO,5290,0.6715698229220062,53.0,Difficult
2025-08-04,OO,5984,0.6581414538829335,54.0,Difficult
2025-08-04,UA,980,0.6489811729204674,55.0,Difficult
2025-08-04,UA,2172,0.645335885783015,56.0,Difficult
2025-08-04,UA,2665,0.6110536644533092,57.0,Difficult
2025-08-04,UA,609,0.601234596316526,58.0,Difficult
2025-08-04,UA,1641,0.5940893308514467,59.0,Difficult
2025-08-04,UA,1182,0.5866622578292634,60.0,Difficult
2025-08-04,UA,118,0.5823168233306962,61.0,Difficult
2025-08-04,UA,1306,0.577408034190904,62.0,Difficult
2025-08-04,UA,729,0.5771627285766153,63.0,Difficult
2025-08-04,UA,912,0.5617197645253919,64.0,Difficult
2025-08-04,UA,2361,0.5574441764363046,65.0,Difficult
2025-08-04,UA,503,0.527903718093554,66.0,Difficult
2025-08-04,UA,2179,0.4982603246170655,67.0,Difficult
2025-08-04,UA,1068,0.48812152375923185,68.0,Difficult
2025-08-04,UA,1660,0.48549387459414767,69.0,Difficult
2025-08-04,UA,2430,0.4809584514535397,70.0,Difficult
2025-08-04,UA,1215,0.4794862077504928,71.0,Difficult
2025-08-04,UA,2483,0.478571413501794,72.0,Difficult
2025-08-04,UA,660,0.4735839782083586,73.0,Difficult
2025-08-04,UA,1492,0.46410346985753215,74.0,Difficult
2025-08-04,UA,2658,0.4561811476610689,75.0,Difficult
2025-08-04,UA,622,0.44159201521241437,76.0,Difficult
2025-08-04,G7,4481,0.4404661241933088,77.0,Difficult
2025-08-04,UA,695,0.44042135214273836,78.0,Difficult
2025-08-04,YX,3421,0.4211593781643636,79.0,Difficult
2025-08-04,UA,1710,0.4186167273777692,80.0,Difficult
2025-08-04,UA,1832,0.4074435419216814,81.0,Difficult
2025-08-04,UA,1616,0.39982913664184994,82.0,Difficult
2025-08-04,OO,5726,0.3960701743327165,83.0,Difficult
2025-08-04,OO,5380,0.38843425280365873,84.0,Difficult
2025-08-04,OO,4789,0.3707723942708386,85.0,Difficult
2025-08-04,UA,288,0.3689280480587531,86.0,Difficult
2025-08-04,UA,563,0.3654714997101429,87.0,Difficult
2025-08-04,UA,1030,0.3650499967881399,88.0,Difficult
2025-08-04,UA,2038,0.36037882150783923,89.0,Difficult
2025-08-04,UA,2092,0.3503000657388428,90.0,Difficult
2025-08-04,UA,286,0.3502918896345406,91.0,Difficult
2025-08-04,OO,5577,0.3411582155837161,92.0,Difficult
2025-08-04,UA,2254,0.3386537384203348,93.0,Difficult
2025-08-04,UA,2195,0.3385294880578748,94.0,Difficult
2025-08-04,UA,1577,0.3296872835994574,95.0,Difficult
2025-08-04,UA,1857,0.32793995353491406,96.0,Difficult
2025-08-04,UA,1775,0.32048858254732904,97.0,Difficult
2025-08-04,UA,1775,0.32048858254732904,97.0,Difficult
2025-08-04,UA,1811,0.3152558915502085,99.0,Difficult
2025-08-04,UA,224,0.3123289263798707,100.0,Difficult
2025-08-04,UA,1538,0.3104385030795806,101.0,Difficult
2025-08-04,OO,5469,0.31010608263403183,102.0,Difficult
2025-08-04,UA,970,0.3079119145616095,103.0,Difficult
2025-08-04,UA,1347,0.30767408456594664,104.0,Difficult
2025-08-04,OO,5603,0.30416692389817096,105.0,Difficult
2025-08-04,UA,1708,0.294798396197985,106.0,Difficult
2025-08-04,UA,2653,0.2940608794126548,107.0,Difficult
2025-08-04,UA,265,0.2934881696457081,108.0,Difficult
2025-08-04,UA,1252,0.29035699675510734,109.0,Difficult
2025-08-04,UA,1975,0.29021259527902227,110.0,Difficult
2025-08-04,UA,2691,0.2828473321838991,111.0,Difficult
2025-08-04,UA,1273,0.2809875973819856,112.0,Difficult
2025-08-04,UA,2657,0.2793828430547087,113.0,Difficult
2025-08-04,OO,5964,0.2758338211912095,114.0,Difficult
2025-08-04,UA,556,0.26741868856082374,115.0,Difficult
2025-08-04,G7,4391,0.2670656829909963,116.0,Difficult
2025-08-04,UA,2666,0.2654754566992781,117.0,Difficult
2025-08-04,UA,3,0.2642854342685762,118.0,Difficult
2025-08-04,UA,576,0.2566996711734054,119.0,Difficult
2025-08-04,UA,1224,0.252415581441334,120.0,Difficult
2025-08-04,UA,1363,0.25135219138680137,121.0,Difficult
2025-08-04,UA,343,0.24866679613823467,122.0,Difficult
2025-08-04,OO,5532,0.24610124431176877,123.0,Difficult
2025-08-04,UA,600,0.244832869981112,124.0,Difficult
2025-08-04,G7,4186,0.24089514775187607,125.0,Difficult
2025-08-04,UA,349,0.23760699895273651,126.0,Difficult
2025-08-04,UA,2683,0.23621992601614422,127.0,Difficult
2025-08-04,UA,533,0.23250584197255914,128.0,Difficult
2025-08-04,OO,5729,0.2255892354805077,129.0,Difficult
2025-08-04,UA,1304,0.2246759045507818,130.0,Difficult
2025-08-04,UA,1324,0.2138405922819848,131.0,Difficult
2025-08-04,UA,1335,0.21086696894868223,132.0,Difficult
2025-08-04,OO,5763,0.20578731561652686,133.0,Difficult
2025-08-04,UA,2424,0.20283954695492928,134.0,Difficult
2025-08-04,UA,276,0.1999706343495692,135.0,Difficult
2025-08-04,UA,1477,0.19915206259444806,136.0,Difficult
2025-08-04,UA,2004,0.19603963858453724,137.0,Difficult
2025-08-04,UA,561,0.19553225682966655,138.0,Difficult
2025-08-04,UA,2394,0.19242300884415664,139.0,Difficult
2025-08-04,OO,5118,0.18457065869416103,140.0,Difficult
2025-08-04,OO,5901,0.18211889836632744,141.0,Difficult
2025-08-04,UA,1801,0.1789704276568782,142.0,Difficult
2025-08-04,UA,356,0.1748890918151212,143.0,Medium
2025-08-04,UA,466,0.1723084148592312,144.0,Medium
2025-08-04,YX,3542,0.17128248730032078,145.0,Medium
2025-08-04,UA,307,0.168451237649184,146.0,Medium
2025-08-04,UA,1658,0.16614955403485188,147.0,Medium
2025-08-04,UA,1314,0.1626031931983543,148.0,Medium
2025-08-04,UA,1209,0.1564548626224846,149.0,Medium
2025-08-04,UA,580,0.1546009657983582,150.0,Medium
2025-08-04,UA,2207,0.1497054011696304,151.0,Medium
2025-08-04,UA,2494,0.13957069892298024,152.0,Medium
2025-08-04,UA,1878,0.1324383393292567,153.0,Medium
2025-08-04,UA,1044,0.13151446865373712,154.0,Medium
2025-08-04,UA,938,0.1303967511471931,155.0,Medium
2025-08-04,G7,4425,0.13015693926424657,156.0,Medium
2025-08-04,UA,2232,0.12287511715951414,157.0,Medium
2025-08-04,UA,2133,0.12168384090393919,158.0,Medium
2025-08-04,UA,378,0.11851991153378547,159.0,Medium
2025-08-04,YX,3535,0.11741618847271096,160.0,Medium
2025-08-04,UA,602,0.11734863281305546,161.0,Medium
2025-08-04,YX,3655,0.11426060662413082,162.0,Medium
2025-08-04,UA,786,0.10884075146122066,163.0,Medium
2025-08-04,UA,2226,0.1087455203353877,164.0,Medium
2025-08-04,G7,4611,0.10834614006721083,165.0,Medium
2025-08-04,UA,1328,0.10826352966324371,166.0,Medium
2025-08-04,UA,2440,0.10592804070519894,167.0,Medium
2025-08-04,UA,1803,0.10113602522401954,168.0,Medium
2025-08-04,UA,2104,0.0950935630352642,169.0,Medium
2025-08-04,UA,2337,0.09376887942792952,170.0,Medium
2025-08-04,UA,2661,0.0929989511561598,171.0,Medium
2025-08-04,UA,767,0.09211953768870164,172.0,Medium
2025-08-04,UA,1301,0.08522572187735412,173.0,Medium
2025-08-04,UA,1920,0.08294976707560524,174.0,Medium
2025-08-04,UA,1525,0.08140078303925298,175.0,Medium
2025-08-04,OO,5099,0.07596476744538233,176.0,Medium
2025-08-04,UA,2189,0.0731489480401534,177.0,Medium
2025-08-04,YX,3498,0.07290656590045531,178.0,Medium
2025-08-04,OO,5963,0.07077555353921529,179.0,Medium
2025-08-04,UA,2862,0.06623755245746124,180.0,Medium
2025-08-04,UA,1742,0.06169646343062691,181.0,Medium
2025-08-04,G7,4474,0.06083725893842301,182.0,Medium
2025-08-04,UA,2616,0.05962579911129629,183.0,Medium
2025-08-04,UA,1041,0.05919988734975756,184.0,Medium
2025-08-04,UA,1980,0.05908079588441239,185.0,Medium
2025-08-04,UA,1403,0.048228158261610136,186.0,Medium
2025-08-04,OO,5859,0.0478175258153215,187.0,Medium
2025-08-04,UA,2387,0.044506970692462774,188.0,Medium
2025-08-04,YX,3716,0.03843987320425866,189.0,Medium
2025-08-04,G7,4380,0.0366649199399062,190.0,Medium
2025-08-04,G7,4390,0.03152519245478087,191.0,Medium
2025-08-04,UA,482,0.030905303912999067,192.0,Medium
2025-08-04,OO,5225,0.022704349596128545,193.0,Medium
2025-08-04,UA,1778,0.02226705645193587,194.0,Medium
2025-08-04,UA,763,0.02169688337728857,195.0,Medium
2025-08-04,OO,5601,0.021436149330606714,196.0,Medium
2025-08-04,UA,2137,0.020896000316933012,197.0,Medium
2025-08-04,YX,3465,0.01944329798071684,198.0,Medium
2025-08-04,OO,4636,0.019133153373477246,199.0,Medium
2025-08-04,UA,1077,0.019086041752725515,200.0,Medium
2025-08-04,UA,2364,0.012085600401502663,201.0,Medium
2025-08-04,YX,3525,0.011405246348074778,202.0,Medium
2025-08-04,OO,5930,0.00923556849237744,203.0,Medium
2025-08-04,UA,2147,0.008694639497151407,204.0,Medium
2025-08-04,OO,5810,0.002420008020517374,205.0,Medium
2025-08-04,UA,2071,-3.965086865775902e-05,206.0,Medium
2025-08-04,UA,1414,-0.002616981296070745,207.0,Medium
2025-08-04,UA,2090,-0.004218058890273511,208.0,Medium
2025-08-04,UA,2635,-0.00560104504254863,209.0,Medium
2025-08-04,UA,758,-0.007742142082325404,210.0,Medium
2025-08-04,UA,1785,-0.00824823309685727,211.0,Medium
2025-08-04,UA,2347,-0.010138199777711084,212.0,Medium
2025-08-04,OO,5360,-0.012921935227279278,213.0,Medium
2025-08-04,OO,4792,-0.01678606577339002,214.0,Medium
2025-08-04,UA,2618,-0.017038248241762706,215.0,Medium
2025-08-04,UA,1361,-0.020829411540298864,216.0,Medium
2025-08-04,UA,2488,-0.023983888034212725,217.0,Medium
2025-08-04,YX,3641,-0.024581765773172982,218.0,Medium
2025-08-04,G7,4599,-0.025769863888925063,219.0,Medium
2025-08-04,UA,1983,-0.026079336133211062,220.0,Medium
2025-08-04,UA,1779,-0.03374693341126103,221.0,Medium
2025-08-04,UA,416,-0.034849854008725756,222.0,Medium
2025-08-04,OO,5320,-0.03588843087877243,223.0,Medium
2025-08-04,UA,1564,-0.037543803117185096,224.0,Medium
2025-08-04,UA,380,-0.04026562182812227,225.0,Medium
2025-08-04,YX,3451,-0.04115620366827213,226.0,Medium
2025-08-04,YX,3663,-0.044588571228277404,227.0,Medium
2025-08-04,OO,5414,-0.04838532657687189,228.0,Medium
2025-08-04,UA,2106,-0.04951498868072537,229.0,Medium
2025-08-04,UA,2417,-0.05394518454747241,230.0,Medium
2025-08-04,G7,4395,-0.0584962988582467,231.0,Medium
2025-08-04,UA,2154,-0.05956586139046412,232.0,Medium
2025-08-04,UA,247,-0.05971464254483466,233.0,Medium
2025-08-04,YX,3402,-0.05987031960765222,234.0,Medium
2025-08-04,OO,5124,-0.060205744978987216,235.0,Medium
2025-08-04,OO,5699,-0.06499122161061474,236.0,Medium
2025-08-04,UA,1677,-0.06596726109402076,237.0,Medium
2025-08-04,UA,2280,-0.06627014779630566,238.0,Medium
2025-08-04,UA,467,-0.0685465605978393,239.0,Medium
2025-08-04,YX,3468,-0.06930171205982555,240.0,Medium
2025-08-04,UA,2005,-0.07453134602386977,241.0,Medium
2025-08-04,OO,5841,-0.07497774458690645,242.0,Medium
2025-08-04,UA,2333,-0.07629097081680207,243.0,Medium
2025-08-04,UA,1740,-0.07821485099855757,244.0,Medium
2025-08-04,UA,1594,-0.08200999534319287,245.0,Medium
2025-08-04,OO,5405,-0.082029088824815,246.0,Medium
2025-08-04,OO,5021,-0.08426358430184175,247.0,Medium
2025-08-04,G7,4468,-0.08458088535545616,248.0,Medium
2025-08-04,UA,1144,-0.0889018120401491,249.0,Medium
2025-08-04,UA,929,-0.09110358066269776,250.0,Medium
2025-08-04,OO,5262,-0.09432258776049053,251.0,Medium
2025-08-04,YX,3638,-0.09552792111052172,252.0,Medium
2025-08-04,OO,5505,-0.09628174876809763,253.0,Medium
2025-08-04,UA,2370,-0.0974267052882827,254.0,Medium
2025-08-04,UA,2067,-0.10163142780248557,255.0,Medium
2025-08-04,UA,764,-0.10329566053363182,256.0,Medium
2025-08-04,UA,310,-0.10390944791816478,257.0,Medium
2025-08-04,UA,2323,-0.1039298644487015,258.0,Medium
2025-08-04,UA,2202,-0.10434009451983955,259.0,Medium
2025-08-04,UA,2649,-0.10717793096219815,260.0,Medium
2025-08-04,UA,1848,-0.1118196390254505,261.0,Medium
2025-08-04,OO,5526,-0.11347521209970217,262.0,Medium
2025-08-04,UA,2290,-0.11465196304107361,263.0,Medium
2025-08-04,UA,739,-0.11526032783791565,264.0,Medium
2025-08-04,UA,490,-0.11835833624883565,265.0,Medium
2025-08-04,UA,2225,-0.1197250771112808,266.0,Medium
2025-08-04,OO,5833,-0.12409448486233332,267.0,Medium
2025-08-04,UA,1270,-0.12841959363543615,268.0,Medium
2025-08-04,OO,5140,-0.12934568403445473,269.0,Medium
2025-08-04,UA,2182,-0.12953061077618802,270.0,Medium
2025-08-04,UA,1269,-0.13042010358703926,271.0,Medium
2025-08-04,UA,1815,-0.13316042311717344,272.0,Medium
2025-08-04,UA,534,-0.13455630842957209,273.0,Medium
2025-08-04,UA,1082,-0.13667544261195833,274.0,Medium
2025-08-04,OO,5493,-0.13715472532569,275.0,Medium
2025-08-04,UA,1923,-0.13950483415579748,276.0,Medium
2025-08-04,UA,1830,-0.14297806325176576,277.0,Medium
2025-08-04,UA,1156,-0.14490631673944063,278.0,Medium
2025-08-04,OO,5427,-0.14742492226619508,279.0,Medium
2025-08-04,OO,5988,-0.14990144336094494,280.0,Medium
2025-08-04,UA,2672,-0.1541951352998423,281.0,Medium
2025-08-04,OO,4809,-0.15497213244454427,282.0,Medium
2025-08-04,UA,1421,-0.1568911495795829,283.0,Medium
2025-08-04,UA,293,-0.15904567533388003,284.0,Medium
2025-08-04,OO,5038,-0.16169616742375498,285.0,Medium
2025-08-04,YX,3603,-0.16291820863888956,286.0,Medium
2025-08-04,OO,5607,-0.1649404030951645,287.0,Medium
2025-08-04,UA,2243,-0.16757249438258032,288.0,Medium
2025-08-04,UA,2497,-0.16861605452123107,289.0,Medium
2025-08-04,OO,5260,-0.16872473412031186,290.0,Medium
2025-08-04,UA,2628,-0.17083974924877712,291.0,Medium
2025-08-04,UA,1168,-0.1711282863444492,292.0,Medium
2025-08-04,OO,5568,-0.17144050727307777,293.0,Medium
2025-08-04,UA,721,-0.1745937448587439,294.0,Medium
2025-08-04,OO,5731,-0.17500561347189603,295.0,Medium
2025-08-04,UA,1239,-0.17694321364602372,296.0,Medium
2025-08-04,YX,3708,-0.18420214368843665,297.0,Medium
2025-08-04,UA,1655,-0.18492870280572227,298.0,Medium
2025-08-04,UA,1502,-0.1862092122636587,299.0,Medium
2025-08-04,UA,1580,-0.18918407927741096,300.0,Medium
2025-08-04,YX,3569,-0.19049134177230315,301.0,Medium
2025-08-04,UA,1859,-0.19094169026680446,302.0,Medium
2025-08-04,UA,1634,-0.19100172237433458,303.0,Medium
2025-08-04,UA,2481,-0.1916414285940974,304.0,Medium
2025-08-04,OO,5337,-0.1953592131928482,305.0,Medium
2025-08-04,UA,481,-0.1953688956790457,306.0,Medium
2025-08-04,UA,1381,-0.1954964480557788,307.0,Medium
2025-08-04,G7,4574,-0.19972469874307203,308.0,Medium
2025-08-04,YX,3409,-0.20225013892168325,309.0,Medium
2025-08-04,OO,5852,-0.2025420174442395,310.0,Medium
2025-08-04,UA,1297,-0.20293670083053747,311.0,Medium
2025-08-04,OO,5695,-0.20311088798088248,312.0,Medium
2025-08-04,G7,4529,-0.2032397546004958,313.0,Medium
2025-08-04,UA,2011,-0.20815362009938257,314.0,Medium
2025-08-04,UA,1316,-0.2095656445227549,315.0,Medium
2025-08-04,UA,1842,-0.20974656842430844,316.0,Medium
2025-08-04,G7,4185,-0.21020690690051622,317.0,Medium
2025-08-04,OO,5948,-0.21132509626751184,318.0,Medium
2025-08-04,UA,1834,-0.21233448348163148,319.0,Medium
2025-08-04,OO,5593,-0.21454211499139994,320.0,Medium
2025-08-04,UA,1576,-0.21464922678557113,321.0,Medium
2025-08-04,G7,4571,-0.2182195045831225,322.0,Medium
2025-08-04,OO,5358,-0.22175654147925616,323.0,Medium
2025-08-04,G7,4194,-0.22299355771254986,324.0,Medium
2025-08-04,UA,1377,-0.22743954021984025,325.0,Medium
2025-08-04,UA,2039,-0.22748486980813615,326.0,Medium
2025-08-04,OO,5565,-0.22796502211066522,327.0,Medium
2025-08-04,UA,2075,-0.23350852217736925,328.0,Medium
2025-08-04,OO,5269,-0.23554425139767676,329.0,Medium
2025-08-04,OO,5314,-0.2384187957600122,330.0,Medium
2025-08-04,UA,2278,-0.2397741813715324,331.0,Medium
2025-08-04,UA,1756,-0.24100632531451358,332.0,Medium
2025-08-04,UA,1933,-0.24186745428466672,333.0,Medium
2025-08-04,UA,592,-0.24197932435352876,334.0,Medium
2025-08-04,UA,1398,-0.2435811694717105,335.0,Medium
2025-08-04,UA,2427,-0.2446799777802457,336.0,Medium
2025-08-04,OO,5977,-0.24490272825302148,337.0,Medium
2025-08-04,OO,5557,-0.24729439981663517,338.0,Medium
2025-08-04,UA,2138,-0.2508717435909989,339.0,Medium
2025-08-04,UA,1097,-0.2531349768952333,340.0,Medium
2025-08-04,UA,312,-0.25349850323591333,341.0,Medium
2025-08-04,OO,5637,-0.2560034099259781,342.0,Medium
2025-08-04,YX,3464,-0.25668257023767443,343.0,Medium
2025-08-04,UA,2100,-0.25729673107514955,344.0,Medium
2025-08-04,YX,3604,-0.25806279485841277,345.0,Medium
2025-08-04,UA,2040,-0.2594414384901992,346.0,Medium
2025-08-04,UA,1531,-0.2597161986110793,347.0,Medium
2025-08-04,UA,793,-0.2638261900421821,348.0,Medium
2025-08-04,G7,4188,-0.2643241763357959,349.0,Medium
2025-08-04,OO,5564,-0.2665091077777839,350.0,Medium
2025-08-04,UA,1989,-0.2672063544500978,351.0,Medium
2025-08-04,UA,411,-0.2681555435932704,352.0,Medium
2025-08-04,OO,5251,-0.2694095279463964,353.0,Medium
2025-08-04,OO,5362,-0.2753842237740608,354.0,Medium
2025-08-04,OO,5125,-0.2770389814301133,355.0,Medium
2025-08-04,OO,5289,-0.27705579563006066,356.0,Medium
2025-08-04,G7,4173,-0.279727832701446,357.0,Medium
2025-08-04,OO,5100,-0.28058244964330253,358.0,Medium
2025-08-04,G7,4501,-0.28086807935214625,359.0,Medium
2025-08-04,UA,2099,-0.28113478882177295,360.0,Medium
2025-08-04,UA,2385,-0.2823564035078521,361.0,Medium
2025-08-04,OO,5398,-0.28250793082080083,362.0,Medium
2025-08-04,G7,4484,-0.2841737955884044,363.0,Medium
2025-08-04,UA,2144,-0.28420137594863937,364.0,Medium
2025-08-04,OO,5121,-0.2860373419386262,365.0,Medium
2025-08-04,UA,1617,-0.2877247575182541,366.0,Medium
2025-08-04,UA,1139,-0.2879637139393003,367.0,Medium
2025-08-04,G7,4554,-0.2901047002962775,368.0,Medium
2025-08-04,UA,1448,-0.2904082451105027,369.0,Medium
2025-08-04,OO,5499,-0.29073154702733855,370.0,Medium
2025-08-04,YX,3598,-0.2908287336996848,371.0,Medium
2025-08-04,UA,2148,-0.29101735445198157,372.0,Medium
2025-08-04,OO,5631,-0.2910302294549891,373.0,Medium
2025-08-04,UA,399,-0.29108140727645704,374.0,Medium
2025-08-04,UA,1823,-0.29178078527650464,375.0,Medium
2025-08-04,UA,1612,-0.2955488788324426,376.0,Medium
2025-08-04,OO,4748,-0.29682251667385584,377.0,Medium
2025-08-04,OO,5819,-0.2994385477157841,378.0,Medium
2025-08-04,UA,1657,-0.3018257508870729,379.0,Medium
2025-08-04,OO,5446,-0.3028633575228302,380.0,Medium
2025-08-04,UA,1909,-0.30301051723873074,381.0,Medium
2025-08-04,G7,4590,-0.30313904582629,382.0,Medium
2025-08-04,UA,1693,-0.3033462846968784,383.0,Medium
2025-08-04,UA,664,-0.30548353995935135,384.0,Medium
2025-08-04,OO,5608,-0.30730743278971234,385.0,Medium
2025-08-04,OO,5536,-0.30867933698700684,386.0,Medium
2025-08-04,OO,4645,-0.3094192572530317,387.0,Medium
2025-08-04,OO,5292,-0.3097982945266533,388.0,Medium
2025-08-04,UA,1851,-0.31142201537243175,389.0,Medium
2025-08-04,UA,1006,-0.3121744504256622,390.0,Medium
2025-08-04,YX,3433,-0.3133767241169496,391.0,Medium
2025-08-04,UA,611,-0.31349531603899705,392.0,Medium
2025-08-04,UA,2329,-0.31406377833547694,393.0,Medium
2025-08-04,UA,2343,-0.31471776289500764,394.0,Medium
2025-08-04,OO,5521,-0.3193463677596632,395.0,Medium
2025-08-04,UA,1010,-0.3195897147497126,396.0,Medium
2025-08-04,OO,5517,-0.3214052913770084,397.0,Medium
2025-08-04,OO,5131,-0.32319635960108434,398.0,Medium
2025-08-04,UA,1905,-0.3239983061302186,399.0,Medium
2025-08-04,UA,1872,-0.32453379419144684,400.0,Medium
2025-08-04,YX,3707,-0.3249507591994928,401.0,Medium
2025-08-04,UA,2251,-0.3249821382778121,402.0,Medium
2025-08-04,YX,3568,-0.32810409122727674,403.0,Medium
2025-08-04,UA,1899,-0.32817337762475834,404.0,Medium
2025-08-04,G7,4549,-0.3285759480039675,405.0,Medium
2025-08-04,UA,2378,-0.3300606305936418,406.0,Medium
2025-08-04,YX,3718,-0.3308921052181029,407.0,Medium
2025-08-04,UA,2684,-0.33220876694076384,408.0,Medium
2025-08-04,UA,476,-0.3324860269539244,409.0,Medium
2025-08-04,UA,617,-0.332767911170412,410.0,Medium
2025-08-04,OO,5280,-0.33333075679685953,411.0,Medium
2025-08-04,YX,3694,-0.3369075765995335,412.0,Medium
2025-08-04,UA,1485,-0.33704272544369906,413.0,Medium
2025-08-04,UA,1129,-0.3377132345758014,414.0,Medium
2025-08-04,UA,2211,-0.3384035683440939,415.0,Medium
2025-08-04,OO,5383,-0.34002948313611026,416.0,Medium
2025-08-04,G7,4519,-0.3409168269938274,417.0,Medium
2025-08-04,UA,1069,-0.3410035003391968,418.0,Medium
2025-08-04,G7,4458,-0.3433272979734537,419.0,Medium
2025-08-04,OO,5275,-0.3439062283717089,420.0,Medium
2025-08-04,OO,5843,-0.3443668459016022,421.0,Medium
2025-08-04,UA,2418,-0.34539777709082037,422.0,Medium
2025-08-04,YX,3551,-0.34608567594226836,423.0,Medium
2025-08-04,YX,3668,-0.34775733752872834,424.0,Medium
2025-08-04,OO,5108,-0.3499893347689095,425.0,Easy
2025-08-04,UA,1741,-0.3501043592132503,426.0,Easy
2025-08-04,UA,1583,-0.3546524602945115,427.0,Easy
2025-08-04,G7,4387,-0.355403044375813,428.0,Easy
2025-08-04,OO,5712,-0.3593046493862701,429.0,Easy
2025-08-04,OO,5392,-0.3598200434736839,430.0,Easy
2025-08-04,OO,5135,-0.36008246203483196,431.0,Easy
2025-08-04,G7,4461,-0.3609673486684611,432.0,Easy
2025-08-04,OO,5585,-0.3665792864391674,433.0,Easy
2025-08-04,UA,1776,-0.3673325883415926,434.0,Easy
2025-08-04,OO,5538,-0.36755057750252224,435.0,Easy
2025-08-04,UA,2059,-0.36797642127104124,436.0,Easy
2025-08-04,UA,669,-0.3700249202812239,437.0,Easy
2025-08-04,OO,5448,-0.3721812788063768,438.0,Easy
2025-08-04,OO,5474,-0.37248912055426947,439.0,Easy
2025-08-04,UA,1113,-0.37260858541309855,440.0,Easy
2025-08-04,YX,3520,-0.37401783859949417,441.0,Easy
2025-08-04,OO,5219,-0.3744794168774262,442.0,Easy
2025-08-04,OO,5737,-0.3771169120686375,443.0,Easy
2025-08-04,UA,2369,-0.3803839745188871,444.0,Easy
2025-08-04,OO,5652,-0.38050748762053327,445.0,Easy
2025-08-04,YX,3654,-0.3807497605843895,446.0,Easy
2025-08-04,OO,5375,-0.3837496931334978,447.0,Easy
2025-08-04,UA,2640,-0.38415301837888627,448.0,Easy
2025-08-04,G7,4585,-0.38432358657935295,449.0,Easy
2025-08-04,UA,2609,-0.3861597387093782,450.0,Easy
2025-08-04,UA,1941,-0.3869990977697089,451.0,Easy
2025-08-04,OO,5309,-0.38824260125769444,452.0,Easy
2025-08-04,OO,4638,-0.3908625621644225,453.0,Easy
2025-08-04,OO,5122,-0.3937156347901302,454.0,Easy
2025-08-04,OO,5437,-0.39704570139273726,455.0,Easy
2025-08-04,G7,4429,-0.3975350017839481,456.0,Easy
2025-08-04,UA,708,-0.39868066435147304,457.0,Easy
2025-08-04,UA,2200,-0.40088965311374786,458.0,Easy
2025-08-04,G7,4546,-0.40304919546037266,459.0,Easy
2025-08-04,G7,4507,-0.40493599800495994,460.0,Easy
2025-08-04,OO,5094,-0.4077448173816762,461.0,Easy
2025-08-04,OO,5836,-0.4093405139986655,462.0,Easy
2025-08-04,UA,1946,-0.41748849883298883,463.0,Easy
2025-08-04,G7,4517,-0.417640498672534,464.0,Easy
2025-08-04,OO,5874,-0.4192706192129735,465.0,Easy
2025-08-04,OO,5272,-0.4193583456297759,466.0,Easy
2025-08-04,OO,5376,-0.41945164024525977,467.0,Easy
2025-08-04,UA,2629,-0.421324207894675,468.0,Easy
2025-08-04,G7,4518,-0.42410476640812284,469.0,Easy
2025-08-04,G7,4491,-0.4241582169962576,470.0,Easy
2025-08-04,OO,5103,-0.42437241686933996,471.0,Easy
2025-08-04,OO,5435,-0.4249297453632599,472.0,Easy
2025-08-04,UA,1413,-0.4258314950033474,473.0,Easy
2025-08-04,G7,4436,-0.42612463187040994,474.0,Easy
2025-08-04,YX,3536,-0.4272218086047136,475.0,Easy
2025-08-04,G7,4426,-0.42779263109789756,476.0,Easy
2025-08-04,OO,5534,-0.42811636996633734,477.0,Easy
2025-08-04,YX,3635,-0.43088149264957626,478.0,Easy
2025-08-04,UA,1178,-0.43358545902682244,479.0,Easy
2025-08-04,YX,3700,-0.4358072125102569,480.0,Easy
2025-08-04,UA,2414,-0.4378850069616912,481.0,Easy
2025-08-04,OO,5274,-0.43826701191736867,482.0,Easy
2025-08-04,G7,4610,-0.43922601650758974,483.0,Easy
2025-08-04,G7,4445,-0.44209718101565826,484.0,Easy
2025-08-04,UA,275,-0.444661817549683,485.0,Easy
2025-08-04,OO,5624,-0.44474374069191647,486.0,Easy
2025-08-04,YX,3690,-0.4449379936399424,487.0,Easy
2025-08-04,OO,5668,-0.4475790688341562,488.0,Easy
2025-08-04,OO,5555,-0.44822423176025455,489.0,Easy
2025-08-04,UA,1491,-0.44840495076420395,490.0,Easy
2025-08-04,UA,587,-0.44851899292197644,491.0,Easy
2025-08-04,OO,5915,-0.45036531107000716,492.0,Easy
2025-08-04,YX,3614,-0.4529249823467366,493.0,Easy
2025-08-04,G7,4563,-0.4562129807252525,494.0,Easy
2025-08-04,OO,5395,-0.46515634360296415,495.0,Easy
2025-08-04,OO,5999,-0.4707641858387469,496.0,Easy
2025-08-04,G7,4502,-0.4720209571462207,497.0,Easy
2025-08-04,OO,5045,-0.4732451870174987,498.0,Easy
2025-08-04,YX,3696,-0.473563868888764,499.0,Easy
2025-08-04,OO,5344,-0.4756694730670883,500.0,Easy
2025-08-04,OO,5646,-0.4776293825903442,501.0,Easy
2025-08-04,OO,5847,-0.4776401707422515,502.0,Easy
2025-08-04,OO,5215,-0.47767785245339983,503.0,Easy
2025-08-04,OO,5447,-0.4802663286546483,504.0,Easy
2025-08-04,OO,5250,-0.48366020576183943,505.0,Easy
2025-08-04,UA,2113,-0.48660936745191957,506.0,Easy
2025-08-04,UA,1974,-0.4868531249664162,507.0,Easy
2025-08-04,OO,5795,-0.48993530399118623,508.0,Easy
2025-08-04,OO,5790,-0.4914573760106007,509.0,Easy
2025-08-04,G7,4452,-0.49594610777788867,510.0,Easy
2025-08-04,OO,5821,-0.49662928762132197,511.0,Easy
2025-08-04,G7,4389,-0.49681160482907005,512.0,Easy
2025-08-04,YX,3628,-0.49709375646924336,513.0,Easy
2025-08-04,YX,3523,-0.497809428918505,514.0,Easy
2025-08-04,G7,4559,-0.49896342604496113,515.0,Easy
2025-08-04,UA,752,-0.4993921299553084,516.0,Easy
2025-08-04,UA,1793,-0.500055044529006,517.0,Easy
2025-08-04,YX,3601,-0.5003690083918324,518.0,Easy
2025-08-04,OO,5444,-0.5012983688367706,519.0,Easy
2025-08-04,G7,4613,-0.501731889645859,520.0,Easy
2025-08-04,UA,374,-0.5028412805793138,521.0,Easy
2025-08-04,OO,4712,-0.503392282695203,522.0,Easy
2025-08-04,G7,4597,-0.5081729886643311,523.0,Easy
2025-08-04,G7,4552,-0.513453801602536,524.0,Easy
2025-08-04,YX,3685,-0.5167961127928998,525.0,Easy
2025-08-04,UA,2865,-0.5174681609064954,526.0,Easy
2025-08-04,OO,5382,-0.5192119113135657,527.0,Easy
2025-08-04,YX,3610,-0.519678149431762,528.0,Easy
2025-08-04,G7,4482,-0.519906637431308,529.0,Easy
2025-08-04,G7,4584,-0.5207867698907889,530.0,Easy
2025-08-04,G7,4431,-0.523692360609957,531.0,Easy
2025-08-04,OO,5868,-0.5237823261602575,532.0,Easy
2025-08-04,G7,4558,-0.5324791061002834,533.0,Easy
2025-08-04,G7,4476,-0.5326491528050633,534.0,Easy
2025-08-04,OO,5470,-0.5336838845130794,535.0,Easy
2025-08-04,YX,3493,-0.53437485807429,536.0,Easy
2025-08-04,UA,2177,-0.5431124248296205,537.0,Easy
2025-08-04,G7,4530,-0.5452323633801772,538.0,Easy
2025-08-04,OO,5234,-0.5458432406131123,539.0,Easy
2025-08-04,G7,4542,-0.5564364283577037,540.0,Easy
2025-08-04,UA,1495,-0.5579298438485584,541.0,Easy
2025-08-04,OO,5353,-0.5593246352729125,542.0,Easy
2025-08-04,G7,4416,-0.5602409511223153,543.0,Easy
2025-08-04,OO,5352,-0.560275144600318,544.0,Easy
2025-08-04,G7,4504,-0.5654670335788184,545.0,Easy
2025-08-04,OO,4766,-0.5683801024007128,546.0,Easy
2025-08-04,OO,5420,-0.5723513843345941,547.0,Easy
2025-08-04,G7,4600,-0.5761569362584485,548.0,Easy
2025-08-04,G7,4184,-0.5764065952927937,549.0,Easy
2025-08-04,OO,4780,-0.5807071485905851,550.0,Easy
2025-08-04,OO,4791,-0.5811964489817959,551.0,Easy
2025-08-04,G7,4568,-0.5882270136949088,552.0,Easy
2025-08-04,G7,4588,-0.5883412808175663,553.0,Easy
2025-08-04,OO,5946,-0.605677940663568,554.0,Easy
2025-08-04,OO,5610,-0.6058843917864625,555.0,Easy
2025-08-04,OO,4778,-0.618189508819134,556.0,Easy
2025-08-04,OO,5229,-0.6243999382324416,557.0,Easy
2025-08-04,OO,5138,-0.6247044390449342,558.0,Easy
2025-08-04,OO,5230,-0.636076129414496,559.0,Easy
2025-08-04,OO,5026,-0.6803676193527413,560.0,Easy
2025-08-04,OO,5253,-0.698550989713399,561.0,Easy
2025-08-04,OO,5020,-0.7290013397967812,562.0,Easy
2025-08-04,OO,5643,-0.7357541380503672,563.0,Easy
2025-08-04,OO,5021,-0.8442837707769997,564.0,Easy
2025-08-04,OO,5027,-0.8719890318487387,565.0,Easy
2025-08-05,OO,5103,5.52718673521689,1.0,Difficult
2025-08-05,UA,2418,2.9408221507958467,2.0,Difficult
2025-08-05,UA,1761,2.895979233459635,3.0,Difficult
2025-08-05,OO,5219,2.7851211204508863,4.0,Difficult
2025-08-05,UA,533,2.3376623437603152,5.0,Difficult
2025-08-05,UA,881,2.2670907624624674,6.0,Difficult
2025-08-05,UA,953,2.2173825767168003,7.0,Difficult
2025-08-05,UA,972,2.2000131475585603,8.0,Difficult
2025-08-05,UA,3,2.012223702404102,9.0,Difficult
2025-08-05,UA,1803,1.9590419226023863,10.0,Difficult
2025-08-05,UA,359,1.7407423683941483,11.0,Difficult
2025-08-05,UA,845,1.7030508680049368,12.0,Difficult
2025-08-05,UA,2657,1.6250822610865796,13.0,Difficult
2025-08-05,UA,944,1.5881357505829545,14.0,Difficult
2025-08-05,UA,422,1.5834766629036738,15.0,Difficult
2025-08-05,OO,5352,1.562513159463476,16.0,Difficult
2025-08-05,UA,2361,1.4951847436155887,17.0,Difficult
2025-08-05,UA,1421,1.355335492261925,18.0,Difficult
2025-08-05,UA,1620,1.3465334145165853,19.0,Difficult
2025-08-05,UA,219,1.3350839031311115,20.0,Difficult
2025-08-05,UA,1996,1.328002605482929,21.0,Difficult
2025-08-05,UA,1270,1.2852877950563995,22.0,Difficult
2025-08-05,UA,1710,1.1638651426424496,23.0,Difficult
2025-08-05,UA,1740,1.156508398390021,24.0,Difficult
2025-08-05,UA,1857,1.1171529875961836,25.0,Difficult
2025-08-05,UA,1599,1.1017846393181605,26.0,Difficult
2025-08-05,UA,2254,1.0982491650629373,27.0,Difficult
2025-08-05,UA,912,1.0962419193717476,28.0,Difficult
2025-08-05,UA,907,1.0285421598797022,29.0,Difficult
2025-08-05,UA,1414,1.007146936900589,30.0,Difficult
2025-08-05,OO,4789,0.9347982738837056,31.0,Difficult
2025-08-05,OO,5577,0.9244307143089602,32.0,Difficult
2025-08-05,UA,2071,0.914383996788886,33.0,Difficult
2025-08-05,UA,1485,0.9029712645753855,34.0,Difficult
2025-08-05,UA,1068,0.8903830409366944,35.0,Difficult
2025-08-05,UA,343,0.8798445889743447,36.0,Difficult
2025-08-05,UA,2658,0.8727767578673951,37.0,Difficult
2025-08-05,UA,987,0.8536738190103691,38.0,Difficult
2025-08-05,UA,2389,0.8461714601922192,39.0,Difficult
2025-08-05,UA,1314,0.836261315199041,40.0,Difficult
2025-08-05,UA,2008,0.835638305730537,41.0,Difficult
2025-08-05,UA,1693,0.8282850425684257,42.0,Difficult
2025-08-05,UA,399,0.8257195561135616,43.0,Difficult
2025-08-05,OO,5292,0.821309208322551,44.0,Difficult
2025-08-05,UA,622,0.803144278217582,45.0,Difficult
2025-08-05,UA,938,0.7734873170055312,46.0,Difficult
2025-08-05,UA,695,0.7664184491828325,47.0,Difficult
2025-08-05,UA,286,0.76502746851994,48.0,Difficult
2025-08-05,UA,2004,0.7591648550564922,49.0,Difficult
2025-08-05,UA,2172,0.7481680197674209,50.0,Difficult
2025-08-05,OO,5099,0.7324891874391461,51.0,Difficult
2025-08-05,UA,609,0.7059356656000556,52.0,Difficult
2025-08-05,UA,2075,0.7017740018697292,53.0,Difficult
2025-08-05,UA,2232,0.6915272036649602,54.0,Difficult
2025-08-05,UA,2154,0.6838234798545823,55.0,Difficult
2025-08-05,UA,1583,0.6825382408229258,56.0,Difficult
2025-08-05,UA,1634,0.6584685612472669,57.0,Difficult
2025-08-05,UA,2665,0.657079567015269,58.0,Difficult
2025-08-05,UA,503,0.6554493336756917,59.0,Difficult
2025-08-05,UA,1584,0.6471723785196226,60.0,Difficult
2025-08-05,UA,2099,0.6405465458908123,61.0,Difficult
2025-08-05,UA,1577,0.6365581645582523,62.0,Difficult
2025-08-05,UA,349,0.6323906058302589,63.0,Difficult
2025-08-05,UA,2481,0.6299700898506115,64.0,Difficult
2025-08-05,UA,2343,0.6263280319811348,65.0,Difficult
2025-08-05,UA,2465,0.6241855368613216,66.0,Difficult
2025-08-05,UA,468,0.6230454068665697,67.0,Difficult
2025-08-05,OO,5601,0.6169835951646896,68.0,Difficult
2025-08-05,UA,1983,0.5792541317767635,69.0,Difficult
2025-08-05,UA,2144,0.5746412288494553,70.0,Difficult
2025-08-05,UA,1658,0.5669966026726669,71.0,Difficult
2025-08-05,UA,2378,0.5431081538246024,72.0,Difficult
2025-08-05,UA,2483,0.5417079867787661,73.0,Difficult
2025-08-05,UA,2179,0.5401022753780832,74.0,Difficult
2025-08-05,UA,2059,0.5078962915101318,75.0,Difficult
2025-08-05,UA,2691,0.500534033873999,76.0,Difficult
2025-08-05,UA,1477,0.4881295463065469,77.0,Difficult
2025-08-05,UA,1124,0.48662525736124407,78.0,Difficult
2025-08-05,UA,2337,0.48204020457417185,79.0,Difficult
2025-08-05,UA,2629,0.47391402366645374,80.0,Difficult
2025-08-05,UA,1823,0.47068846885883,81.0,Difficult
2025-08-05,YX,3536,0.45804629456910145,82.0,Difficult
2025-08-05,UA,1144,0.4521321461104556,83.0,Difficult
2025-08-05,UA,2652,0.4446565971893419,84.0,Difficult
2025-08-05,UA,980,0.44218641636426687,85.0,Difficult
2025-08-05,UA,929,0.43657666459372485,86.0,Difficult
2025-08-05,UA,2323,0.43241677415942853,87.0,Difficult
2025-08-05,UA,1811,0.419385313979807,88.0,Difficult
2025-08-05,UA,2616,0.4107228153549026,89.0,Difficult
2025-08-05,UA,1316,0.41027690293499286,90.0,Difficult
2025-08-05,UA,1975,0.40797080292512095,91.0,Difficult
2025-08-05,UA,909,0.4075295332590578,92.0,Difficult
2025-08-05,OO,5729,0.3999365329841677,93.0,Difficult
2025-08-05,UA,763,0.38773719646778865,94.0,Difficult
2025-08-05,UA,602,0.38742028417814733,95.0,Difficult
2025-08-05,UA,2138,0.37279692947780313,96.0,Difficult
2025-08-05,YX,3598,0.37048944350710383,97.0,Difficult
2025-08-05,UA,777,0.3646780772110117,98.0,Difficult
2025-08-05,UA,2201,0.3586147240791858,99.0,Difficult
2025-08-05,UA,2225,0.35845580619509293,100.0,Difficult
2025-08-05,YX,3568,0.3497939902048513,101.0,Difficult
2025-08-05,UA,2426,0.339657056864968,102.0,Difficult
2025-08-05,UA,721,0.335386681259647,103.0,Difficult
2025-08-05,UA,1878,0.3320642723240506,104.0,Difficult
2025-08-05,G7,4380,0.32927887960559915,105.0,Difficult
2025-08-05,UA,2278,0.32186097756252,106.0,Difficult
2025-08-05,UA,1168,0.31738588696758024,107.0,Difficult
2025-08-05,UA,2666,0.3137288008633901,108.0,Difficult
2025-08-05,UA,758,0.29532026797943267,109.0,Difficult
2025-08-05,UA,563,0.29263905664540324,110.0,Difficult
2025-08-05,UA,2067,0.28796677591834074,111.0,Difficult
2025-08-05,UA,1830,0.287306682483626,112.0,Difficult
2025-08-05,UA,2147,0.2864441119208066,113.0,Difficult
2025-08-05,UA,970,0.282553081183773,114.0,Difficult
2025-08-05,UA,1306,0.28199520002361955,115.0,Difficult
2025-08-05,OO,5045,0.2814134661909225,116.0,Difficult
2025-08-05,UA,481,0.2752397916166822,117.0,Difficult
2025-08-05,UA,288,0.2667552826698788,118.0,Difficult
2025-08-05,OO,5262,0.2651004398124879,119.0,Difficult
2025-08-05,UA,2039,0.26198231945958544,120.0,Difficult
2025-08-05,UA,1044,0.2599417643235249,121.0,Difficult
2025-08-05,UA,2155,0.25968987581949066,122.0,Difficult
2025-08-05,OO,5140,0.25742925793652066,123.0,Difficult
2025-08-05,G7,4406,0.25471244702418255,124.0,Difficult
2025-08-05,UA,1967,0.2453545032462227,125.0,Difficult
2025-08-05,UA,1328,0.24215132793028293,126.0,Difficult
2025-08-05,UA,2333,0.23926795808048942,127.0,Difficult
2025-08-05,UA,1113,0.23583886749833527,128.0,Difficult
2025-08-05,UA,1989,0.23259015460395294,129.0,Difficult
2025-08-05,UA,1304,0.22846781599145374,130.0,Difficult
2025-08-05,UA,2370,0.22739830043044507,131.0,Difficult
2025-08-05,UA,1041,0.203561761098231,132.0,Difficult
2025-08-05,UA,2137,0.20245202791321953,133.0,Medium
2025-08-05,G7,4611,0.1927517536696099,134.0,Medium
2025-08-05,UA,307,0.1896030890339939,135.0,Medium
2025-08-05,UA,1775,0.18170580034761705,136.0,Medium
2025-08-05,OO,5499,0.1785000004157687,137.0,Medium
2025-08-05,UA,2302,0.17451405314662052,138.0,Medium
2025-08-05,UA,1156,0.17303525825141708,139.0,Medium
2025-08-05,UA,2226,0.1697166720789386,140.0,Medium
2025-08-05,UA,1448,0.16831541316651122,141.0,Medium
2025-08-05,UA,1198,0.16619474606347237,142.0,Medium
2025-08-05,UA,380,0.1661104421903354,143.0,Medium
2025-08-05,OO,4718,0.16345893490254004,144.0,Medium
2025-08-05,OO,5380,0.1630169427823143,145.0,Medium
2025-08-05,UA,580,0.1597425639980909,146.0,Medium
2025-08-05,UA,378,0.15483196497900262,147.0,Medium
2025-08-05,UA,2202,0.15229056973013097,148.0,Medium
2025-08-05,UA,1832,0.14765274154505317,149.0,Medium
2025-08-05,UA,1617,0.14695123470251686,150.0,Medium
2025-08-05,UA,2148,0.14694914378939536,151.0,Medium
2025-08-05,G7,4481,0.1462546764514291,152.0,Medium
2025-08-05,UA,2038,0.14607712330831868,153.0,Medium
2025-08-05,UA,1273,0.13883608697199556,154.0,Medium
2025-08-05,OO,5376,0.13732873381307653,155.0,Medium
2025-08-05,UA,1491,0.13634532852992218,156.0,Medium
2025-08-05,UA,1657,0.12355522088519011,157.0,Medium
2025-08-05,UA,2424,0.11509997169010971,158.0,Medium
2025-08-05,UA,1616,0.11488283489058491,159.0,Medium
2025-08-05,UA,1776,0.11470781140337491,160.0,Medium
2025-08-05,UA,2347,0.10450605383412706,161.0,Medium
2025-08-05,UA,576,0.10230442348192845,162.0,Medium
2025-08-05,OO,5437,0.1015256928542938,163.0,Medium
2025-08-05,G7,4186,0.10102124948973357,164.0,Medium
2025-08-05,UA,769,0.10040430142125924,165.0,Medium
2025-08-05,UA,445,0.09334965758441718,166.0,Medium
2025-08-05,UA,1347,0.07999845448197196,167.0,Medium
2025-08-05,UA,2280,0.07942205985041924,168.0,Medium
2025-08-05,OO,5652,0.07629140302727999,169.0,Medium
2025-08-05,UA,1946,0.07522284671396418,170.0,Medium
2025-08-05,UA,556,0.07182112596258457,171.0,Medium
2025-08-05,OO,5521,0.0667580844809935,172.0,Medium
2025-08-05,UA,1659,0.06634290191656012,173.0,Medium
2025-08-05,UA,374,0.05146395715277817,174.0,Medium
2025-08-05,UA,2417,0.047767186978198276,175.0,Medium
2025-08-05,UA,1387,0.047728205113326365,176.0,Medium
2025-08-05,YX,3440,0.047323550724021,177.0,Medium
2025-08-05,UA,592,0.04061443959986211,178.0,Medium
2025-08-05,UA,1851,0.03999217196984586,179.0,Medium
2025-08-05,UA,1785,0.03680971868365318,180.0,Medium
2025-08-05,UA,2113,0.02633191308682826,181.0,Medium
2025-08-05,OO,5930,0.02211163570353135,182.0,Medium
2025-08-05,UA,293,0.02038351778557508,183.0,Medium
2025-08-05,UA,2677,0.018852471358787662,184.0,Medium
2025-08-05,UA,1030,0.017885901376130157,185.0,Medium
2025-08-05,UA,1677,0.015479745222173099,186.0,Medium
2025-08-05,UA,2649,0.011294681717244598,187.0,Medium
2025-08-05,UA,1834,0.007512831605639002,188.0,Medium
2025-08-05,UA,416,0.007036080565679351,189.0,Medium
2025-08-05,UA,1899,-0.001161062957042372,190.0,Medium
2025-08-05,UA,2290,-0.002382301416509587,191.0,Medium
2025-08-05,UA,1859,-0.005270253741223342,192.0,Medium
2025-08-05,UA,2040,-0.005749019879128958,193.0,Medium
2025-08-05,OO,5534,-0.0057896074422142466,194.0,Medium
2025-08-05,UA,2189,-0.006079632120523585,195.0,Medium
2025-08-05,YX,3718,-0.00939418705579435,196.0,Medium
2025-08-05,OO,5624,-0.011881592888967518,197.0,Medium
2025-08-05,G7,4552,-0.013866086636814,198.0,Medium
2025-08-05,OO,4645,-0.017793982686099663,199.0,Medium
2025-08-05,UA,1182,-0.0178112242675136,200.0,Medium
2025-08-05,UA,1564,-0.018412371992155334,201.0,Medium
2025-08-05,OO,5763,-0.026611271885677697,202.0,Medium
2025-08-05,UA,1531,-0.02776020984860605,203.0,Medium
2025-08-05,UA,1324,-0.0315828158226421,204.0,Medium
2025-08-05,UA,291,-0.0316550510839332,205.0,Medium
2025-08-05,UA,1660,-0.03272886065141021,206.0,Medium
2025-08-05,UA,247,-0.03312742709832655,207.0,Medium
2025-08-05,OO,5362,-0.03563386212160419,208.0,Medium
2025-08-05,UA,1205,-0.03752523871742843,209.0,Medium
2025-08-05,UA,561,-0.037559974494970096,210.0,Medium
2025-08-05,UA,1239,-0.038842321184102344,211.0,Medium
2025-08-05,UA,1269,-0.0414997908568337,212.0,Medium
2025-08-05,UA,1801,-0.04449772345116532,213.0,Medium
2025-08-05,UA,587,-0.045294467962744236,214.0,Medium
2025-08-05,UA,2195,-0.04970276829992181,215.0,Medium
2025-08-05,OO,5108,-0.05064801467934778,216.0,Medium
2025-08-05,UA,2653,-0.05611557053354131,217.0,Medium
2025-08-05,OO,5603,-0.058704337529025846,218.0,Medium
2025-08-05,UA,1209,-0.06367056503669791,219.0,Medium
2025-08-05,OO,5269,-0.06392005871590126,220.0,Medium
2025-08-05,UA,2440,-0.06696848283838869,221.0,Medium
2025-08-05,OO,5124,-0.06899050412994387,222.0,Medium
2025-08-05,UA,1077,-0.07193639659612126,223.0,Medium
2025-08-05,UA,1377,-0.07507765094306884,224.0,Medium
2025-08-05,UA,1492,-0.07624925371301432,225.0,Medium
2025-08-05,UA,2364,-0.0769941294430744,226.0,Medium
2025-08-05,UA,1252,-0.08345059997054419,227.0,Medium
2025-08-05,UA,1403,-0.08692411717160517,228.0,Medium
2025-08-05,OO,5320,-0.09206634746303191,229.0,Medium
2025-08-05,UA,920,-0.09291540419090069,230.0,Medium
2025-08-05,UA,224,-0.0930830668435569,231.0,Medium
2025-08-05,G7,4519,-0.09391208440927798,232.0,Medium
2025-08-05,UA,1643,-0.09421836247806445,233.0,Medium
2025-08-05,UA,2011,-0.09700326469064555,234.0,Medium
2025-08-05,UA,2177,-0.0993930341434445,235.0,Medium
2025-08-05,YX,3603,-0.1005180867389788,236.0,Medium
2025-08-05,UA,1815,-0.10130955325389981,237.0,Medium
2025-08-05,UA,793,-0.10938676868253938,238.0,Medium
2025-08-05,UA,1708,-0.10970821959797095,239.0,Medium
2025-08-05,OO,5337,-0.11056540690150249,240.0,Medium
2025-08-05,UA,534,-0.11237837026104197,241.0,Medium
2025-08-05,UA,2635,-0.11370218365613695,242.0,Medium
2025-08-05,UA,310,-0.11524062531889273,243.0,Medium
2025-08-05,OO,5699,-0.11670074077491717,244.0,Medium
2025-08-05,UA,1742,-0.11881229603020416,245.0,Medium
2025-08-05,OO,5836,-0.12053634528302812,246.0,Medium
2025-08-05,UA,1363,-0.12245997379083137,247.0,Medium
2025-08-05,UA,1905,-0.12309953948862538,248.0,Medium
2025-08-05,OO,5984,-0.12316071827207238,249.0,Medium
2025-08-05,UA,1215,-0.12627174394802,250.0,Medium
2025-08-05,G7,4518,-0.1279145199226715,251.0,Medium
2025-08-05,OO,5517,-0.12891000257887328,252.0,Medium
2025-08-05,UA,1872,-0.1328787478217877,253.0,Medium
2025-08-05,YX,3654,-0.135571714555524,254.0,Medium
2025-08-05,YX,3464,-0.13660932606022508,255.0,Medium
2025-08-05,UA,1082,-0.13860745911156908,256.0,Medium
2025-08-05,UA,2211,-0.14257763533025417,257.0,Medium
2025-08-05,UA,1538,-0.1426673988859582,258.0,Medium
2025-08-05,UA,660,-0.1433825725591466,259.0,Medium
2025-08-05,YX,3465,-0.1450561416164343,260.0,Medium
2025-08-05,UA,118,-0.1460709845415632,261.0,Medium
2025-08-05,UA,739,-0.14997291631863513,262.0,Medium
2025-08-05,UA,1793,-0.16160975401722513,263.0,Medium
2025-08-05,UA,2329,-0.16495986565289047,264.0,Medium
2025-08-05,UA,1920,-0.16776357285399815,265.0,Medium
2025-08-05,OO,5038,-0.16798166493549177,266.0,Medium
2025-08-05,UA,2090,-0.16821297543952957,267.0,Medium
2025-08-05,OO,4638,-0.17043870282578596,268.0,Medium
2025-08-05,UA,786,-0.1719629250997242,269.0,Medium
2025-08-05,G7,4482,-0.17266324230554328,270.0,Medium
2025-08-05,OO,5215,-0.17359902298493823,271.0,Medium
2025-08-05,UA,1941,-0.1776061318998632,272.0,Medium
2025-08-05,G7,4554,-0.1784875648229811,273.0,Medium
2025-08-05,UA,2100,-0.1819909595952709,274.0,Medium
2025-08-05,UA,2394,-0.18780662640899226,275.0,Medium
2025-08-05,OO,5398,-0.18786007127002632,276.0,Medium
2025-08-05,UA,1974,-0.1882286497665764,277.0,Medium
2025-08-05,UA,767,-0.18864633756982788,278.0,Medium
2025-08-05,UA,1413,-0.1894887760778325,279.0,Medium
2025-08-05,OO,5275,-0.1897940900827125,280.0,Medium
2025-08-05,OO,5731,-0.19536326357441072,281.0,Medium
2025-08-05,YX,3690,-0.19834886740131827,282.0,Medium
2025-08-05,UA,2862,-0.1988363112127532,283.0,Medium
2025-08-05,UA,1006,-0.20114761413165888,284.0,Medium
2025-08-05,UA,2182,-0.20205235232762925,285.0,Medium
2025-08-05,OO,5429,-0.20264120509482134,286.0,Medium
2025-08-05,UA,1580,-0.2027560840779171,287.0,Medium
2025-08-05,OO,5395,-0.20913484678929847,288.0,Medium
2025-08-05,OO,5874,-0.20980231632133062,289.0,Medium
2025-08-05,OO,5344,-0.21128511213333703,290.0,Medium
2025-08-05,UA,2092,-0.21148074837969325,291.0,Medium
2025-08-05,UA,752,-0.2128333598937523,292.0,Medium
2025-08-05,OO,5608,-0.21365138154943267,293.0,Medium
2025-08-05,OO,5607,-0.21545109404525073,294.0,Medium
2025-08-05,UA,1361,-0.2191655570748951,295.0,Medium
2025-08-05,YX,3614,-0.22234698766689104,296.0,Medium
2025-08-05,UA,276,-0.22254741667400044,297.0,Medium
2025-08-05,UA,2672,-0.22320958467164181,298.0,Medium
2025-08-05,YX,3542,-0.22467041494366607,299.0,Medium
2025-08-05,UA,2683,-0.22655857103328178,300.0,Medium
2025-08-05,UA,1335,-0.2286235146289066,301.0,Medium
2025-08-05,UA,2243,-0.22864421036906285,302.0,Medium
2025-08-05,OO,5225,-0.2323696287640187,303.0,Medium
2025-08-05,OO,5568,-0.2339923121369841,304.0,Medium
2025-08-05,YX,3638,-0.234287184135464,305.0,Medium
2025-08-05,UA,1741,-0.24019056067330438,306.0,Medium
2025-08-05,YX,3663,-0.24165036534218975,307.0,Medium
2025-08-05,OO,5375,-0.242576563683938,308.0,Medium
2025-08-05,UA,2427,-0.24499574834709972,309.0,Medium
2025-08-05,UA,1933,-0.24831009251077504,310.0,Medium
2025-08-05,YX,3569,-0.24939834477637632,311.0,Medium
2025-08-05,UA,411,-0.2520460740808031,312.0,Medium
2025-08-05,OO,4792,-0.2553489815371583,313.0,Medium
2025-08-05,OO,5915,-0.2607714174849646,314.0,Medium
2025-08-05,UA,2200,-0.2613616608944015,315.0,Medium
2025-08-05,G7,4484,-0.26340298758705044,316.0,Medium
2025-08-05,G7,4571,-0.2641305401240373,317.0,Medium
2025-08-05,OO,5229,-0.26480541260902013,318.0,Medium
2025-08-05,UA,1178,-0.2661891056971866,319.0,Medium
2025-08-05,OO,5309,-0.2665578399044037,320.0,Medium
2025-08-05,YX,3523,-0.26787768773729337,321.0,Medium
2025-08-05,UA,2494,-0.2691807249645111,322.0,Medium
2025-08-05,G7,4184,-0.2697478981734839,323.0,Medium
2025-08-05,G7,4461,-0.26989806809362327,324.0,Medium
2025-08-05,OO,5253,-0.271897722358146,325.0,Medium
2025-08-05,UA,2661,-0.2814930528721513,326.0,Medium
2025-08-05,G7,4436,-0.28154262070082237,327.0,Medium
2025-08-05,OO,5977,-0.281929177665762,328.0,Medium
2025-08-05,YX,3402,-0.28245960803656156,329.0,Medium
2025-08-05,UA,265,-0.28422034399262514,330.0,Medium
2025-08-05,OO,5852,-0.286639685458605,331.0,Medium
2025-08-05,UA,1398,-0.2873558506369218,332.0,Medium
2025-08-05,OO,5289,-0.29268381803868543,333.0,Medium
2025-08-05,UA,275,-0.29309402504829823,334.0,Medium
2025-08-05,UA,1139,-0.2934497405658806,335.0,Medium
2025-08-05,UA,664,-0.2957200285794721,336.0,Medium
2025-08-05,YX,3535,-0.2987347078671293,337.0,Medium
2025-08-05,UA,356,-0.3012111280409683,338.0,Medium
2025-08-05,UA,2618,-0.30202234356374497,339.0,Medium
2025-08-05,YX,3668,-0.3025023824134687,340.0,Medium
2025-08-05,OO,5593,-0.30458830459627323,341.0,Medium
2025-08-05,UA,467,-0.3050756489361715,342.0,Medium
2025-08-05,UA,1297,-0.3077276711174701,343.0,Medium
2025-08-05,OO,5712,-0.30960126938431987,344.0,Medium
2025-08-05,OO,5358,-0.31084088294000545,345.0,Medium
2025-08-05,OO,5565,-0.313106709447326,346.0,Medium
2025-08-05,OO,5646,-0.3145744927469151,347.0,Medium
2025-08-05,UA,1778,-0.3161730072301047,348.0,Medium
2025-08-05,YX,3525,-0.3190564558581209,349.0,Medium
2025-08-05,UA,764,-0.32378524051322655,350.0,Medium
2025-08-05,G7,4558,-0.32434010627265614,351.0,Medium
2025-08-05,OO,4766,-0.32646228046036063,352.0,Medium
2025-08-05,G7,4390,-0.3301388393530357,353.0,Medium
2025-08-05,UA,1842,-0.33118807925874094,354.0,Medium
2025-08-05,G7,4391,-0.3324576477556102,355.0,Medium
2025-08-05,G7,4431,-0.3357349207718861,356.0,Medium
2025-08-05,UA,1594,-0.33725726523649985,357.0,Medium
2025-08-05,G7,4584,-0.339934507292794,358.0,Medium
2025-08-05,G7,4504,-0.3431819266622894,359.0,Medium
2025-08-05,UA,2865,-0.34629390329590914,360.0,Medium
2025-08-05,G7,4549,-0.3466783185993021,361.0,Medium
2025-08-05,OO,4636,-0.34846253084445944,362.0,Medium
2025-08-05,UA,1525,-0.3486543795304855,363.0,Medium
2025-08-05,OO,5810,-0.3514179541916222,364.0,Medium
2025-08-05,OO,5420,-0.35242535484974163,365.0,Medium
2025-08-05,OO,5021,-0.35509619992253505,366.0,Medium
2025-08-05,OO,5021,-0.35509619992253505,366.0,Medium
2025-08-05,UA,2369,-0.3577562847866395,368.0,Medium
2025-08-05,YX,3628,-0.35795039511732624,369.0,Medium
2025-08-05,UA,729,-0.35824778860442147,370.0,Medium
2025-08-05,OO,5274,-0.3601362865534262,371.0,Medium
2025-08-05,G7,4502,-0.36104750649469414,372.0,Medium
2025-08-05,UA,791,-0.36336858587971926,373.0,Medium
2025-08-05,G7,4542,-0.366067157005585,374.0,Medium
2025-08-05,UA,2385,-0.366781933282618,375.0,Medium
2025-08-05,OO,5447,-0.3675014995625507,376.0,Medium
2025-08-05,UA,1502,-0.3732508371381907,377.0,Medium
2025-08-05,YX,3655,-0.37347906336721287,378.0,Medium
2025-08-05,YX,3468,-0.374251154923293,379.0,Medium
2025-08-05,OO,5564,-0.3749124178229642,380.0,Medium
2025-08-05,OO,5631,-0.3761254080763659,381.0,Medium
2025-08-05,OO,5841,-0.3795112231207136,382.0,Medium
2025-08-05,UA,2133,-0.38077721959840755,383.0,Medium
2025-08-05,UA,1909,-0.38256400606482005,384.0,Medium
2025-08-05,UA,490,-0.382818404918826,385.0,Medium
2025-08-05,G7,4501,-0.3831248763483529,386.0,Medium
2025-08-05,UA,714,-0.3839471626972429,387.0,Medium
2025-08-05,UA,1980,-0.38801654260594,388.0,Medium
2025-08-05,OO,5448,-0.3904392318957611,389.0,Medium
2025-08-05,OO,5505,-0.39680674819212786,390.0,Medium
2025-08-05,YX,3520,-0.40387097369564445,391.0,Medium
2025-08-05,UA,2609,-0.40414382242710983,392.0,Medium
2025-08-05,OO,5382,-0.4067592313378008,393.0,Medium
2025-08-05,OO,5946,-0.4071188391346746,394.0,Medium
2025-08-05,OO,4778,-0.40714113612396124,395.0,Medium
2025-08-05,G7,4395,-0.4072899311713917,396.0,Easy
2025-08-05,UA,1576,-0.41000858845407945,397.0,Easy
2025-08-05,G7,4599,-0.4102030929366838,398.0,Easy
2025-08-05,G7,4529,-0.41139544519815857,399.0,Easy
2025-08-05,G7,4468,-0.4114660364779518,400.0,Easy
2025-08-05,UA,2640,-0.41391342008945364,401.0,Easy
2025-08-05,YX,3604,-0.41431773873048827,402.0,Easy
2025-08-05,UA,1069,-0.41458700189360215,403.0,Easy
2025-08-05,OO,5557,-0.4146722614451895,404.0,Easy
2025-08-05,UA,1923,-0.4149810180822461,405.0,Easy
2025-08-05,UA,2628,-0.41506719861477875,406.0,Easy
2025-08-05,G7,4463,-0.4159323521389064,407.0,Easy
2025-08-05,YX,3635,-0.4164823321752791,408.0,Easy
2025-08-05,OO,6004,-0.41773209394113636,409.0,Easy
2025-08-05,OO,4791,-0.41939293859770954,410.0,Easy
2025-08-05,UA,312,-0.4195024331125739,411.0,Easy
2025-08-05,G7,4585,-0.42089663857380033,412.0,Easy
2025-08-05,YX,3498,-0.4220771917956619,413.0,Easy
2025-08-05,OO,5847,-0.4225253157744193,414.0,Easy
2025-08-05,UA,2497,-0.4230027884905863,415.0,Easy
2025-08-05,UA,1097,-0.42461625340362963,416.0,Easy
2025-08-05,OO,5493,-0.4259223385114908,417.0,Easy
2025-08-05,OO,5383,-0.4271643184923815,418.0,Easy
2025-08-05,G7,4590,-0.4273888581366632,419.0,Easy
2025-08-05,G7,4588,-0.4278742958530781,420.0,Easy
2025-08-05,OO,5795,-0.42924305716506583,421.0,Easy
2025-08-05,YX,3421,-0.4300828239250476,422.0,Easy
2025-08-05,YX,3716,-0.4314977034938486,423.0,Easy
2025-08-05,UA,617,-0.43245006694215765,424.0,Easy
2025-08-05,OO,5868,-0.4335796534565365,425.0,Easy
2025-08-05,OO,5138,-0.43386628157506557,426.0,Easy
2025-08-05,G7,4574,-0.4361205200525643,427.0,Easy
2025-08-05,UA,1129,-0.43786593761619963,428.0,Easy
2025-08-05,OO,5790,-0.44064585545044965,429.0,Easy
2025-08-05,UA,2414,-0.44091532135694417,430.0,Easy
2025-08-05,G7,4389,-0.4418703714533422,431.0,Easy
2025-08-05,OO,5427,-0.4469192572564509,432.0,Easy
2025-08-05,OO,5833,-0.44753167902758695,433.0,Easy
2025-08-05,UA,1301,-0.4507663807592991,434.0,Easy
2025-08-05,OO,5819,-0.45226532079225357,435.0,Easy
2025-08-05,YX,3707,-0.4526848963435498,436.0,Easy
2025-08-05,UA,1756,-0.4527304144669914,437.0,Easy
2025-08-05,OO,4809,-0.45463365729275307,438.0,Easy
2025-08-05,OO,5250,-0.45815449699857386,439.0,Easy
2025-08-05,YX,3694,-0.4587689966776306,440.0,Easy
2025-08-05,OO,5474,-0.4602896537003581,441.0,Easy
2025-08-05,OO,5135,-0.4611450152288112,442.0,Easy
2025-08-05,UA,2684,-0.4626918229531517,443.0,Easy
2025-08-05,OO,5843,-0.4664836561064922,444.0,Easy
2025-08-05,G7,4476,-0.46652235006379683,445.0,Easy
2025-08-05,OO,5610,-0.4687806410733166,446.0,Easy
2025-08-05,OO,5272,-0.46984494747758,447.0,Easy
2025-08-05,G7,4517,-0.4709267178598416,448.0,Easy
2025-08-05,G7,4458,-0.47286857992379305,449.0,Easy
2025-08-05,YX,3610,-0.4732167028654011,450.0,Easy
2025-08-05,OO,5585,-0.4735596628346364,451.0,Easy
2025-08-05,OO,4780,-0.47725405326998455,452.0,Easy
2025-08-05,UA,2005,-0.4814018689456881,453.0,Easy
2025-08-05,OO,4739,-0.48565160967150933,454.0,Easy
2025-08-05,G7,4387,-0.48610541911330957,455.0,Easy
2025-08-05,OO,5230,-0.48649005715792826,456.0,Easy
2025-08-05,YX,3696,-0.48675068443219965,457.0,Easy
2025-08-05,G7,4426,-0.48846844444716947,458.0,Easy
2025-08-05,YX,3409,-0.48951555824207044,459.0,Easy
2025-08-05,OO,4748,-0.4903738368849774,460.0,Easy
2025-08-05,G7,4491,-0.49126764844739307,461.0,Easy
2025-08-05,UA,2488,-0.49163662702232985,462.0,Easy
2025-08-05,UA,2430,-0.49239228323386747,463.0,Easy
2025-08-05,G7,4188,-0.49657479377550917,464.0,Easy
2025-08-05,G7,4559,-0.49668084737341217,465.0,Easy
2025-08-05,OO,5435,-0.49900346365324383,466.0,Easy
2025-08-05,OO,5668,-0.4996403915415547,467.0,Easy
2025-08-05,G7,4452,-0.502956062789794,468.0,Easy
2025-08-05,G7,4425,-0.5034065169510664,469.0,Easy
2025-08-05,OO,5118,-0.5048188249763667,470.0,Easy
2025-08-05,UA,708,-0.5066313827426262,471.0,Easy
2025-08-05,OO,5555,-0.5077349733528218,472.0,Easy
2025-08-05,UA,2251,-0.50936272794361,473.0,Easy
2025-08-05,G7,4185,-0.5142651486128293,474.0,Easy
2025-08-05,OO,5360,-0.5159697500271904,475.0,Easy
2025-08-05,G7,4563,-0.5160380019059343,476.0,Easy
2025-08-05,OO,5290,-0.5173691434684663,477.0,Easy
2025-08-05,OO,5526,-0.5174564705563263,478.0,Easy
2025-08-05,G7,4173,-0.5196784031379946,479.0,Easy
2025-08-05,OO,5234,-0.5205850041243177,480.0,Easy
2025-08-05,OO,5821,-0.5289711459746439,481.0,Easy
2025-08-05,OO,5726,-0.5292876305193582,482.0,Easy
2025-08-05,UA,1381,-0.5293793169772917,483.0,Easy
2025-08-05,G7,4613,-0.5303883509506191,484.0,Easy
2025-08-05,OO,5964,-0.5388119446105908,485.0,Easy
2025-08-05,YX,3641,-0.5457124818487109,486.0,Easy
2025-08-05,G7,4416,-0.5469226212806815,487.0,Easy
2025-08-05,G7,4507,-0.5486399992994975,488.0,Easy
2025-08-05,G7,4445,-0.5530065225966897,489.0,Easy
2025-08-05,UA,1655,-0.5600775454424807,490.0,Easy
2025-08-05,UA,1612,-0.5608723296004163,491.0,Easy
2025-08-05,UA,466,-0.5669874556042982,492.0,Easy
2025-08-05,OO,5392,-0.567871340856594,493.0,Easy
2025-08-05,OO,5260,-0.569300164177181,494.0,Easy
2025-08-05,YX,3601,-0.5693719222278937,495.0,Easy
2025-08-05,YX,3551,-0.5694308293370166,496.0,Easy
2025-08-05,G7,4429,-0.572974229690821,497.0,Easy
2025-08-05,G7,4610,-0.5754002101976246,498.0,Easy
2025-08-05,OO,5470,-0.5787810278557739,499.0,Easy
2025-08-05,G7,4546,-0.5803658159060814,500.0,Easy
2025-08-05,OO,5251,-0.582589282960028,501.0,Easy
2025-08-05,OO,5469,-0.5828093159900293,502.0,Easy
2025-08-05,UA,1848,-0.592564882392024,503.0,Easy
2025-08-05,YX,3571,-0.6033578428827804,504.0,Easy
2025-08-05,OO,5353,-0.6125013256322289,505.0,Easy
2025-08-05,UA,476,-0.613581797436531,506.0,Easy
2025-08-05,OO,5125,-0.6166824730575549,507.0,Easy
2025-08-05,OO,5737,-0.6253536212949375,508.0,Easy
2025-08-05,OO,5444,-0.6292762247118624,509.0,Easy
2025-08-05,OO,5414,-0.6314425708209495,510.0,Easy
2025-08-05,OO,5314,-0.6385339283942232,511.0,Easy
2025-08-05,OO,4712,-0.6479436658593118,512.0,Easy
2025-08-05,OO,5280,-0.6491639369932956,513.0,Easy
2025-08-05,OO,5538,-0.6635984054688054,514.0,Easy
2025-08-05,OO,5094,-0.6746100123952717,515.0,Easy
2025-08-05,OO,5643,-0.6961260331382264,516.0,Easy
2025-08-05,UA,1010,-0.6985349523587886,517.0,Easy
2025-08-05,YX,3493,-0.709223577145117,518.0,Easy
2025-08-05,G7,4568,-0.7101207338657816,519.0,Easy
2025-08-05,UA,1495,-0.7253605601422595,520.0,Easy
2025-08-05,OO,5037,-0.7419222394700706,521.0,Easy
2025-08-05,OO,5026,-0.746613974398089,522.0,Easy
2025-08-05,OO,5748,-0.7538655024578051,523.0,Easy
2025-08-05,OO,5020,-0.7856656331893852,524.0,Easy
2025-08-05,UA,1641,-0.8133453481685767,525.0,Easy
2025-08-05,OO,5136,-0.8641964316586417,526.0,Easy
2025-08-05,OO,5051,-0.8719104797593104,527.0,Easy
2025-08-06,OO,5038,4.9562142558775815,1.0,Difficult
2025-08-06,UA,845,2.786479177562958,2.0,Difficult
2025-08-06,UA,1815,2.5686818708839625,3.0,Difficult
2025-08-06,UA,920,2.5137345714898416,4.0,Difficult
2025-08-06,UA,1920,2.4154792672785144,5.0,Difficult
2025-08-06,UA,2155,2.2737679826371466,6.0,Difficult
2025-08-06,UA,953,2.038304386937164,7.0,Difficult
2025-08-06,UA,2138,2.0258947351867542,8.0,Difficult
2025-08-06,UA,987,1.9749697111399995,9.0,Difficult
2025-08-06,UA,359,1.8929674945400705,10.0,Difficult
2025-08-06,UA,769,1.8118735573422327,11.0,Difficult
2025-08-06,UA,1599,1.748934789425813,12.0,Difficult
2025-08-06,UA,2006,1.6969698475426536,13.0,Difficult
2025-08-06,UA,907,1.6785709434623555,14.0,Difficult
2025-08-06,UA,2148,1.594254442235966,15.0,Difficult
2025-08-06,UA,970,1.576310993654194,16.0,Difficult
2025-08-06,UA,1996,1.5491402319956713,17.0,Difficult
2025-08-06,UA,2172,1.4005231221934122,18.0,Difficult
2025-08-06,UA,343,1.3299345963714262,19.0,Difficult
2025-08-06,UA,2243,1.3285397924017197,20.0,Difficult
2025-08-06,UA,972,1.2798409567547575,21.0,Difficult
2025-08-06,UA,909,1.175732832225895,22.0,Difficult
2025-08-06,UA,468,1.133511999542881,23.0,Difficult
2025-08-06,UA,1803,1.1157256581736028,24.0,Difficult
2025-08-06,UA,2278,1.0398107132036085,25.0,Difficult
2025-08-06,UA,2378,1.0074292568436483,26.0,Difficult
2025-08-06,UA,1178,0.9362839728002001,27.0,Difficult
2025-08-06,G7,4611,0.9301391454833051,28.0,Difficult
2025-08-06,UA,944,0.9217807415345395,29.0,Difficult
2025-08-06,G7,4613,0.9138195548643284,30.0,Difficult
2025-08-06,UA,881,0.9091008395088909,31.0,Difficult
2025-08-06,UA,2337,0.9013488000934452,32.0,Difficult
2025-08-06,UA,533,0.899441695839467,33.0,Difficult
2025-08-06,UA,2483,0.8961631401326443,34.0,Difficult
2025-08-06,UA,1044,0.8890453252659405,35.0,Difficult
2025-08-06,UA,1068,0.8775897776398677,36.0,Difficult
2025-08-06,UA,580,0.8055060540537133,37.0,Difficult
2025-08-06,YX,3520,0.7950196370377348,38.0,Difficult
2025-08-06,UA,1205,0.7820214902536857,39.0,Difficult
2025-08-06,UA,1156,0.7803245243844987,40.0,Difficult
2025-08-06,UA,1564,0.7716080543155541,41.0,Difficult
2025-08-06,UA,938,0.7588438686193619,42.0,Difficult
2025-08-06,OO,4636,0.7505247841066718,43.0,Difficult
2025-08-06,UA,2147,0.7477406340116075,44.0,Difficult
2025-08-06,UA,2280,0.7398631997366929,45.0,Difficult
2025-08-06,UA,2154,0.7210950579731815,46.0,Difficult
2025-08-06,UA,1335,0.7174249030846348,47.0,Difficult
2025-08-06,UA,1485,0.7143041601971646,48.0,Difficult
2025-08-06,UA,1209,0.6979123463272617,49.0,Difficult
2025-08-06,UA,118,0.6759771727395784,50.0,Difficult
2025-08-06,UA,219,0.6699511114181784,51.0,Difficult
2025-08-06,UA,1967,0.6681780919950611,52.0,Difficult
2025-08-06,UA,2361,0.6639174869447869,53.0,Difficult
2025-08-06,OO,5905,0.6555721913695243,54.0,Difficult
2025-08-06,UA,1742,0.6555630043618801,55.0,Difficult
2025-08-06,OO,4645,0.6509952845971753,56.0,Difficult
2025-08-06,UA,2099,0.6397793888154487,57.0,Difficult
2025-08-06,G7,4481,0.6363058227121917,58.0,Difficult
2025-08-06,UA,2200,0.632563270019084,59.0,Difficult
2025-08-06,UA,2202,0.6324735072917792,60.0,Difficult
2025-08-06,UA,2323,0.6275593419119296,61.0,Difficult
2025-08-06,UA,912,0.6205829763179297,62.0,Difficult
2025-08-06,UA,1584,0.6205200735946744,63.0,Difficult
2025-08-06,UA,1842,0.5993723722197111,64.0,Difficult
2025-08-06,UA,1775,0.5956047439937916,65.0,Difficult
2025-08-06,UA,1643,0.5864027160587358,66.0,Difficult
2025-08-06,UA,1620,0.5829012779944749,67.0,Difficult
2025-08-06,OO,5577,0.579775260722355,68.0,Difficult
2025-08-06,UA,1710,0.5707329851568863,69.0,Difficult
2025-08-06,YX,3614,0.569878339158649,70.0,Difficult
2025-08-06,UA,622,0.5668492181921809,71.0,Difficult
2025-08-06,UA,288,0.566692852734012,72.0,Difficult
2025-08-06,UA,2394,0.5584105516294849,73.0,Difficult
2025-08-06,UA,2389,0.5509462381956952,74.0,Difficult
2025-08-06,UA,609,0.539196440458487,75.0,Difficult
2025-08-06,UA,2059,0.5250157449144933,76.0,Difficult
2025-08-06,UA,2137,0.5221495349390427,77.0,Difficult
2025-08-06,UA,2008,0.5035832818834846,78.0,Difficult
2025-08-06,UA,2426,0.4941584501349581,79.0,Difficult
2025-08-06,UA,1811,0.4922460140465812,80.0,Difficult
2025-08-06,UA,3,0.4914096526254319,81.0,Difficult
2025-08-06,UA,2862,0.48251723772133764,82.0,Difficult
2025-08-06,OO,5272,0.48141054913242176,83.0,Difficult
2025-08-06,OO,5292,0.4639369404077796,84.0,Difficult
2025-08-06,UA,1361,0.460064606037895,85.0,Difficult
2025-08-06,UA,2440,0.45354008297396087,86.0,Difficult
2025-08-06,UA,2226,0.4458925980730866,87.0,Difficult
2025-08-06,UA,777,0.4305837609961321,88.0,Difficult
2025-08-06,UA,2038,0.43030731170351977,89.0,Difficult
2025-08-06,UA,2254,0.42325175229346584,90.0,Difficult
2025-08-06,UA,1580,0.4217327001675966,91.0,Difficult
2025-08-06,UA,2251,0.41659017116708,92.0,Difficult
2025-08-06,UA,2658,0.41402600132586737,93.0,Difficult
2025-08-06,UA,2627,0.41039227312695475,94.0,Difficult
2025-08-06,YX,3440,0.40843456964380975,95.0,Difficult
2025-08-06,UA,1823,0.406916465466615,96.0,Difficult
2025-08-06,UA,422,0.40257395669551377,97.0,Difficult
2025-08-06,UA,1974,0.4020838744100809,98.0,Difficult
2025-08-06,UA,1923,0.3925684473406414,99.0,Difficult
2025-08-06,UA,2071,0.38388131305086765,100.0,Difficult
2025-08-06,UA,1857,0.36772532993207097,101.0,Difficult
2025-08-06,OO,4766,0.363534672859068,102.0,Difficult
2025-08-06,UA,1740,0.3632884958969119,103.0,Difficult
2025-08-06,UA,291,0.3580799502290562,104.0,Difficult
2025-08-06,OO,5215,0.3508398955459816,105.0,Difficult
2025-08-06,UA,2179,0.3389475700018001,106.0,Difficult
2025-08-06,UA,763,0.33773384970403386,107.0,Difficult
2025-08-06,UA,1583,0.3298588135782194,108.0,Difficult
2025-08-06,UA,2677,0.32855756728857083,109.0,Difficult
2025-08-06,UA,1980,0.31650578856758277,110.0,Difficult
2025-08-06,UA,1324,0.31020982218720744,111.0,Difficult
2025-08-06,UA,2494,0.3058917779665955,112.0,Difficult
2025-08-06,UA,1168,0.2981379038696513,113.0,Difficult
2025-08-06,UA,2430,0.29486910190051285,114.0,Difficult
2025-08-06,UA,1658,0.29475690556592204,115.0,Difficult
2025-08-06,UA,1314,0.2806709263045672,116.0,Difficult
2025-08-06,UA,617,0.2758382599582668,117.0,Difficult
2025-08-06,UA,286,0.27042177719516086,118.0,Difficult
2025-08-06,UA,561,0.2699011883428305,119.0,Difficult
2025-08-06,UA,2039,0.2652739394828066,120.0,Difficult
2025-08-06,UA,378,0.2646219208322798,121.0,Difficult
2025-08-06,OO,5868,0.2586148625121167,122.0,Difficult
2025-08-06,UA,2616,0.25810054639288804,123.0,Difficult
2025-08-06,UA,1328,0.25588251993415534,124.0,Difficult
2025-08-06,UA,2075,0.2547124011885634,125.0,Difficult
2025-08-06,UA,1975,0.2472306973966776,126.0,Difficult
2025-08-06,UA,2666,0.2421711748281798,127.0,Medium
2025-08-06,UA,1859,0.23567560869237564,128.0,Medium
2025-08-06,UA,1006,0.2349995011552655,129.0,Medium
2025-08-06,UA,2497,0.23242922695580512,130.0,Medium
2025-08-06,UA,1414,0.23202612761602642,131.0,Medium
2025-08-06,UA,1832,0.2311699999514563,132.0,Medium
2025-08-06,UA,2005,0.22754158003427388,133.0,Medium
2025-08-06,UA,374,0.22731241558232385,134.0,Medium
2025-08-06,UA,1387,0.22270598397458655,135.0,Medium
2025-08-06,UA,1239,0.22083354920633802,136.0,Medium
2025-08-06,UA,276,0.22026927254942852,137.0,Medium
2025-08-06,UA,312,0.21947911279999616,138.0,Medium
2025-08-06,UA,695,0.1986541267237895,139.0,Medium
2025-08-06,UA,2418,0.1946337105547704,140.0,Medium
2025-08-06,UA,2232,0.1861855072954534,141.0,Medium
2025-08-06,UA,1215,0.18284459979558904,142.0,Medium
2025-08-06,OO,5274,0.17866551026244237,143.0,Medium
2025-08-06,UA,1594,0.1785453526643938,144.0,Medium
2025-08-06,UA,1801,0.17411871627293374,145.0,Medium
2025-08-06,UA,356,0.1740502360937724,146.0,Medium
2025-08-06,OO,5601,0.167428560111809,147.0,Medium
2025-08-06,YX,3468,0.14617040192956818,148.0,Medium
2025-08-06,UA,1659,0.14391733401902929,149.0,Medium
2025-08-06,UA,481,0.14355658451114317,150.0,Medium
2025-08-06,UA,2649,0.14232798828811008,151.0,Medium
2025-08-06,OO,5729,0.14152443784253307,152.0,Medium
2025-08-06,UA,1448,0.1403055942497446,153.0,Medium
2025-08-06,UA,2665,0.1307590281963141,154.0,Medium
2025-08-06,UA,1398,0.13019966771354063,155.0,Medium
2025-08-06,UA,2488,0.12609304896844445,156.0,Medium
2025-08-06,UA,1989,0.12150168697779437,157.0,Medium
2025-08-06,UA,2370,0.11822607257935804,158.0,Medium
2025-08-06,UA,2182,0.11797910333527989,159.0,Medium
2025-08-06,UA,2672,0.11627705535626078,160.0,Medium
2025-08-06,UA,416,0.10457214726020529,161.0,Medium
2025-08-06,UA,1538,0.10157791632152355,162.0,Medium
2025-08-06,UA,602,0.100534334747153,163.0,Medium
2025-08-06,UA,1144,0.0954965044896512,164.0,Medium
2025-08-06,OO,5712,0.08395991593632318,165.0,Medium
2025-08-06,UA,1082,0.08319360925664095,166.0,Medium
2025-08-06,UA,1377,0.08174700992310782,167.0,Medium
2025-08-06,UA,307,0.07936030537841184,168.0,Medium
2025-08-06,UA,563,0.07840551953725473,169.0,Medium
2025-08-06,UA,265,0.07809120561612025,170.0,Medium
2025-08-06,UA,1304,0.0731191991386072,171.0,Medium
2025-08-06,YX,3523,0.07270164295589591,172.0,Medium
2025-08-06,UA,2201,0.06937547384601334,173.0,Medium
2025-08-06,UA,1252,0.06562062567259766,174.0,Medium
2025-08-06,UA,2067,0.06545387360978377,175.0,Medium
2025-08-06,UA,767,0.06456564184129236,176.0,Medium
2025-08-06,UA,2618,0.06447349392601538,177.0,Medium
2025-08-06,UA,791,0.053978576813734525,178.0,Medium
2025-08-06,UA,721,0.05337272079969542,179.0,Medium
2025-08-06,UA,1269,0.04980074769430697,180.0,Medium
2025-08-06,UA,2225,0.04766755864468479,181.0,Medium
2025-08-06,G7,4518,0.04592829296885836,182.0,Medium
2025-08-06,UA,1655,0.04524556907977846,183.0,Medium
2025-08-06,UA,1363,0.039026570983735326,184.0,Medium
2025-08-06,UA,2100,0.0385261591958391,185.0,Medium
2025-08-06,UA,1421,0.036190093575195814,186.0,Medium
2025-08-06,UA,247,0.026531594862495834,187.0,Medium
2025-08-06,UA,2653,0.022391787482569186,188.0,Medium
2025-08-06,UA,1491,0.018981841102322237,189.0,Medium
2025-08-06,UA,534,0.0180724253339056,190.0,Medium
2025-08-06,OO,5915,0.016827574489753756,191.0,Medium
2025-08-06,UA,445,0.015164363257717124,192.0,Medium
2025-08-06,UA,758,0.01374584005384516,193.0,Medium
2025-08-06,UA,224,0.011941513275086559,194.0,Medium
2025-08-06,UA,2302,0.009365615613589048,195.0,Medium
2025-08-06,UA,1834,0.007761821137027416,196.0,Medium
2025-08-06,OO,5118,0.0045165669451738034,197.0,Medium
2025-08-06,OO,5930,0.0008739228177687894,198.0,Medium
2025-08-06,UA,1657,-0.0029812351942024376,199.0,Medium
2025-08-06,UA,929,-0.003516232619600415,200.0,Medium
2025-08-06,UA,2011,-0.004441800953796211,201.0,Medium
2025-08-06,UA,1616,-0.004856365039241013,202.0,Medium
2025-08-06,UA,1198,-0.005181192696523916,203.0,Medium
2025-08-06,UA,1660,-0.015521474352920568,204.0,Medium
2025-08-06,UA,2465,-0.015579804607439691,205.0,Medium
2025-08-06,UA,2481,-0.016439995034453366,206.0,Medium
2025-08-06,YX,3493,-0.020974494467124842,207.0,Medium
2025-08-06,UA,2347,-0.021881119212313282,208.0,Medium
2025-08-06,UA,1041,-0.023862215289487416,209.0,Medium
2025-08-06,UA,1306,-0.02463130931536244,210.0,Medium
2025-08-06,OO,5229,-0.027083591677867384,211.0,Medium
2025-08-06,UA,1634,-0.029120415851879716,212.0,Medium
2025-08-06,UA,1872,-0.03221761593170637,213.0,Medium
2025-08-06,UA,411,-0.03233915889298724,214.0,Medium
2025-08-06,UA,1477,-0.037172621670973155,215.0,Medium
2025-08-06,UA,2652,-0.03720295716663026,216.0,Medium
2025-08-06,UA,2290,-0.04163985759085725,217.0,Medium
2025-08-06,OO,4739,-0.05069465364297845,218.0,Medium
2025-08-06,UA,2691,-0.05799995366038101,219.0,Medium
2025-08-06,OO,5358,-0.058628573323278976,220.0,Medium
2025-08-06,OO,5810,-0.06122864615569608,221.0,Medium
2025-08-06,UA,399,-0.06504716436644874,222.0,Medium
2025-08-06,UA,793,-0.06639352920289299,223.0,Medium
2025-08-06,OO,5790,-0.06651205669968774,224.0,Medium
2025-08-06,UA,1124,-0.07134725946153095,225.0,Medium
2025-08-06,OO,5843,-0.0740120427782158,226.0,Medium
2025-08-06,OO,5225,-0.07803728939014588,227.0,Medium
2025-08-06,OO,5320,-0.0865124965692933,228.0,Medium
2025-08-06,OO,5269,-0.0872145941549009,229.0,Medium
2025-08-06,UA,587,-0.09250429711036473,230.0,Medium
2025-08-06,UA,1502,-0.09307035146425316,231.0,Medium
2025-08-06,UA,1851,-0.09861135426359427,232.0,Medium
2025-08-06,OO,5230,-0.09908406194083859,233.0,Medium
2025-08-06,UA,2133,-0.1024426169509755,234.0,Medium
2025-08-06,OO,5099,-0.10773171916250542,235.0,Medium
2025-08-06,UA,1909,-0.10868461163914764,236.0,Medium
2025-08-06,UA,310,-0.10936884362184847,237.0,Medium
2025-08-06,UA,1270,-0.11030456100791483,238.0,Medium
2025-08-06,UA,1878,-0.11231964682159037,239.0,Medium
2025-08-06,G7,4574,-0.11383381344348618,240.0,Medium
2025-08-06,OO,4712,-0.11914667716390696,241.0,Medium
2025-08-06,UA,2385,-0.12568622409929078,242.0,Medium
2025-08-06,UA,1347,-0.12687532683995048,243.0,Medium
2025-08-06,UA,2417,-0.12707380830555143,244.0,Medium
2025-08-06,OO,4792,-0.12711737221199246,245.0,Medium
2025-08-06,UA,2040,-0.1292684467473724,246.0,Medium
2025-08-06,OO,5280,-0.13401589229533978,247.0,Medium
2025-08-06,UA,1129,-0.13417009571114868,248.0,Medium
2025-08-06,OO,5429,-0.1355210316058006,249.0,Medium
2025-08-06,OO,5984,-0.14435876727798386,250.0,Medium
2025-08-06,OO,5568,-0.14706558621095628,251.0,Medium
2025-08-06,G7,4468,-0.14969774281194198,252.0,Medium
2025-08-06,UA,1905,-0.15057234503063932,253.0,Medium
2025-08-06,YX,3696,-0.1543641221792109,254.0,Medium
2025-08-06,OO,5833,-0.15638839547153272,255.0,Medium
2025-08-06,YX,3409,-0.16175947921337805,256.0,Medium
2025-08-06,G7,4436,-0.1722382098927318,257.0,Medium
2025-08-06,OO,5448,-0.17511522964857468,258.0,Medium
2025-08-06,UA,2683,-0.17915187845528371,259.0,Medium
2025-08-06,YX,3433,-0.17933412610391924,260.0,Medium
2025-08-06,OO,4789,-0.17992398043222607,261.0,Medium
2025-08-06,UA,2629,-0.17995100324090088,262.0,Medium
2025-08-06,UA,1830,-0.1819632130840334,263.0,Medium
2025-08-06,UA,1492,-0.18385900440288128,264.0,Medium
2025-08-06,UA,1941,-0.18556326729328287,265.0,Medium
2025-08-06,OO,5353,-0.18744831618843213,266.0,Medium
2025-08-06,UA,576,-0.20072077405668776,267.0,Medium
2025-08-06,OO,5964,-0.20253710969347946,268.0,Medium
2025-08-06,YX,3628,-0.2052647601973182,269.0,Medium
2025-08-06,UA,2661,-0.20605193393660678,270.0,Medium
2025-08-06,OO,4809,-0.20778178557619956,271.0,Medium
2025-08-06,OO,5344,-0.2108771617934821,272.0,Medium
2025-08-06,UA,2424,-0.2124025814512819,273.0,Medium
2025-08-06,OO,5360,-0.21398009602393464,274.0,Medium
2025-08-06,UA,2684,-0.21424353114468267,275.0,Medium
2025-08-06,UA,2343,-0.21843143765247802,276.0,Medium
2025-08-06,OO,5026,-0.22331611964958997,277.0,Medium
2025-08-06,UA,2414,-0.2265630317281671,278.0,Medium
2025-08-06,UA,293,-0.22718801348506737,279.0,Medium
2025-08-06,UA,2189,-0.2280143404109264,280.0,Medium
2025-08-06,OO,5538,-0.22888141323615718,281.0,Medium
2025-08-06,OO,5505,-0.229827056369511,282.0,Medium
2025-08-06,OO,5593,-0.23116052329817868,283.0,Medium
2025-08-06,OO,5646,-0.23171509927751244,284.0,Medium
2025-08-06,G7,4501,-0.2322758377304263,285.0,Medium
2025-08-06,UA,2333,-0.23320699091750252,286.0,Medium
2025-08-06,UA,2628,-0.23614651096065825,287.0,Medium
2025-08-06,OO,4718,-0.23679502469649077,288.0,Medium
2025-08-06,G7,4476,-0.2370515666177283,289.0,Medium
2025-08-06,OO,5737,-0.24292378357663916,290.0,Medium
2025-08-06,UA,1899,-0.2492509303581173,291.0,Medium
2025-08-06,OO,5420,-0.2568404524279232,292.0,Medium
2025-08-06,UA,2144,-0.25871988744832125,293.0,Medium
2025-08-06,OO,5447,-0.2593254954372282,294.0,Medium
2025-08-06,OO,5395,-0.26034738870899166,295.0,Medium
2025-08-06,UA,729,-0.2626485639236378,296.0,Medium
2025-08-06,OO,5362,-0.26407613799607943,297.0,Medium
2025-08-06,G7,4458,-0.2696691543956967,298.0,Medium
2025-08-06,OO,5262,-0.26971670413961346,299.0,Medium
2025-08-06,UA,1291,-0.27311958070904063,300.0,Medium
2025-08-06,UA,1612,-0.27586672676966273,301.0,Medium
2025-08-06,G7,4546,-0.2779660194852887,302.0,Medium
2025-08-06,OO,5337,-0.27799856419369345,303.0,Medium
2025-08-06,OO,5427,-0.2819872355459079,304.0,Medium
2025-08-06,OO,5795,-0.2820615872262919,305.0,Medium
2025-08-06,UA,2657,-0.2832462177356829,306.0,Medium
2025-08-06,YX,3569,-0.28762840497155373,307.0,Medium
2025-08-06,OO,6002,-0.2938777413459999,308.0,Medium
2025-08-06,YX,3598,-0.29756587433358406,309.0,Medium
2025-08-06,G7,4391,-0.29829740533190474,310.0,Medium
2025-08-06,YX,3465,-0.30124494651728934,311.0,Medium
2025-08-06,G7,4461,-0.30169433477008645,312.0,Medium
2025-08-06,UA,1316,-0.30421819684020024,313.0,Medium
2025-08-06,YX,3601,-0.30652912520489284,314.0,Medium
2025-08-06,UA,1077,-0.30748488515076894,315.0,Medium
2025-08-06,G7,4542,-0.3086087416492579,316.0,Medium
2025-08-06,G7,4463,-0.3089322026681611,317.0,Medium
2025-08-06,OO,5628,-0.31513546066721143,318.0,Medium
2025-08-06,OO,5094,-0.31610919917518737,319.0,Medium
2025-08-06,OO,5608,-0.31761756053137274,320.0,Medium
2025-08-06,OO,5652,-0.31890765288257394,321.0,Medium
2025-08-06,UA,1785,-0.3208958718151492,322.0,Medium
2025-08-06,OO,5125,-0.32219365407774275,323.0,Medium
2025-08-06,UA,660,-0.32295861434252604,324.0,Medium
2025-08-06,OO,5534,-0.3230642592589969,325.0,Medium
2025-08-06,OO,5565,-0.32416978101820715,326.0,Medium
2025-08-06,UA,490,-0.3250590281131843,327.0,Medium
2025-08-06,UA,1741,-0.3258637605868691,328.0,Medium
2025-08-06,OO,5631,-0.3271569638017905,329.0,Medium
2025-08-06,G7,4517,-0.3277075964460595,330.0,Medium
2025-08-06,G7,4549,-0.3282828408618139,331.0,Medium
2025-08-06,OO,5526,-0.32914135163306146,332.0,Medium
2025-08-06,OO,5375,-0.3314338545348251,333.0,Medium
2025-08-06,YX,3641,-0.3356757491165374,334.0,Medium
2025-08-06,G7,4445,-0.3408803707788087,335.0,Medium
2025-08-06,UA,611,-0.34258511602854463,336.0,Medium
2025-08-06,OO,5946,-0.3445432353262803,337.0,Medium
2025-08-06,UA,708,-0.3468466404647009,338.0,Medium
2025-08-06,UA,2635,-0.34813150008864835,339.0,Medium
2025-08-06,G7,4533,-0.3511209501107224,340.0,Medium
2025-08-06,OO,4791,-0.3542359974399567,341.0,Medium
2025-08-06,OO,5836,-0.35659593708015,342.0,Medium
2025-08-06,OO,5731,-0.36083563155826864,343.0,Medium
2025-08-06,UA,1525,-0.36169569717977257,344.0,Medium
2025-08-06,UA,2092,-0.3618027451933105,345.0,Medium
2025-08-06,OO,5624,-0.365568142663985,346.0,Medium
2025-08-06,UA,380,-0.3659854300046802,347.0,Medium
2025-08-06,UA,2090,-0.3694921420280957,348.0,Medium
2025-08-06,UA,1848,-0.3706324005120099,349.0,Medium
2025-08-06,UA,1617,-0.37063610014453974,350.0,Medium
2025-08-06,OO,5977,-0.37422886878436995,351.0,Medium
2025-08-06,G7,4173,-0.3801863978711477,352.0,Medium
2025-08-06,OO,5250,-0.3862115814000881,353.0,Medium
2025-08-06,YX,3638,-0.3900380829009594,354.0,Medium
2025-08-06,UA,275,-0.39303624939197335,355.0,Medium
2025-08-06,YX,3525,-0.39344483834089017,356.0,Medium
2025-08-06,OO,5045,-0.39375277088675514,357.0,Medium
2025-08-06,OO,5607,-0.39431806265448743,358.0,Medium
2025-08-06,OO,5748,-0.3943381128316626,359.0,Medium
2025-08-06,G7,4482,-0.39444798818781546,360.0,Medium
2025-08-06,G7,4406,-0.39678926030389294,361.0,Medium
2025-08-06,UA,1113,-0.4002506410883381,362.0,Medium
2025-08-06,UA,476,-0.40047037759693993,363.0,Medium
2025-08-06,OO,5289,-0.4020968868853086,364.0,Medium
2025-08-06,OO,5555,-0.40533833981134465,365.0,Medium
2025-08-06,OO,5521,-0.40617376230211993,366.0,Medium
2025-08-06,G7,4395,-0.40694517115481776,367.0,Medium
2025-08-06,OO,5726,-0.4077936714218848,368.0,Medium
2025-08-06,OO,5382,-0.41285346735931405,369.0,Medium
2025-08-06,G7,4389,-0.41302420658893124,370.0,Medium
2025-08-06,YX,3551,-0.4138427489661936,371.0,Medium
2025-08-06,OO,5376,-0.4160698567752543,372.0,Medium
2025-08-06,YX,3464,-0.41719047088498046,373.0,Medium
2025-08-06,OO,5474,-0.4190100773853683,374.0,Medium
2025-08-06,UA,786,-0.42083429478958106,375.0,Medium
2025-08-06,OO,5314,-0.42235058006329396,376.0,Medium
2025-08-06,UA,2329,-0.42804493008381556,377.0,Easy
2025-08-06,UA,1693,-0.4283740375541657,378.0,Easy
2025-08-06,UA,1677,-0.42930988973059464,379.0,Easy
2025-08-06,OO,5219,-0.43082286445639395,380.0,Easy
2025-08-06,YX,3716,-0.4312545552080611,381.0,Easy
2025-08-06,UA,1933,-0.4341894392538408,382.0,Easy
2025-08-06,UA,764,-0.4348338115181283,383.0,Easy
2025-08-06,YX,3402,-0.4399423554599391,384.0,Easy
2025-08-06,OO,5392,-0.4426390501199641,385.0,Easy
2025-08-06,OO,5138,-0.4435773718308069,386.0,Easy
2025-08-06,UA,1946,-0.44386456359975024,387.0,Easy
2025-08-06,OO,5852,-0.44455441836928505,388.0,Easy
2025-08-06,YX,3603,-0.4458656857481385,389.0,Easy
2025-08-06,UA,1793,-0.44741997812083,390.0,Easy
2025-08-06,OO,5253,-0.44760851052059836,391.0,Easy
2025-08-06,G7,4502,-0.4489424649966267,392.0,Easy
2025-08-06,YX,3610,-0.4494281463339833,393.0,Easy
2025-08-06,UA,1778,-0.45120003029030165,394.0,Easy
2025-08-06,G7,4610,-0.45282594694858846,395.0,Easy
2025-08-06,OO,5557,-0.4543104884434942,396.0,Easy
2025-08-06,OO,5140,-0.4543747488901656,397.0,Easy
2025-08-06,UA,2609,-0.45592943782776707,398.0,Easy
2025-08-06,OO,5135,-0.45717987183009207,399.0,Easy
2025-08-06,OO,5437,-0.4577497608302753,400.0,Easy
2025-08-06,G7,4425,-0.4593416704593759,401.0,Easy
2025-08-06,OO,5643,-0.4609399689362928,402.0,Easy
2025-08-06,OO,5493,-0.46121265451546156,403.0,Easy
2025-08-06,OO,5290,-0.4631245334777722,404.0,Easy
2025-08-06,OO,5819,-0.4686170428621074,405.0,Easy
2025-08-06,OO,5874,-0.46958443153651797,406.0,Easy
2025-08-06,YX,3498,-0.46968033497567735,407.0,Easy
2025-08-06,G7,4584,-0.47129202327306247,408.0,Easy
2025-08-06,OO,5763,-0.4737451757468443,409.0,Easy
2025-08-06,OO,5610,-0.4772690914065258,410.0,Easy
2025-08-06,OO,5352,-0.4787907236367398,411.0,Easy
2025-08-06,YX,3535,-0.47913698774447666,412.0,Easy
2025-08-06,OO,5398,-0.4797392058095869,413.0,Easy
2025-08-06,G7,4590,-0.47974250357663956,414.0,Easy
2025-08-06,G7,4431,-0.481625445861957,415.0,Easy
2025-08-06,G7,4188,-0.48259301915159825,416.0,Easy
2025-08-06,G7,4588,-0.4834411426393256,417.0,Easy
2025-08-06,YX,3568,-0.4849717164475025,418.0,Easy
2025-08-06,OO,5470,-0.4868798319409345,419.0,Easy
2025-08-06,UA,2195,-0.4934127763535897,420.0,Easy
2025-08-06,UA,1776,-0.49457393869768107,421.0,Easy
2025-08-06,UA,1413,-0.4985345783845137,422.0,Easy
2025-08-06,G7,4185,-0.49876218256278176,423.0,Easy
2025-08-06,OO,5108,-0.501033563870514,424.0,Easy
2025-08-06,OO,5251,-0.5022874390300548,425.0,Easy
2025-08-06,G7,4387,-0.5032699860290609,426.0,Easy
2025-08-06,YX,3571,-0.503936978801665,427.0,Easy
2025-08-06,UA,467,-0.5049081011656655,428.0,Easy
2025-08-06,OO,4780,-0.5069028948649194,429.0,Easy
2025-08-06,OO,5668,-0.5093260091373776,430.0,Easy
2025-08-06,OO,5131,-0.5093981133868795,431.0,Easy
2025-08-06,G7,4554,-0.5094831864795033,432.0,Easy
2025-08-06,UA,556,-0.509995822735516,433.0,Easy
2025-08-06,YX,3663,-0.5129401064809236,434.0,Easy
2025-08-06,G7,4529,-0.5146532692029847,435.0,Easy
2025-08-06,G7,4559,-0.5152163521316309,436.0,Easy
2025-08-06,OO,5124,-0.5165488925969045,437.0,Easy
2025-08-06,YX,3542,-0.5179042459713272,438.0,Easy
2025-08-06,G7,4563,-0.5281661197273291,439.0,Easy
2025-08-06,OO,4778,-0.5290659335691495,440.0,Easy
2025-08-06,OO,5425,-0.5291347054981167,441.0,Easy
2025-08-06,YX,3604,-0.5313613366584681,442.0,Easy
2025-08-06,YX,3421,-0.5333804352710794,443.0,Easy
2025-08-06,G7,4416,-0.5371075438674378,444.0,Easy
2025-08-06,YX,3707,-0.5413383018628595,445.0,Easy
2025-08-06,OO,5847,-0.5415594036382332,446.0,Easy
2025-08-06,OO,5585,-0.5432893856080139,447.0,Easy
2025-08-06,YX,3690,-0.5437894328193843,448.0,Easy
2025-08-06,OO,5414,-0.5442865810013006,449.0,Easy
2025-08-06,G7,4491,-0.5453855483351769,450.0,Easy
2025-08-06,G7,4585,-0.5462098325648198,451.0,Easy
2025-08-06,OO,5821,-0.5467413256472985,452.0,Easy
2025-08-06,OO,5564,-0.5552629926286282,453.0,Easy
2025-08-06,YX,3635,-0.5609761447662689,454.0,Easy
2025-08-06,YX,3694,-0.5615874743987077,455.0,Easy
2025-08-06,OO,5383,-0.5670748732678016,456.0,Easy
2025-08-06,G7,4186,-0.569827680311968,457.0,Easy
2025-08-06,G7,4452,-0.5698622927764321,458.0,Easy
2025-08-06,G7,4429,-0.5716412427988068,459.0,Easy
2025-08-06,G7,4568,-0.5727155296064627,460.0,Easy
2025-08-06,OO,5603,-0.5744398322644981,461.0,Easy
2025-08-06,OO,5469,-0.575665242838673,462.0,Easy
2025-08-06,G7,4390,-0.5829100409616638,463.0,Easy
2025-08-06,G7,4599,-0.5857716571542579,464.0,Easy
2025-08-06,OO,5517,-0.5887022106697971,465.0,Easy
2025-08-06,OO,5699,-0.5897406611622171,466.0,Easy
2025-08-06,UA,2364,-0.5908308679791239,467.0,Easy
2025-08-06,G7,4558,-0.5938796949057811,468.0,Easy
2025-08-06,OO,5100,-0.5957750916880465,469.0,Easy
2025-08-06,OO,5841,-0.6000209651879603,470.0,Easy
2025-08-06,G7,4504,-0.602439912674365,471.0,Easy
2025-08-06,YX,3536,-0.6036183682238346,472.0,Easy
2025-08-06,G7,4552,-0.6066161560278102,473.0,Easy
2025-08-06,UA,1297,-0.60672020465668,474.0,Easy
2025-08-06,G7,4571,-0.6122881840834907,475.0,Easy
2025-08-06,OO,5260,-0.6138516101107275,476.0,Easy
2025-08-06,UA,2369,-0.6202045902885047,477.0,Easy
2025-08-06,G7,4426,-0.6217499532337439,478.0,Easy
2025-08-06,OO,5444,-0.6237751720979133,479.0,Easy
2025-08-06,OO,5121,-0.6247849484980768,480.0,Easy
2025-08-06,G7,4519,-0.6262794132792512,481.0,Easy
2025-08-06,OO,4638,-0.6329299037440473,482.0,Easy
2025-08-06,UA,752,-0.6378966747460446,483.0,Easy
2025-08-06,OO,5021,-0.6417411438323176,484.0,Easy
2025-08-06,UA,1097,-0.6468056724643232,485.0,Easy
2025-08-06,YX,3655,-0.650340003224103,486.0,Easy
2025-08-06,OO,5103,-0.6568862616522911,487.0,Easy
2025-08-06,UA,2640,-0.6624774958504562,488.0,Easy
2025-08-06,G7,4380,-0.6647166718521531,489.0,Easy
2025-08-06,OO,5275,-0.6808968693885606,490.0,Easy
2025-08-06,G7,4507,-0.6811624503338513,491.0,Easy
2025-08-06,OO,5309,-0.6823225660090044,492.0,Easy
2025-08-06,UA,1381,-0.6887842824022042,493.0,Easy
2025-08-06,UA,1010,-0.6891748738562998,494.0,Easy
2025-08-06,OO,4748,-0.6947663917501855,495.0,Easy
2025-08-06,OO,5234,-0.6967581762085545,496.0,Easy
2025-08-06,OO,5499,-0.6986501941492149,497.0,Easy
2025-08-06,OO,5051,-0.7216123970533527,498.0,Easy
2025-08-06,UA,466,-0.7621834442287673,499.0,Easy
2025-08-06,OO,5020,-0.8181681269231638,500.0,Easy
2025-08-06,OO,5136,-0.823652252761403,501.0,Easy
2025-08-06,OO,5027,-0.8844646682934003,502.0,Easy
2025-08-07,UA,2361,4.4507481392278985,1.0,Difficult
2025-08-07,UA,1525,3.5583211826667176,2.0,Difficult
2025-08-07,OO,5292,3.268861282666773,3.0,Difficult
2025-08-07,UA,1815,2.8821146574914493,4.0,Difficult
2025-08-07,UA,845,2.6133937743077613,5.0,Difficult
2025-08-07,UA,359,2.583970931032348,6.0,Difficult
2025-08-07,UA,944,2.4783015662426315,7.0,Difficult
2025-08-07,UA,2278,2.4416204897712004,8.0,Difficult
2025-08-07,G7,4530,2.2967990125221958,9.0,Difficult
2025-08-07,UA,422,2.1804437294447943,10.0,Difficult
2025-08-07,UA,769,1.952349621896221,11.0,Difficult
2025-08-07,UA,1068,1.945286251883821,12.0,Difficult
2025-08-07,UA,881,1.930419718953118,13.0,Difficult
2025-08-07,UA,1387,1.8405518086984491,14.0,Difficult
2025-08-07,UA,907,1.8303339435623225,15.0,Difficult
2025-08-07,UA,929,1.7135585786845016,16.0,Difficult
2025-08-07,UA,468,1.671069442134632,17.0,Difficult
2025-08-07,UA,972,1.6593381273002203,18.0,Difficult
2025-08-07,UA,1291,1.3854934216805606,19.0,Difficult
2025-08-07,OO,5790,1.3600697851806647,20.0,Difficult
2025-08-07,UA,1834,1.3195188312305506,21.0,Difficult
2025-08-07,UA,219,1.2214001568878405,22.0,Difficult
2025-08-07,UA,2090,1.1058337194596684,23.0,Difficult
2025-08-07,UA,1583,1.0747527963137544,24.0,Difficult
2025-08-07,OO,5963,1.0705949177697083,25.0,Difficult
2025-08-07,UA,1643,1.0202415298764598,26.0,Difficult
2025-08-07,UA,2092,1.0193010900182704,27.0,Difficult
2025-08-07,UA,938,0.9958458146822569,28.0,Difficult
2025-08-07,UA,343,0.9897299180148044,29.0,Difficult
2025-08-07,UA,600,0.9896683209835648,30.0,Difficult
2025-08-07,OO,5260,0.9332073102047261,31.0,Difficult
2025-08-07,UA,1273,0.918686283553161,32.0,Difficult
2025-08-07,UA,1878,0.8766277869937995,33.0,Difficult
2025-08-07,UA,2290,0.8693078932420732,34.0,Difficult
2025-08-07,UA,1975,0.8620131949718625,35.0,Difficult
2025-08-07,UA,660,0.8549743824764895,36.0,Difficult
2025-08-07,UA,611,0.8478694476224414,37.0,Difficult
2025-08-07,UA,1620,0.8264209282958442,38.0,Difficult
2025-08-07,UA,1270,0.8064634931766401,39.0,Difficult
2025-08-07,UA,1761,0.8010807814358293,40.0,Difficult
2025-08-07,UA,2104,0.7926010148200001,41.0,Difficult
2025-08-07,UA,953,0.7617472709692952,42.0,Difficult
2025-08-07,UA,1842,0.7513098694058243,43.0,Difficult
2025-08-07,UA,1538,0.7313927549866136,44.0,Difficult
2025-08-07,UA,2323,0.7159811848207591,45.0,Difficult
2025-08-07,UA,1577,0.7144621749608778,46.0,Difficult
2025-08-07,UA,2226,0.6842697079883211,47.0,Difficult
2025-08-07,UA,2172,0.6708797306236682,48.0,Difficult
2025-08-07,UA,2414,0.6677613178487778,49.0,Difficult
2025-08-07,OO,5380,0.6607159960781112,50.0,Difficult
2025-08-07,UA,1599,0.6506232483249399,51.0,Difficult
2025-08-07,OO,5930,0.6464826297060643,52.0,Difficult
2025-08-07,UA,2657,0.634165368720435,53.0,Difficult
2025-08-07,UA,1485,0.6124197366033497,54.0,Difficult
2025-08-07,UA,1044,0.5994022694651748,55.0,Difficult
2025-08-07,UA,561,0.5878946792171424,56.0,Difficult
2025-08-07,UA,1328,0.5816344682972404,57.0,Difficult
2025-08-07,UA,1658,0.5790703564116441,58.0,Difficult
2025-08-07,UA,980,0.5636962341058133,59.0,Difficult
2025-08-07,UA,2465,0.5447446739169787,60.0,Difficult
2025-08-07,UA,622,0.5445514153561137,61.0,Difficult
2025-08-07,UA,617,0.5418986635575871,62.0,Difficult
2025-08-07,UA,411,0.525118473337353,63.0,Difficult
2025-08-07,OO,5398,0.5049233636211281,64.0,Difficult
2025-08-07,UA,1502,0.4952785927427033,65.0,Difficult
2025-08-07,UA,609,0.49103549819131787,66.0,Difficult
2025-08-07,UA,482,0.48766035435810107,67.0,Difficult
2025-08-07,OO,5532,0.48675463706007904,68.0,Difficult
2025-08-07,UA,2418,0.48564512827846573,69.0,Difficult
2025-08-07,UA,416,0.4724925252616478,70.0,Difficult
2025-08-07,UA,2201,0.46667439415140216,71.0,Difficult
2025-08-07,UA,1361,0.44928125895145254,72.0,Difficult
2025-08-07,UA,2137,0.4482888345715792,73.0,Difficult
2025-08-07,UA,2691,0.44647159507953055,74.0,Difficult
2025-08-07,UA,288,0.4460514658993637,75.0,Difficult
2025-08-07,UA,909,0.4418997568884338,76.0,Difficult
2025-08-07,UA,576,0.43814595858750593,77.0,Difficult
2025-08-07,UA,2677,0.43535661773191425,78.0,Difficult
2025-08-07,UA,1314,0.4294469535246199,79.0,Difficult
2025-08-07,UA,1710,0.42835788393436525,80.0,Difficult
2025-08-07,UA,2155,0.4243257406992045,81.0,Difficult
2025-08-07,UA,1933,0.4226391429834536,82.0,Difficult
2025-08-07,UA,1967,0.4144291136584234,83.0,Difficult
2025-08-07,UA,2207,0.41281041989647305,84.0,Difficult
2025-08-07,G7,4476,0.3864633578575841,85.0,Difficult
2025-08-07,UA,1335,0.3753540246193774,86.0,Difficult
2025-08-07,UA,2200,0.3750597752493184,87.0,Difficult
2025-08-07,UA,293,0.37442700418688146,88.0,Difficult
2025-08-07,UA,1205,0.3731473532562418,89.0,Difficult
2025-08-07,UA,1775,0.3593984282819659,90.0,Difficult
2025-08-07,UA,1741,0.3582325506744942,91.0,Difficult
2025-08-07,UA,247,0.35254019167026895,92.0,Difficult
2025-08-07,UA,481,0.34565236283318057,93.0,Difficult
2025-08-07,UA,2333,0.341217015046083,94.0,Difficult
2025-08-07,UA,1594,0.34116169283661324,95.0,Difficult
2025-08-07,UA,669,0.3411259726128748,96.0,Difficult
2025-08-07,UA,2232,0.34079051321782694,97.0,Difficult
2025-08-07,UA,1477,0.3362266545799102,98.0,Difficult
2025-08-07,UA,2133,0.3329288573971312,99.0,Difficult
2025-08-07,UA,1983,0.3308835362591156,100.0,Difficult
2025-08-07,UA,2494,0.3119862467822937,101.0,Difficult
2025-08-07,OO,5601,0.30977557967433833,102.0,Difficult
2025-08-07,UA,1859,0.3047861633450504,103.0,Difficult
2025-08-07,UA,2862,0.3046218994305368,104.0,Difficult
2025-08-07,UA,3,0.3038646110517846,105.0,Difficult
2025-08-07,UA,2364,0.2881135692114817,106.0,Difficult
2025-08-07,UA,2302,0.2834884761097489,107.0,Difficult
2025-08-07,UA,2385,0.27985493443332465,108.0,Difficult
2025-08-07,UA,2440,0.2789209979701656,109.0,Difficult
2025-08-07,UA,714,0.2763919253875471,110.0,Difficult
2025-08-07,UA,2113,0.27271274173939897,111.0,Difficult
2025-08-07,UA,1742,0.26912476070603436,112.0,Difficult
2025-08-07,UA,224,0.2608360283616806,113.0,Difficult
2025-08-07,UA,912,0.25502349932675356,114.0,Difficult
2025-08-07,UA,1006,0.2531318231376547,115.0,Difficult
2025-08-07,UA,1377,0.25110925361677444,116.0,Difficult
2025-08-07,OO,5577,0.24577433198616586,117.0,Difficult
2025-08-07,UA,1269,0.2452043217187902,118.0,Difficult
2025-08-07,UA,2189,0.2437759150276546,119.0,Difficult
2025-08-07,UA,2154,0.24241845848056776,120.0,Difficult
2025-08-07,UA,721,0.2390671182868404,121.0,Difficult
2025-08-07,OO,5729,0.23400666692153105,122.0,Difficult
2025-08-07,UA,1491,0.2324140134719415,123.0,Difficult
2025-08-07,G7,4597,0.2289942133847837,124.0,Difficult
2025-08-07,UA,2683,0.22155945055478962,125.0,Difficult
2025-08-07,UA,2666,0.21435637533589944,126.0,Difficult
2025-08-07,UA,1811,0.2117372327471185,127.0,Difficult
2025-08-07,UA,2040,0.21040884449186625,128.0,Difficult
2025-08-07,OO,5731,0.20839290292988286,129.0,Difficult
2025-08-07,UA,2417,0.20820539717582476,130.0,Difficult
2025-08-07,UA,378,0.20316931559681423,131.0,Difficult
2025-08-07,UA,563,0.20283641816117726,132.0,Difficult
2025-08-07,UA,2179,0.20279374820561946,133.0,Difficult
2025-08-07,UA,118,0.1977951381259051,134.0,Difficult
2025-08-07,UA,1304,0.19654196912091193,135.0,Difficult
2025-08-07,G7,4474,0.19473868372196407,136.0,Difficult
2025-08-07,UA,2059,0.1859797383623223,137.0,Difficult
2025-08-07,UA,1531,0.18492651300094884,138.0,Difficult
2025-08-07,UA,1801,0.18139981846057404,139.0,Difficult
2025-08-07,UA,729,0.18081031844557863,140.0,Medium
2025-08-07,UA,374,0.18011990458611934,141.0,Medium
2025-08-07,OO,5125,0.1752245310223281,142.0,Medium
2025-08-07,UA,445,0.17456073466180633,143.0,Medium
2025-08-07,OO,5124,0.1705798337451045,144.0,Medium
2025-08-07,UA,399,0.16329209418279253,145.0,Medium
2025-08-07,OO,5135,0.1548604910958689,146.0,Medium
2025-08-07,UA,2004,0.1541554438068353,147.0,Medium
2025-08-07,UA,2280,0.15283260324257278,148.0,Medium
2025-08-07,UA,2099,0.1522169505073965,149.0,Medium
2025-08-07,UA,2008,0.13970740624173655,150.0,Medium
2025-08-07,UA,2616,0.13800858465766,151.0,Medium
2025-08-07,UA,286,0.13169522957987517,152.0,Medium
2025-08-07,OO,5375,0.13129843165799243,153.0,Medium
2025-08-07,UA,2144,0.13124364866708932,154.0,Medium
2025-08-07,UA,2039,0.12582550278594212,155.0,Medium
2025-08-07,G7,4590,0.12182241395748011,156.0,Medium
2025-08-07,UA,2629,0.11679770210565285,157.0,Medium
2025-08-07,UA,2389,0.11023438810245109,158.0,Medium
2025-08-07,OO,5859,0.1092543355070239,159.0,Medium
2025-08-07,UA,739,0.10830872482252121,160.0,Medium
2025-08-07,UA,1564,0.10647081315304738,161.0,Medium
2025-08-07,UA,1097,0.09444080771543585,162.0,Medium
2025-08-07,YX,3598,0.08760245878534664,163.0,Medium
2025-08-07,UA,1215,0.08735207280125853,164.0,Medium
2025-08-07,UA,2424,0.08599073862096532,165.0,Medium
2025-08-07,UA,764,0.08335637127133107,166.0,Medium
2025-08-07,UA,1776,0.08294270553574042,167.0,Medium
2025-08-07,UA,2370,0.06985665726609736,168.0,Medium
2025-08-07,UA,1872,0.06741587166390732,169.0,Medium
2025-08-07,UA,786,0.06072612964902121,170.0,Medium
2025-08-07,UA,602,0.06023064340781516,171.0,Medium
2025-08-07,UA,2211,0.05432199259112574,172.0,Medium
2025-08-07,UA,1224,0.051010970857304744,173.0,Medium
2025-08-07,UA,2658,0.05070875981939768,174.0,Medium
2025-08-07,OO,5021,0.044045707332131964,175.0,Medium
2025-08-07,UA,2483,0.03767729099361187,176.0,Medium
2025-08-07,OO,5140,0.037562717517253826,177.0,Medium
2025-08-07,UA,1363,0.03680535510690056,178.0,Medium
2025-08-07,UA,276,0.036190384708673196,179.0,Medium
2025-08-07,UA,2661,0.035457983277143834,180.0,Medium
2025-08-07,UA,1139,0.03482069501183873,181.0,Medium
2025-08-07,UA,533,0.03445412582779494,182.0,Medium
2025-08-07,UA,580,0.03272776533260446,183.0,Medium
2025-08-07,UA,291,0.032579367560737246,184.0,Medium
2025-08-07,OO,5646,0.027223458672877884,185.0,Medium
2025-08-07,UA,920,0.026615254022289172,186.0,Medium
2025-08-07,UA,2106,0.024074051604509143,187.0,Medium
2025-08-07,G7,4507,0.022511238539377754,188.0,Medium
2025-08-07,UA,307,0.020480859229078177,189.0,Medium
2025-08-07,UA,2394,0.01890611288710065,190.0,Medium
2025-08-07,UA,2075,0.017153610093912648,191.0,Medium
2025-08-07,UA,2147,0.016397230742775777,192.0,Medium
2025-08-07,UA,476,0.01505283636948886,193.0,Medium
2025-08-07,G7,4481,0.013156731939484384,194.0,Medium
2025-08-07,G7,4563,0.012369588512255565,195.0,Medium
2025-08-07,UA,1129,0.012162217680564844,196.0,Medium
2025-08-07,G7,4173,0.010832901468622293,197.0,Medium
2025-08-07,UA,1297,0.008965348958505835,198.0,Medium
2025-08-07,UA,987,0.004614289492430465,199.0,Medium
2025-08-07,UA,1941,0.0033977220649122272,200.0,Medium
2025-08-07,YX,3569,0.0033620215330678015,201.0,Medium
2025-08-07,UA,767,0.003133707291760185,202.0,Medium
2025-08-07,OO,5447,0.0015500674643388092,203.0,Medium
2025-08-07,UA,2071,0.0002968102047367499,204.0,Medium
2025-08-07,UA,1996,-0.0014505285449915965,205.0,Medium
2025-08-07,UA,2337,-0.001939726458175861,206.0,Medium
2025-08-07,UA,2672,-0.003923701477808288,207.0,Medium
2025-08-07,UA,1124,-0.004880559460143916,208.0,Medium
2025-08-07,UA,695,-0.0064695545079821795,209.0,Medium
2025-08-07,OO,5446,-0.007744936302893704,210.0,Medium
2025-08-07,UA,2653,-0.011074872476653702,211.0,Medium
2025-08-07,UA,1316,-0.014305671003230436,212.0,Medium
2025-08-07,OO,4809,-0.015254719189404048,213.0,Medium
2025-08-07,UA,758,-0.015751922581362952,214.0,Medium
2025-08-07,UA,2378,-0.02010936647740297,215.0,Medium
2025-08-07,OO,5474,-0.022353241335954656,216.0,Medium
2025-08-07,UA,2387,-0.022647531764075458,217.0,Medium
2025-08-07,UA,2481,-0.02722522332347846,218.0,Medium
2025-08-07,OO,5131,-0.02801695795865671,219.0,Medium
2025-08-07,UA,1209,-0.028225033535115695,220.0,Medium
2025-08-07,UA,1178,-0.029229500711625854,221.0,Medium
2025-08-07,UA,310,-0.03625174241574482,222.0,Medium
2025-08-07,UA,2243,-0.037339899536636564,223.0,Medium
2025-08-07,UA,349,-0.0412057004484022,224.0,Medium
2025-08-07,OO,5362,-0.04252199268348367,225.0,Medium
2025-08-07,OO,5847,-0.04272637710791797,226.0,Medium
2025-08-07,UA,791,-0.04381330910527537,227.0,Medium
2025-08-07,G7,4406,-0.044240682739978034,228.0,Medium
2025-08-07,UA,1634,-0.0445895223626194,229.0,Medium
2025-08-07,UA,1144,-0.04500466818313926,230.0,Medium
2025-08-07,UA,2627,-0.04667071942470803,231.0,Medium
2025-08-07,OO,5038,-0.048128030342739464,232.0,Medium
2025-08-07,UA,1851,-0.04867849122629518,233.0,Medium
2025-08-07,OO,5763,-0.04935666544945868,234.0,Medium
2025-08-07,UA,2329,-0.05000544378957482,235.0,Medium
2025-08-07,OO,4778,-0.05123697226018444,236.0,Medium
2025-08-07,UA,1793,-0.05185896153573501,237.0,Medium
2025-08-07,UA,2369,-0.05429596112132512,238.0,Medium
2025-08-07,YX,3493,-0.05856084299142712,239.0,Medium
2025-08-07,UA,2011,-0.06116303683642021,240.0,Medium
2025-08-07,UA,503,-0.062137618811952594,241.0,Medium
2025-08-07,UA,970,-0.06356383275012999,242.0,Medium
2025-08-07,UA,1492,-0.06479522827079781,243.0,Medium
2025-08-07,G7,4380,-0.06520190849459989,244.0,Medium
2025-08-07,UA,2665,-0.06589606274049979,245.0,Medium
2025-08-07,OO,5624,-0.06739102748827547,246.0,Medium
2025-08-07,OO,5427,-0.06868605106153257,247.0,Medium
2025-08-07,UA,1803,-0.06996323019724901,248.0,Medium
2025-08-07,UA,1168,-0.07212074625187373,249.0,Medium
2025-08-07,OO,5290,-0.07327652037089197,250.0,Medium
2025-08-07,UA,1010,-0.07585990146719357,251.0,Medium
2025-08-07,UA,1660,-0.07674674866148029,252.0,Medium
2025-08-07,UA,1324,-0.07697161264370761,253.0,Medium
2025-08-07,OO,5868,-0.08062916763043394,254.0,Medium
2025-08-07,OO,5557,-0.08245318458531646,255.0,Medium
2025-08-07,YX,3614,-0.08530766910882398,256.0,Medium
2025-08-07,OO,5652,-0.08555226776438311,257.0,Medium
2025-08-07,YX,3421,-0.0873249634711411,258.0,Medium
2025-08-07,UA,1198,-0.08801316183669983,259.0,Medium
2025-08-07,UA,2251,-0.09353758664521729,260.0,Medium
2025-08-07,UA,490,-0.0939712705917149,261.0,Medium
2025-08-07,UA,2254,-0.09866639673839028,262.0,Medium
2025-08-07,UA,1980,-0.09875017519262287,263.0,Medium
2025-08-07,OO,5555,-0.09878487868119716,264.0,Medium
2025-08-07,OO,5094,-0.09978841728974908,265.0,Medium
2025-08-07,OO,5274,-0.10111999063749559,266.0,Medium
2025-08-07,UA,793,-0.10318805917606937,267.0,Medium
2025-08-07,UA,1398,-0.10411924285576454,268.0,Medium
2025-08-07,OO,4718,-0.1070710079433184,269.0,Medium
2025-08-07,UA,1182,-0.11516928755722197,270.0,Medium
2025-08-07,OO,5946,-0.11791988291934619,271.0,Medium
2025-08-07,UA,1156,-0.11947253983892125,272.0,Medium
2025-08-07,UA,1421,-0.11969050383355741,273.0,Medium
2025-08-07,UA,2652,-0.1251534615227985,274.0,Medium
2025-08-07,YX,3635,-0.12743333732992762,275.0,Medium
2025-08-07,UA,2635,-0.12775567670033366,276.0,Medium
2025-08-07,UA,1616,-0.12791855832317306,277.0,Medium
2025-08-07,YX,3601,-0.13006315981499367,278.0,Medium
2025-08-07,OO,5699,-0.13086114688301426,279.0,Medium
2025-08-07,UA,2100,-0.13468419981101964,280.0,Medium
2025-08-07,UA,466,-0.13774255626262744,281.0,Medium
2025-08-07,UA,534,-0.13906341792830063,282.0,Medium
2025-08-07,UA,1347,-0.14026448688971427,283.0,Medium
2025-08-07,OO,5280,-0.14026498287869443,284.0,Medium
2025-08-07,UA,587,-0.15062956831651786,285.0,Medium
2025-08-07,UA,2347,-0.1525172889688662,286.0,Medium
2025-08-07,UA,1677,-0.15271493602396322,287.0,Medium
2025-08-07,OO,5352,-0.15790144013963614,288.0,Medium
2025-08-07,UA,763,-0.15829082134772132,289.0,Medium
2025-08-07,UA,1923,-0.165849931909035,290.0,Medium
2025-08-07,G7,4184,-0.16872079128417963,291.0,Medium
2025-08-07,UA,1785,-0.17022093539787606,292.0,Medium
2025-08-07,UA,1495,-0.1705291701528746,293.0,Medium
2025-08-07,YX,3440,-0.1800659901133209,294.0,Medium
2025-08-07,UA,356,-0.18215120115870914,295.0,Medium
2025-08-07,UA,2649,-0.1835668525837958,296.0,Medium
2025-08-07,G7,4395,-0.18406435841825947,297.0,Medium
2025-08-07,OO,4638,-0.1845538908123163,298.0,Medium
2025-08-07,OO,5610,-0.184770900714744,299.0,Medium
2025-08-07,UA,1239,-0.18691476594141151,300.0,Medium
2025-08-07,UA,2426,-0.18848530050050377,301.0,Medium
2025-08-07,UA,2202,-0.19010468073667808,302.0,Medium
2025-08-07,UA,265,-0.19166041397942077,303.0,Medium
2025-08-07,OO,5234,-0.19482148367745525,304.0,Medium
2025-08-07,OO,5668,-0.1951055330301296,305.0,Medium
2025-08-07,UA,1358,-0.1951861430356564,306.0,Medium
2025-08-07,YX,3451,-0.20026613688945577,307.0,Medium
2025-08-07,G7,4600,-0.20302484248911695,308.0,Medium
2025-08-07,YX,3603,-0.20729970643331347,309.0,Medium
2025-08-07,UA,2195,-0.20961980479800338,310.0,Medium
2025-08-07,UA,380,-0.21014677843110255,311.0,Medium
2025-08-07,UA,467,-0.21194052433893337,312.0,Medium
2025-08-07,UA,2684,-0.2119537172116197,313.0,Medium
2025-08-07,OO,4792,-0.21452395035845745,314.0,Medium
2025-08-07,YX,3654,-0.21728750113080397,315.0,Medium
2025-08-07,UA,1848,-0.21796557574215863,316.0,Medium
2025-08-07,OO,5138,-0.2192965482559451,317.0,Medium
2025-08-07,UA,1069,-0.21945603173324585,318.0,Medium
2025-08-07,OO,5810,-0.22201028153845764,319.0,Medium
2025-08-07,UA,1740,-0.2227066185854309,320.0,Medium
2025-08-07,OO,5833,-0.22388038088395343,321.0,Medium
2025-08-07,OO,5118,-0.22401343874990579,322.0,Medium
2025-08-07,UA,2182,-0.22798535722559998,323.0,Medium
2025-08-07,OO,5843,-0.23014728206124604,324.0,Medium
2025-08-07,OO,5795,-0.23064361929343993,325.0,Medium
2025-08-07,OO,4645,-0.23288513421524454,326.0,Medium
2025-08-07,OO,5344,-0.233161110704518,327.0,Medium
2025-08-07,UA,1448,-0.234251959872574,328.0,Medium
2025-08-07,UA,1100,-0.2346193735587963,329.0,Medium
2025-08-07,YX,3655,-0.23542426365926925,330.0,Medium
2025-08-07,OO,5603,-0.2368275778723753,331.0,Medium
2025-08-07,OO,5901,-0.23759487956152794,332.0,Medium
2025-08-07,OO,5988,-0.2397730521859941,333.0,Medium
2025-08-07,OO,4780,-0.24177045136463632,334.0,Medium
2025-08-07,OO,5984,-0.2431204743619909,335.0,Medium
2025-08-07,UA,1909,-0.24330104876330147,336.0,Medium
2025-08-07,G7,4571,-0.24518476360967412,337.0,Medium
2025-08-07,UA,1946,-0.2457064436564646,338.0,Medium
2025-08-07,OO,5230,-0.24646888720522564,339.0,Medium
2025-08-07,OO,5852,-0.24838811224426494,340.0,Medium
2025-08-07,UA,1306,-0.25179562795142724,341.0,Medium
2025-08-07,OO,6002,-0.252043535648531,342.0,Medium
2025-08-07,OO,5977,-0.25240324825488153,343.0,Medium
2025-08-07,UA,2427,-0.2530056058555227,344.0,Medium
2025-08-07,YX,3604,-0.25348964691056225,345.0,Medium
2025-08-07,OO,5262,-0.2561356987558664,346.0,Medium
2025-08-07,YX,3542,-0.25683410797007683,347.0,Medium
2025-08-07,UA,1077,-0.25754918046614106,348.0,Medium
2025-08-07,UA,1403,-0.2577672173407226,349.0,Medium
2025-08-07,UA,275,-0.26314183618108283,350.0,Medium
2025-08-07,OO,5122,-0.26381345318137844,351.0,Medium
2025-08-07,G7,4458,-0.26523598218777245,352.0,Medium
2025-08-07,G7,4436,-0.26759138873750604,353.0,Medium
2025-08-07,OO,5607,-0.26871655688029894,354.0,Medium
2025-08-07,OO,5748,-0.2687198562017124,355.0,Medium
2025-08-07,UA,708,-0.269237604037423,356.0,Medium
2025-08-07,G7,4391,-0.27026486735621663,357.0,Medium
2025-08-07,UA,2455,-0.27036780567312046,358.0,Medium
2025-08-07,OO,5100,-0.27145456189105677,359.0,Medium
2025-08-07,G7,4491,-0.2716205967793177,360.0,Medium
2025-08-07,G7,4568,-0.2726684575954692,361.0,Medium
2025-08-07,G7,4542,-0.27410701526702447,362.0,Medium
2025-08-07,G7,4416,-0.27457647450601785,363.0,Medium
2025-08-07,YX,3571,-0.2751310604325447,364.0,Medium
2025-08-07,UA,1301,-0.2765456446600367,365.0,Medium
2025-08-07,UA,2628,-0.2789696988669862,366.0,Medium
2025-08-07,YX,3718,-0.28100957425300527,367.0,Medium
2025-08-07,OO,5420,-0.2836374754504485,368.0,Medium
2025-08-07,UA,2148,-0.2848666502035488,369.0,Medium
2025-08-07,UA,1899,-0.2854809173767813,370.0,Medium
2025-08-07,G7,4429,-0.2900580302291983,371.0,Medium
2025-08-07,UA,1413,-0.2918081654571853,372.0,Medium
2025-08-07,OO,5493,-0.2929102582691268,373.0,Medium
2025-08-07,UA,1920,-0.29547153434937284,374.0,Medium
2025-08-07,UA,1655,-0.29569768346211744,375.0,Medium
2025-08-07,UA,1041,-0.2978608366613562,376.0,Medium
2025-08-07,OO,5948,-0.29839413949780885,377.0,Medium
2025-08-07,G7,4584,-0.2986322469522773,378.0,Medium
2025-08-07,UA,2138,-0.3016294508920742,379.0,Medium
2025-08-07,YX,3525,-0.3042669865631019,380.0,Medium
2025-08-07,OO,5841,-0.30460049544625856,381.0,Medium
2025-08-07,UA,2497,-0.30553137072564984,382.0,Medium
2025-08-07,OO,5819,-0.31105586986416506,383.0,Medium
2025-08-07,G7,4599,-0.31271872653428606,384.0,Medium
2025-08-07,G7,4546,-0.3170359139608224,385.0,Medium
2025-08-07,OO,5414,-0.31782837434778594,386.0,Medium
2025-08-07,UA,1989,-0.3182782916715719,387.0,Medium
2025-08-07,UA,2609,-0.31900067910133134,388.0,Medium
2025-08-07,UA,2343,-0.31964449913763926,389.0,Medium
2025-08-07,OO,5272,-0.3210454777068081,390.0,Medium
2025-08-07,OO,5608,-0.3261889243688407,391.0,Medium
2025-08-07,OO,5320,-0.3264042154764529,392.0,Medium
2025-08-07,UA,777,-0.32753440421798846,393.0,Medium
2025-08-07,YX,3465,-0.3329210058131481,394.0,Medium
2025-08-07,YX,3628,-0.33331897333357363,395.0,Medium
2025-08-07,UA,1756,-0.3336457079044122,396.0,Medium
2025-08-07,UA,1576,-0.334118354055549,397.0,Medium
2025-08-07,OO,5526,-0.33556567737985277,398.0,Medium
2025-08-07,OO,5309,-0.33823321275795126,399.0,Medium
2025-08-07,OO,5874,-0.3388182517604828,400.0,Medium
2025-08-07,OO,4712,-0.3415446200364064,401.0,Medium
2025-08-07,YX,3433,-0.34289443253419116,402.0,Medium
2025-08-07,OO,5637,-0.343609122871809,403.0,Medium
2025-08-07,OO,5099,-0.3443157083155361,404.0,Medium
2025-08-07,OO,5395,-0.34613076064646275,405.0,Medium
2025-08-07,UA,1641,-0.35053854516931493,406.0,Medium
2025-08-07,OO,5505,-0.35072770682485516,407.0,Medium
2025-08-07,UA,592,-0.3525526056390918,408.0,Medium
2025-08-07,UA,1693,-0.3542192328379041,409.0,Medium
2025-08-07,OO,4789,-0.35693786243248155,410.0,Medium
2025-08-07,OO,5225,-0.36503657122254396,411.0,Medium
2025-08-07,OO,5027,-0.3651769832564479,412.0,Medium
2025-08-07,YX,3638,-0.3652525126277653,413.0,Medium
2025-08-07,UA,1830,-0.3653283532738418,414.0,Medium
2025-08-07,OO,5737,-0.37017203481517574,415.0,Medium
2025-08-07,OO,5448,-0.37245220505861243,416.0,Easy
2025-08-07,UA,1381,-0.3735578770209264,417.0,Easy
2025-08-07,OO,5337,-0.37387045411249026,418.0,Easy
2025-08-07,UA,1659,-0.37541755619011224,419.0,Easy
2025-08-07,OO,5499,-0.37973563230579,420.0,Easy
2025-08-07,OO,5103,-0.3804379070092354,421.0,Easy
2025-08-07,OO,5250,-0.38472857423494145,422.0,Easy
2025-08-07,G7,4426,-0.38507355556044154,423.0,Easy
2025-08-07,UA,312,-0.38858222486958277,424.0,Easy
2025-08-07,UA,1414,-0.3886813692753912,425.0,Easy
2025-08-07,UA,1832,-0.38881469229069876,426.0,Easy
2025-08-07,UA,2430,-0.39286684979975345,427.0,Easy
2025-08-07,G7,4501,-0.392934287488276,428.0,Easy
2025-08-07,OO,4739,-0.39397256639342315,429.0,Easy
2025-08-07,G7,4611,-0.39579159534348307,430.0,Easy
2025-08-07,OO,4748,-0.39662143162256513,431.0,Easy
2025-08-07,OO,5251,-0.3970796383980211,432.0,Easy
2025-08-07,YX,3409,-0.3983609689726778,433.0,Easy
2025-08-07,OO,5376,-0.3987990197555735,434.0,Easy
2025-08-07,G7,4588,-0.4010286363874799,435.0,Easy
2025-08-07,YX,3468,-0.4021375725492803,436.0,Easy
2025-08-07,YX,3641,-0.40833364157758334,437.0,Easy
2025-08-07,UA,1974,-0.40899610276480824,438.0,Easy
2025-08-07,OO,5253,-0.4093084398082901,439.0,Easy
2025-08-07,OO,5568,-0.40996940091964035,440.0,Easy
2025-08-07,YX,3700,-0.4104455544635886,441.0,Easy
2025-08-07,OO,5964,-0.4110268450547295,442.0,Easy
2025-08-07,OO,5353,-0.4148209982476918,443.0,Easy
2025-08-07,OO,5314,-0.4166474279912631,444.0,Easy
2025-08-07,G7,4610,-0.4169483630943278,445.0,Easy
2025-08-07,G7,4425,-0.41815283547336796,446.0,Easy
2025-08-07,OO,5435,-0.41931101471784116,447.0,Easy
2025-08-07,OO,4766,-0.4203087825693297,448.0,Easy
2025-08-07,YX,3690,-0.42221079930429645,449.0,Easy
2025-08-07,OO,5045,-0.4253404851495376,450.0,Easy
2025-08-07,UA,1857,-0.42637269002346134,451.0,Easy
2025-08-07,UA,1857,-0.42637269002346134,451.0,Easy
2025-08-07,G7,4554,-0.42820111854119874,453.0,Easy
2025-08-07,OO,5915,-0.4294114943573064,454.0,Easy
2025-08-07,G7,4387,-0.4312271883787194,455.0,Easy
2025-08-07,OO,5564,-0.4383135025579461,456.0,Easy
2025-08-07,YX,3464,-0.44101754347921157,457.0,Easy
2025-08-07,G7,4390,-0.4414771973317626,458.0,Easy
2025-08-07,G7,4518,-0.4420451789754709,459.0,Easy
2025-08-07,UA,1778,-0.4421391335712584,460.0,Easy
2025-08-07,YX,3498,-0.4468596382346441,461.0,Easy
2025-08-07,OO,5444,-0.44744132416902216,462.0,Easy
2025-08-07,OO,5565,-0.4476723876668286,463.0,Easy
2025-08-07,OO,5712,-0.45013210960556765,464.0,Easy
2025-08-07,YX,3663,-0.45214483621272655,465.0,Easy
2025-08-07,G7,4452,-0.45324046784671024,466.0,Easy
2025-08-07,OO,5999,-0.45442100490940557,467.0,Easy
2025-08-07,OO,5219,-0.4549056632394186,468.0,Easy
2025-08-07,OO,5289,-0.4613275778770327,469.0,Easy
2025-08-07,UA,1030,-0.461749780403074,470.0,Easy
2025-08-07,UA,752,-0.4621609098577893,471.0,Easy
2025-08-07,YX,3696,-0.46223848555831254,472.0,Easy
2025-08-07,UA,2488,-0.4653139560592253,473.0,Easy
2025-08-07,UA,1082,-0.4716440261747342,474.0,Easy
2025-08-07,UA,1708,-0.47378164778578286,475.0,Easy
2025-08-07,UA,1252,-0.4753327658612123,476.0,Easy
2025-08-07,OO,5538,-0.4769006613225362,477.0,Easy
2025-08-07,OO,5643,-0.4772361082038102,478.0,Easy
2025-08-07,YX,3668,-0.4794766395427975,479.0,Easy
2025-08-07,G7,4482,-0.48316756249982884,480.0,Easy
2025-08-07,OO,5360,-0.48411193584544876,481.0,Easy
2025-08-07,OO,5392,-0.48517792018201283,482.0,Easy
2025-08-07,UA,2865,-0.4860719618429649,483.0,Easy
2025-08-07,UA,1905,-0.4882882527489157,484.0,Easy
2025-08-07,G7,4549,-0.4883604382523929,485.0,Easy
2025-08-07,UA,2005,-0.490207257628664,486.0,Easy
2025-08-07,G7,4185,-0.49361223813348787,487.0,Easy
2025-08-07,OO,5585,-0.4943779734636533,488.0,Easy
2025-08-07,G7,4389,-0.49565940176382683,489.0,Easy
2025-08-07,YX,3402,-0.496976742648493,490.0,Easy
2025-08-07,G7,4186,-0.4986408750875167,491.0,Easy
2025-08-07,OO,4636,-0.5010648114149087,492.0,Easy
2025-08-07,G7,4529,-0.5015926006548671,493.0,Easy
2025-08-07,YX,3568,-0.5048199430913122,494.0,Easy
2025-08-07,YX,3707,-0.5051656081778613,495.0,Easy
2025-08-07,G7,4517,-0.5085520590833965,496.0,Easy
2025-08-07,YX,3694,-0.5113199942419573,497.0,Easy
2025-08-07,G7,4574,-0.5116414306750952,498.0,Easy
2025-08-07,OO,5026,-0.5119473844149316,499.0,Easy
2025-08-07,YX,3523,-0.5136754007916909,500.0,Easy
2025-08-07,G7,4502,-0.5221963004437178,501.0,Easy
2025-08-07,YX,3716,-0.5225308584920698,502.0,Easy
2025-08-07,UA,2177,-0.5236474423868541,503.0,Easy
2025-08-07,OO,5536,-0.5248287697195857,504.0,Easy
2025-08-07,OO,5517,-0.5261791650410601,505.0,Easy
2025-08-07,YX,3536,-0.5273633625368621,506.0,Easy
2025-08-07,OO,5821,-0.5306184218086805,507.0,Easy
2025-08-07,UA,2038,-0.53169998266648,508.0,Easy
2025-08-07,YX,3520,-0.5329819608321655,509.0,Easy
2025-08-07,OO,5358,-0.5371857332005305,510.0,Easy
2025-08-07,OO,5534,-0.5384374137490647,511.0,Easy
2025-08-07,OO,5215,-0.5432678437303483,512.0,Easy
2025-08-07,OO,5469,-0.5439083564990743,513.0,Easy
2025-08-07,OO,5229,-0.5483674024314305,514.0,Easy
2025-08-07,G7,4519,-0.5499906038375438,515.0,Easy
2025-08-07,OO,5437,-0.5546799805793852,516.0,Easy
2025-08-07,G7,4445,-0.5562225797538836,517.0,Easy
2025-08-07,G7,4552,-0.5574456493065056,518.0,Easy
2025-08-07,OO,5836,-0.5582130904039857,519.0,Easy
2025-08-07,OO,5726,-0.5650624620753892,520.0,Easy
2025-08-07,G7,4559,-0.5657042410368702,521.0,Easy
2025-08-07,YX,3610,-0.5657489746281117,522.0,Easy
2025-08-07,YX,3535,-0.5688662398788784,523.0,Easy
2025-08-07,G7,4468,-0.5715441204353975,524.0,Easy
2025-08-07,UA,1612,-0.5719004522528116,525.0,Easy
2025-08-07,UA,1857,-0.573624314586663,526.0,Easy
2025-08-07,UA,1857,-0.573624314586663,526.0,Easy
2025-08-07,G7,4613,-0.5763026639380957,528.0,Easy
2025-08-07,G7,4461,-0.5789028962193565,529.0,Easy
2025-08-07,YX,3551,-0.5826276840326361,530.0,Easy
2025-08-07,OO,5521,-0.5829183346558233,531.0,Easy
2025-08-07,YX,3708,-0.5839395571576681,532.0,Easy
2025-08-07,OO,5108,-0.5850290773986602,533.0,Easy
2025-08-07,G7,4463,-0.5854207891803155,534.0,Easy
2025-08-07,OO,5269,-0.5887375043134064,535.0,Easy
2025-08-07,YX,3685,-0.5930357695728778,536.0,Easy
2025-08-07,OO,5470,-0.596196257035135,537.0,Easy
2025-08-07,G7,4558,-0.5973018634319268,538.0,Easy
2025-08-07,OO,5275,-0.6094589141728117,539.0,Easy
2025-08-07,G7,4585,-0.6105917044562115,540.0,Easy
2025-08-07,OO,5593,-0.6110251836490677,541.0,Easy
2025-08-07,OO,4791,-0.6161611444949575,542.0,Easy
2025-08-07,G7,4504,-0.6188365339528554,543.0,Easy
2025-08-07,OO,5382,-0.6392984492744367,544.0,Easy
2025-08-07,G7,4431,-0.6434469797843183,545.0,Easy
2025-08-07,G7,4188,-0.6457975938525057,546.0,Easy
2025-08-07,UA,1779,-0.6509944036104303,547.0,Easy
2025-08-07,UA,2640,-0.6533539620594789,548.0,Easy
2025-08-07,OO,5405,-0.666471708563704,549.0,Easy
2025-08-07,OO,5136,-0.6857273561054469,550.0,Easy
2025-08-07,OO,5051,-0.6938488413922368,551.0,Easy
2025-08-07,OO,5020,-0.7483190322890396,552.0,Easy
2025-08-07,OO,5037,-0.8532935616575767,553.0,Easy
2025-08-07,OO,5121,-0.9045406338795036,554.0,Easy
2025-08-08,UA,980,4.128403707261053,1.0,Difficult
2025-08-08,UA,660,3.492237943959599,2.0,Difficult
2025-08-08,UA,972,3.3450685865103287,3.0,Difficult
2025-08-08,UA,845,3.0021644629395987,4.0,Difficult
2025-08-08,UA,1358,2.915171398127728,5.0,Difficult
2025-08-08,UA,909,2.662949705833095,6.0,Difficult
2025-08-08,OO,5108,2.3843714515516163,7.0,Difficult
2025-08-08,UA,2278,2.016934427438549,8.0,Difficult
2025-08-08,G7,4387,1.8980907915022538,9.0,Difficult
2025-08-08,UA,2008,1.7638233309242681,10.0,Difficult
2025-08-08,UA,1693,1.70605455835674,11.0,Difficult
2025-08-08,UA,468,1.4978647124771467,12.0,Difficult
2025-08-08,UA,1113,1.4923847628972442,13.0,Difficult
2025-08-08,OO,5051,1.4866707227567528,14.0,Difficult
2025-08-08,UA,1068,1.4547860116517215,15.0,Difficult
2025-08-08,UA,1599,1.3779057613959158,16.0,Difficult
2025-08-08,UA,769,1.3591606355374535,17.0,Difficult
2025-08-08,UA,2172,1.3310829078936381,18.0,Difficult
2025-08-08,OO,5790,1.2747465121492108,19.0,Difficult
2025-08-08,UA,987,1.2605980340802656,20.0,Difficult
2025-08-08,UA,1872,1.2199031742684538,21.0,Difficult
2025-08-08,UA,2280,1.1372208510081698,22.0,Difficult
2025-08-08,UA,219,1.1274518144515424,23.0,Difficult
2025-08-08,UA,1273,1.1001359221812792,24.0,Difficult
2025-08-08,UA,907,1.0807352166022564,25.0,Difficult
2025-08-08,UA,953,1.0245396122905113,26.0,Difficult
2025-08-08,UA,1657,1.021347164617498,27.0,Difficult
2025-08-08,UA,2182,1.0110217627121085,28.0,Difficult
2025-08-08,OO,5568,1.001696003942919,29.0,Difficult
2025-08-08,UA,1740,0.9724800321355489,30.0,Difficult
2025-08-08,UA,1801,0.9710936593006829,31.0,Difficult
2025-08-08,UA,944,0.9581744368783047,32.0,Difficult
2025-08-08,UA,881,0.9446335703066601,33.0,Difficult
2025-08-08,UA,422,0.9190347345848814,34.0,Difficult
2025-08-08,UA,343,0.8752915762170446,35.0,Difficult
2025-08-08,YX,3421,0.8751555235349834,36.0,Difficult
2025-08-08,UA,286,0.8681791927361721,37.0,Difficult
2025-08-08,OO,5447,0.8632642750701339,38.0,Difficult
2025-08-08,UA,1793,0.851472169757782,39.0,Difficult
2025-08-08,UA,2254,0.8455466281288069,40.0,Difficult
2025-08-08,UA,1996,0.8397807537294218,41.0,Difficult
2025-08-08,OO,5292,0.8372003495544253,42.0,Difficult
2025-08-08,UA,1363,0.8270703632666458,43.0,Difficult
2025-08-08,UA,2113,0.8111273816726916,44.0,Difficult
2025-08-08,UA,622,0.808776770728442,45.0,Difficult
2025-08-08,UA,2649,0.7859119199898073,46.0,Difficult
2025-08-08,UA,1710,0.7831504130950583,47.0,Difficult
2025-08-08,UA,1584,0.7626183000103317,48.0,Difficult
2025-08-08,UA,920,0.745259268000347,49.0,Difficult
2025-08-08,UA,1100,0.7451185482940589,50.0,Difficult
2025-08-08,OO,5577,0.7423153407775566,51.0,Difficult
2025-08-08,UA,2038,0.7313217255033371,52.0,Difficult
2025-08-08,UA,758,0.7288411298432697,53.0,Difficult
2025-08-08,UA,2133,0.703633458319155,54.0,Difficult
2025-08-08,UA,1485,0.6913013841627831,55.0,Difficult
2025-08-08,UA,2657,0.6894824865780657,56.0,Difficult
2025-08-08,UA,1659,0.6890350459111654,57.0,Difficult
2025-08-08,UA,2361,0.6698166896468707,58.0,Difficult
2025-08-08,UA,1823,0.6646481772725823,59.0,Difficult
2025-08-08,UA,938,0.6633149178433647,60.0,Difficult
2025-08-08,YX,3440,0.6548130101751061,61.0,Difficult
2025-08-08,UA,2337,0.6503501595232943,62.0,Difficult
2025-08-08,UA,970,0.6381227928895258,63.0,Difficult
2025-08-08,OO,5821,0.6372215208047283,64.0,Difficult
2025-08-08,UA,1421,0.628866299750867,65.0,Difficult
2025-08-08,UA,1811,0.6279304142936696,66.0,Difficult
2025-08-08,UA,556,0.6186927739601623,67.0,Difficult
2025-08-08,UA,611,0.6009936190840663,68.0,Difficult
2025-08-08,UA,729,0.5581269370774967,69.0,Difficult
2025-08-08,UA,288,0.549771916517705,70.0,Difficult
2025-08-08,UA,2099,0.5422579421999512,71.0,Difficult
2025-08-08,UA,1660,0.5422138764393546,72.0,Difficult
2025-08-08,OO,5380,0.539720623251071,73.0,Difficult
2025-08-08,UA,912,0.5127990110946264,74.0,Difficult
2025-08-08,UA,2290,0.5090703259525378,75.0,Difficult
2025-08-08,UA,534,0.5063550236156575,76.0,Difficult
2025-08-08,OO,5219,0.5021093920774785,77.0,Difficult
2025-08-08,UA,3,0.4905412586969293,78.0,Difficult
2025-08-08,UA,1832,0.4884028574705327,79.0,Difficult
2025-08-08,UA,2177,0.47622478649082783,80.0,Difficult
2025-08-08,UA,445,0.4754481745061432,81.0,Difficult
2025-08-08,UA,2389,0.4671612813935788,82.0,Difficult
2025-08-08,UA,2426,0.45657448557946423,83.0,Difficult
2025-08-08,UA,416,0.4434433217741771,84.0,Difficult
2025-08-08,UA,1923,0.4366349686701319,85.0,Difficult
2025-08-08,UA,359,0.4305309694596404,86.0,Difficult
2025-08-08,UA,1815,0.41922170372101286,87.0,Difficult
2025-08-08,UA,708,0.41175152051629643,88.0,Difficult
2025-08-08,UA,356,0.39477071856400636,89.0,Difficult
2025-08-08,UA,563,0.387587899470654,90.0,Difficult
2025-08-08,UA,1146,0.38693875075628037,91.0,Difficult
2025-08-08,UA,2075,0.38310556230440024,92.0,Difficult
2025-08-08,UA,2011,0.3818055878578892,93.0,Difficult
2025-08-08,UA,1270,0.3806101971684985,94.0,Difficult
2025-08-08,UA,2666,0.37961736642640154,95.0,Difficult
2025-08-08,UA,2455,0.37859405048462924,96.0,Difficult
2025-08-08,UA,929,0.377637906545464,97.0,Difficult
2025-08-08,UA,2465,0.3765855296160011,98.0,Difficult
2025-08-08,UA,1577,0.375961746843028,99.0,Difficult
2025-08-08,UA,2226,0.37077316629022466,100.0,Difficult
2025-08-08,UA,2090,0.3674738154975825,101.0,Difficult
2025-08-08,UA,2202,0.36527537110355024,102.0,Difficult
2025-08-08,UA,1620,0.3587020663558475,103.0,Difficult
2025-08-08,UA,1178,0.35330695340573437,104.0,Difficult
2025-08-08,UA,2618,0.34517608993719767,105.0,Difficult
2025-08-08,UA,1335,0.3379873397876997,106.0,Difficult
2025-08-08,UA,1834,0.3369981830353102,107.0,Difficult
2025-08-08,UA,721,0.3344873418335642,108.0,Difficult
2025-08-08,OO,5859,0.3342198441720031,109.0,Difficult
2025-08-08,UA,592,0.32889914783133334,110.0,Difficult
2025-08-08,UA,2106,0.3240447730980639,111.0,Difficult
2025-08-08,UA,1044,0.3220647272434821,112.0,Difficult
2025-08-08,UA,2616,0.3209304256152206,113.0,Difficult
2025-08-08,UA,2683,0.3206858137380498,114.0,Difficult
2025-08-08,UA,739,0.31267352750875743,115.0,Difficult
2025-08-08,UA,2378,0.3104757995146774,116.0,Difficult
2025-08-08,UA,1215,0.30173528594102744,117.0,Difficult
2025-08-08,UA,1785,0.29924989083808023,118.0,Difficult
2025-08-08,UA,1859,0.2974041464624543,119.0,Difficult
2025-08-08,UA,1830,0.29429898675843513,120.0,Difficult
2025-08-08,UA,1658,0.2905055850334363,121.0,Difficult
2025-08-08,UA,2179,0.286018201322215,122.0,Difficult
2025-08-08,UA,2155,0.2858909501061431,123.0,Difficult
2025-08-08,UA,1975,0.27204133807964936,124.0,Difficult
2025-08-08,UA,2333,0.2699749525165513,125.0,Difficult
2025-08-08,UA,1580,0.2692869774761727,126.0,Difficult
2025-08-08,UA,2862,0.26301852508340834,127.0,Difficult
2025-08-08,UA,2629,0.26205767967313215,128.0,Difficult
2025-08-08,UA,118,0.2595488020930402,129.0,Difficult
2025-08-08,UA,1413,0.2573020050201338,130.0,Difficult
2025-08-08,UA,1803,0.2571034071455239,131.0,Difficult
2025-08-08,G7,4504,0.25299842494300184,132.0,Difficult
2025-08-08,UA,1643,0.2472847683455797,133.0,Difficult
2025-08-08,UA,1941,0.2423215297445043,134.0,Difficult
2025-08-08,G7,4380,0.23733660221765596,135.0,Difficult
2025-08-08,UA,1742,0.2335652998594458,136.0,Difficult
2025-08-08,UA,1967,0.22921076424522957,137.0,Difficult
2025-08-08,UA,580,0.22862440217067348,138.0,Difficult
2025-08-08,UA,1377,0.22513909813687402,139.0,Difficult
2025-08-08,UA,2225,0.2246922754200905,140.0,Medium
2025-08-08,UA,763,0.21976423597706649,141.0,Medium
2025-08-08,UA,2652,0.21695118250809486,142.0,Medium
2025-08-08,UA,1306,0.2097266277961139,143.0,Medium
2025-08-08,UA,378,0.20281213580219248,144.0,Medium
2025-08-08,UA,2483,0.20170789096167793,145.0,Medium
2025-08-08,UA,1224,0.18477785473465852,146.0,Medium
2025-08-08,OO,5290,0.1790281164810615,147.0,Medium
2025-08-08,UA,2104,0.17864752621129065,148.0,Medium
2025-08-08,UA,2059,0.17798051624090744,149.0,Medium
2025-08-08,UA,1168,0.17585002487474471,150.0,Medium
2025-08-08,UA,291,0.17411313944610132,151.0,Medium
2025-08-08,UA,2232,0.16877417456119762,152.0,Medium
2025-08-08,UA,1531,0.1681264548353142,153.0,Medium
2025-08-08,G7,4481,0.1665225986735671,154.0,Medium
2025-08-08,UA,1239,0.15290581044548635,155.0,Medium
2025-08-08,UA,1775,0.14816921022115176,156.0,Medium
2025-08-08,OO,5448,0.14770429509566177,157.0,Medium
2025-08-08,UA,1851,0.13724085391702603,158.0,Medium
2025-08-08,UA,2067,0.13595511110089514,159.0,Medium
2025-08-08,UA,1361,0.13567928085135833,160.0,Medium
2025-08-08,UA,695,0.13194925184360573,161.0,Medium
2025-08-08,UA,2488,0.12868487942660195,162.0,Medium
2025-08-08,OO,4748,0.12794666251061007,163.0,Medium
2025-08-08,UA,587,0.12378846956041314,164.0,Medium
2025-08-08,UA,576,0.11929691000748768,165.0,Medium
2025-08-08,UA,1082,0.11815001730035801,166.0,Medium
2025-08-08,UA,2004,0.11722327345382094,167.0,Medium
2025-08-08,UA,1198,0.11157882292821199,168.0,Medium
2025-08-08,G7,4429,0.10824014695331419,169.0,Medium
2025-08-08,OO,5538,0.10466690588622765,170.0,Medium
2025-08-08,UA,310,0.10257140553799692,171.0,Medium
2025-08-08,OO,5868,0.10218512903716177,172.0,Medium
2025-08-08,UA,1304,0.09778123576349497,173.0,Medium
2025-08-08,UA,2364,0.09487526047165161,174.0,Medium
2025-08-08,UA,2440,0.09103203075440125,175.0,Medium
2025-08-08,UA,2323,0.09059413060133292,176.0,Medium
2025-08-08,UA,224,0.08781943541166945,177.0,Medium
2025-08-08,UA,2418,0.08703960577551323,178.0,Medium
2025-08-08,UA,2684,0.0846078943588401,179.0,Medium
2025-08-08,UA,2635,0.08184905366118565,180.0,Medium
2025-08-08,UA,1634,0.07944514455117407,181.0,Medium
2025-08-08,UA,2100,0.07478082724459004,182.0,Medium
2025-08-08,UA,793,0.07313005024220798,183.0,Medium
2025-08-08,OO,5358,0.07129778590684019,184.0,Medium
2025-08-08,UA,2394,0.06965487751042765,185.0,Medium
2025-08-08,UA,1616,0.06469499351693717,186.0,Medium
2025-08-08,OO,5395,0.0624992513001116,187.0,Medium
2025-08-08,UA,609,0.062352337300713156,188.0,Medium
2025-08-08,UA,1324,0.062068291178674566,189.0,Medium
2025-08-08,OO,5748,0.06191065851966715,190.0,Medium
2025-08-08,UA,2677,0.05025222955561164,191.0,Medium
2025-08-08,UA,1538,0.048661326942065486,192.0,Medium
2025-08-08,G7,4590,0.047815575648083836,193.0,Medium
2025-08-08,OO,5977,0.042987648749285276,194.0,Medium
2025-08-08,UA,307,0.04230861087643765,195.0,Medium
2025-08-08,OO,5230,0.04177205404008747,196.0,Medium
2025-08-08,UA,1414,0.03702302093409099,197.0,Medium
2025-08-08,G7,4597,0.028404791650833337,198.0,Medium
2025-08-08,UA,1398,0.02749423538038917,199.0,Medium
2025-08-08,UA,1617,0.02470234661692248,200.0,Medium
2025-08-08,UA,2494,0.021379447666148466,201.0,Medium
2025-08-08,UA,2148,0.015740947841720917,202.0,Medium
2025-08-08,UA,2207,0.007957881894712245,203.0,Medium
2025-08-08,OO,5763,0.00029346493312917485,204.0,Medium
2025-08-08,UA,1980,7.720956736836839e-05,205.0,Medium
2025-08-08,OO,5901,-0.0015347889383672403,206.0,Medium
2025-08-08,UA,1848,-0.004921470469512228,207.0,Medium
2025-08-08,UA,1756,-0.01215725455198538,208.0,Medium
2025-08-08,YX,3663,-0.015266592104572667,209.0,Medium
2025-08-08,YX,3628,-0.019099711567218708,210.0,Medium
2025-08-08,UA,2427,-0.020598208383213447,211.0,Medium
2025-08-08,OO,5309,-0.021039092073761236,212.0,Medium
2025-08-08,OO,5608,-0.021922801987365126,213.0,Medium
2025-08-08,UA,247,-0.03157253725550674,214.0,Medium
2025-08-08,UA,1878,-0.03473545829392542,215.0,Medium
2025-08-08,OO,5362,-0.03599664405937833,216.0,Medium
2025-08-08,G7,4600,-0.036529879068278065,217.0,Medium
2025-08-08,UA,1182,-0.04070246203235062,218.0,Medium
2025-08-08,UA,2144,-0.04104196652483007,219.0,Medium
2025-08-08,UA,1124,-0.04136766778551311,220.0,Medium
2025-08-08,UA,2329,-0.04273339767506111,221.0,Medium
2025-08-08,OO,5398,-0.04355858847303615,222.0,Medium
2025-08-08,UA,2071,-0.05477786075714673,223.0,Medium
2025-08-08,UA,2658,-0.05701406475098642,224.0,Medium
2025-08-08,UA,600,-0.05808620936808412,225.0,Medium
2025-08-08,YX,3716,-0.06053575254287938,226.0,Medium
2025-08-08,UA,2385,-0.06475345494678995,227.0,Medium
2025-08-08,UA,1156,-0.06616972718100633,228.0,Medium
2025-08-08,OO,5262,-0.06832491299891873,229.0,Medium
2025-08-08,UA,786,-0.06996960511743046,230.0,Medium
2025-08-08,OO,5337,-0.07039178638522005,231.0,Medium
2025-08-08,OO,5637,-0.07066118089056271,232.0,Medium
2025-08-08,UA,1477,-0.07480202360459792,233.0,Medium
2025-08-08,UA,293,-0.07492788125704257,234.0,Medium
2025-08-08,YX,3610,-0.07530893404567879,235.0,Medium
2025-08-08,UA,1347,-0.07945491522940765,236.0,Medium
2025-08-08,UA,2665,-0.08132772248066131,237.0,Medium
2025-08-08,YX,3433,-0.08236297310838676,238.0,Medium
2025-08-08,UA,1502,-0.08271873530151312,239.0,Medium
2025-08-08,OO,5517,-0.08281055261147904,240.0,Medium
2025-08-08,UA,2201,-0.08510320725959272,241.0,Medium
2025-08-08,G7,4559,-0.08511225009962282,242.0,Medium
2025-08-08,UA,2691,-0.09040162752289246,243.0,Medium
2025-08-08,OO,5444,-0.09806180300376137,244.0,Medium
2025-08-08,OO,5930,-0.09895061237081786,245.0,Medium
2025-08-08,G7,4458,-0.10074378020460396,246.0,Medium
2025-08-08,OO,5125,-0.1010622002396845,247.0,Medium
2025-08-08,OO,5446,-0.1024541553699772,248.0,Medium
2025-08-08,OO,5118,-0.1049300090935995,249.0,Medium
2025-08-08,UA,1328,-0.10690257949588303,250.0,Medium
2025-08-08,UA,2430,-0.1074115951012653,251.0,Medium
2025-08-08,OO,5699,-0.1132181007303267,252.0,Medium
2025-08-08,UA,1525,-0.11666284915574988,253.0,Medium
2025-08-08,OO,5493,-0.11826768264172056,254.0,Medium
2025-08-08,UA,561,-0.11852594472198014,255.0,Medium
2025-08-08,YX,3604,-0.11865347625299075,256.0,Medium
2025-08-08,UA,767,-0.119848328058329,257.0,Medium
2025-08-08,OO,5289,-0.12291176542091446,258.0,Medium
2025-08-08,OO,5601,-0.1229402184250085,259.0,Medium
2025-08-08,UA,374,-0.12785976731130644,260.0,Medium
2025-08-08,UA,1403,-0.12830601864548405,261.0,Medium
2025-08-08,UA,1314,-0.13150547437094046,262.0,Medium
2025-08-08,OO,5138,-0.13268057238066555,263.0,Medium
2025-08-08,UA,1316,-0.1347844400077433,264.0,Medium
2025-08-08,UA,1564,-0.13596914063402493,265.0,Medium
2025-08-08,UA,399,-0.1372785977829093,266.0,Medium
2025-08-08,UA,2243,-0.13961473177328698,267.0,Medium
2025-08-08,UA,1297,-0.1416198970693216,268.0,Medium
2025-08-08,G7,4549,-0.1420084110092216,269.0,Medium
2025-08-08,UA,1920,-0.14202329769071007,270.0,Medium
2025-08-08,UA,1144,-0.14250664434367108,271.0,Medium
2025-08-08,UA,1761,-0.14430960365566828,272.0,Medium
2025-08-08,UA,2672,-0.14484297048943567,273.0,Medium
2025-08-08,OO,5833,-0.14943576216083168,274.0,Medium
2025-08-08,UA,312,-0.1495493557567944,275.0,Medium
2025-08-08,UA,467,-0.1500824822300683,276.0,Medium
2025-08-08,UA,1946,-0.15388911555993362,277.0,Medium
2025-08-08,OO,5021,-0.15455649879015826,278.0,Medium
2025-08-08,OO,5565,-0.1580750714386936,279.0,Medium
2025-08-08,UA,1983,-0.15913509588073382,280.0,Medium
2025-08-08,UA,1492,-0.15932670605229318,281.0,Medium
2025-08-08,UA,1491,-0.16459152129733146,282.0,Medium
2025-08-08,YX,3603,-0.1672301248113533,283.0,Medium
2025-08-08,UA,481,-0.16881140065253616,284.0,Medium
2025-08-08,UA,2369,-0.17253909042097143,285.0,Medium
2025-08-08,UA,1655,-0.1727475295580491,286.0,Medium
2025-08-08,YX,3422,-0.17776507954740645,287.0,Medium
2025-08-08,OO,4809,-0.17854543632851388,288.0,Medium
2025-08-08,OO,5729,-0.18155044217773875,289.0,Medium
2025-08-08,UA,1776,-0.18239349540693856,290.0,Medium
2025-08-08,OO,4718,-0.1829489900863655,291.0,Medium
2025-08-08,UA,1909,-0.1847494238734192,292.0,Medium
2025-08-08,G7,4542,-0.18520735015778064,293.0,Medium
2025-08-08,UA,1857,-0.18559649986182597,294.0,Medium
2025-08-08,UA,1030,-0.18713053533378346,295.0,Medium
2025-08-08,UA,2481,-0.18740823155705127,296.0,Medium
2025-08-08,UA,1301,-0.18953687372851846,297.0,Medium
2025-08-08,YX,3641,-0.19026423319343555,298.0,Medium
2025-08-08,OO,5819,-0.19050856708368005,299.0,Medium
2025-08-08,OO,4645,-0.1916385030757101,300.0,Medium
2025-08-08,UA,2414,-0.19220853186284292,301.0,Medium
2025-08-08,G7,4530,-0.19273436303184882,302.0,Medium
2025-08-08,UA,490,-0.19581977253340888,303.0,Medium
2025-08-08,UA,2387,-0.1970263481140982,304.0,Medium
2025-08-08,OO,5251,-0.1976806832922514,305.0,Medium
2025-08-08,UA,1905,-0.1980070596550291,306.0,Medium
2025-08-08,OO,5564,-0.19808191815365284,307.0,Medium
2025-08-08,G7,4184,-0.19831187172121723,308.0,Medium
2025-08-08,OO,5038,-0.1986718589778107,309.0,Medium
2025-08-08,UA,2137,-0.19888730604214772,310.0,Medium
2025-08-08,OO,5376,-0.19947441718247125,311.0,Medium
2025-08-08,OO,5344,-0.2000620036718108,312.0,Medium
2025-08-08,UA,2628,-0.20119350672360278,313.0,Medium
2025-08-08,UA,1448,-0.2019527759022042,314.0,Medium
2025-08-08,UA,1741,-0.20653096099112553,315.0,Medium
2025-08-08,G7,4461,-0.20750111749484346,316.0,Medium
2025-08-08,UA,1899,-0.20815332483528107,317.0,Medium
2025-08-08,UA,791,-0.21028008291498806,318.0,Medium
2025-08-08,UA,2039,-0.21337894594016138,319.0,Medium
2025-08-08,OO,5215,-0.2161777202284089,320.0,Medium
2025-08-08,UA,2370,-0.21788541755906482,321.0,Medium
2025-08-08,OO,5435,-0.22019227008405903,322.0,Medium
2025-08-08,YX,3498,-0.22022368795550623,323.0,Medium
2025-08-08,UA,2251,-0.22291584625982658,324.0,Medium
2025-08-08,UA,1387,-0.22307949772020086,325.0,Medium
2025-08-08,OO,5505,-0.22671205820811982,326.0,Medium
2025-08-08,OO,5593,-0.22673474309805786,327.0,Medium
2025-08-08,OO,5474,-0.22905756684531411,328.0,Medium
2025-08-08,UA,2211,-0.2322664274406478,329.0,Medium
2025-08-08,G7,4563,-0.2329742980746633,330.0,Medium
2025-08-08,OO,5314,-0.23452081038089845,331.0,Medium
2025-08-08,OO,5272,-0.23673501635591368,332.0,Medium
2025-08-08,UA,275,-0.23809611972119465,333.0,Medium
2025-08-08,UA,1209,-0.24101122932277433,334.0,Medium
2025-08-08,UA,2347,-0.24213412806826862,335.0,Medium
2025-08-08,OO,5250,-0.2431176172816725,336.0,Medium
2025-08-08,YX,3700,-0.2450226202635236,337.0,Medium
2025-08-08,UA,533,-0.2475535834119428,338.0,Medium
2025-08-08,UA,2417,-0.2498190403478719,339.0,Medium
2025-08-08,YX,3451,-0.2523449110937754,340.0,Medium
2025-08-08,UA,2200,-0.253887615060519,341.0,Medium
2025-08-08,G7,4585,-0.2540568351524107,342.0,Medium
2025-08-08,OO,4766,-0.25459955992430294,343.0,Medium
2025-08-08,G7,4613,-0.2638429951366831,344.0,Medium
2025-08-08,UA,2147,-0.26563424659654605,345.0,Medium
2025-08-08,G7,4186,-0.26709876037723673,346.0,Medium
2025-08-08,OO,5045,-0.26777665203470075,347.0,Medium
2025-08-08,UA,1097,-0.2734536561740064,348.0,Medium
2025-08-08,OO,5731,-0.27393349230792496,349.0,Medium
2025-08-08,OO,5437,-0.27439128635663274,350.0,Medium
2025-08-08,UA,1041,-0.27480250466561756,351.0,Medium
2025-08-08,G7,4558,-0.27486576983194666,352.0,Medium
2025-08-08,UA,664,-0.2808533765285749,353.0,Medium
2025-08-08,UA,1205,-0.2828240748946553,354.0,Medium
2025-08-08,OO,5427,-0.2851357410827504,355.0,Medium
2025-08-08,UA,1495,-0.2860502605132316,356.0,Medium
2025-08-08,G7,4426,-0.2860987001071582,357.0,Medium
2025-08-08,OO,5352,-0.2930938196664218,358.0,Medium
2025-08-08,G7,4588,-0.29591691008656823,359.0,Medium
2025-08-08,UA,2653,-0.29793939236804906,360.0,Medium
2025-08-08,UA,2040,-0.298552480888865,361.0,Medium
2025-08-08,OO,5999,-0.29896599485485187,362.0,Medium
2025-08-08,YX,3654,-0.30104763810808954,363.0,Medium
2025-08-08,UA,1139,-0.30527380570343676,364.0,Medium
2025-08-08,UA,349,-0.30650221921116816,365.0,Medium
2025-08-08,OO,4789,-0.3094844463395074,366.0,Medium
2025-08-08,UA,1677,-0.3108726145940981,367.0,Medium
2025-08-08,YX,3409,-0.31088079697792087,368.0,Medium
2025-08-08,OO,5874,-0.3124912142121305,369.0,Medium
2025-08-08,OO,5470,-0.31308225628217135,370.0,Medium
2025-08-08,OO,4712,-0.3140843816356179,371.0,Medium
2025-08-08,UA,764,-0.3163138001591352,372.0,Medium
2025-08-08,OO,5414,-0.3180255246430112,373.0,Medium
2025-08-08,G7,4584,-0.3198994351876541,374.0,Medium
2025-08-08,UA,1933,-0.3217792505229254,375.0,Medium
2025-08-08,UA,2189,-0.32375457813441844,376.0,Medium
2025-08-08,OO,5607,-0.3245534639136152,377.0,Medium
2025-08-08,UA,1708,-0.3287433050809644,378.0,Medium
2025-08-08,UA,1842,-0.32892086565711987,379.0,Medium
2025-08-08,YX,3694,-0.330346366534233,380.0,Medium
2025-08-08,YX,3523,-0.3304209733832926,381.0,Medium
2025-08-08,G7,4391,-0.3317775239819947,382.0,Medium
2025-08-08,OO,5643,-0.3341735428957179,383.0,Medium
2025-08-08,OO,4739,-0.33458340339029186,384.0,Medium
2025-08-08,G7,4445,-0.3352145918192576,385.0,Medium
2025-08-08,OO,5499,-0.33529174100833525,386.0,Medium
2025-08-08,OO,5948,-0.33574596264614265,387.0,Medium
2025-08-08,OO,5532,-0.3364328487534333,388.0,Medium
2025-08-08,OO,5131,-0.3374554161858724,389.0,Medium
2025-08-08,UA,2487,-0.33832783193387705,390.0,Medium
2025-08-08,OO,5964,-0.3437701956889441,391.0,Medium
2025-08-08,G7,4518,-0.34392865703577086,392.0,Medium
2025-08-08,YX,3569,-0.34534242139278004,393.0,Medium
2025-08-08,OO,5103,-0.34550571271671005,394.0,Medium
2025-08-08,OO,5320,-0.3458549049688685,395.0,Medium
2025-08-08,YX,3685,-0.3461227781738875,396.0,Medium
2025-08-08,YX,3655,-0.3464108670939046,397.0,Medium
2025-08-08,UA,1129,-0.34778199148963246,398.0,Medium
2025-08-08,G7,4452,-0.3478254564107265,399.0,Medium
2025-08-08,UA,1778,-0.3480960598719295,400.0,Medium
2025-08-08,UA,1291,-0.3530338806511036,401.0,Medium
2025-08-08,G7,4554,-0.3539533771759939,402.0,Medium
2025-08-08,OO,5646,-0.3547877389360634,403.0,Medium
2025-08-08,UA,482,-0.3573220219681481,404.0,Medium
2025-08-08,UA,777,-0.3600178381138134,405.0,Medium
2025-08-08,UA,2138,-0.36027184543668256,406.0,Medium
2025-08-08,OO,5852,-0.36527976365904824,407.0,Medium
2025-08-08,YX,3571,-0.36978624036642727,408.0,Medium
2025-08-08,OO,5100,-0.3708591402678618,409.0,Medium
2025-08-08,YX,3465,-0.37150178351306795,410.0,Medium
2025-08-08,UA,602,-0.3719182755542642,411.0,Medium
2025-08-08,UA,2154,-0.3728013456058673,412.0,Medium
2025-08-08,UA,2865,-0.3738803235765952,413.0,Medium
2025-08-08,G7,4507,-0.3739183655270258,414.0,Medium
2025-08-08,OO,5988,-0.3752922439777154,415.0,Medium
2025-08-08,G7,4476,-0.37579920263704714,416.0,Medium
2025-08-08,YX,3708,-0.3759964945293776,417.0,Medium
2025-08-08,OO,5841,-0.3763609786974093,418.0,Easy
2025-08-08,YX,3638,-0.3767037891877886,419.0,Easy
2025-08-08,YX,3718,-0.37809055176969,420.0,Easy
2025-08-08,UA,1974,-0.37942698607398706,421.0,Easy
2025-08-08,OO,5915,-0.38222560272064565,422.0,Easy
2025-08-08,OO,5392,-0.3834397498961545,423.0,Easy
2025-08-08,G7,4188,-0.38506876253298744,424.0,Easy
2025-08-08,UA,1006,-0.3867294644058714,425.0,Easy
2025-08-08,OO,6002,-0.3870784645320484,426.0,Easy
2025-08-08,OO,4638,-0.3922644419335112,427.0,Easy
2025-08-08,OO,5795,-0.3932442430152512,428.0,Easy
2025-08-08,OO,5712,-0.39766369888649583,429.0,Easy
2025-08-08,G7,4173,-0.39835049210706003,430.0,Easy
2025-08-08,YX,3601,-0.39853949919263243,431.0,Easy
2025-08-08,G7,4406,-0.3996315376112413,432.0,Easy
2025-08-08,OO,5135,-0.39999760068014883,433.0,Easy
2025-08-08,OO,5534,-0.40131259210858516,434.0,Easy
2025-08-08,OO,4780,-0.4026410767875741,435.0,Easy
2025-08-08,UA,1269,-0.40418257076830544,436.0,Easy
2025-08-08,G7,4425,-0.4056063088850019,437.0,Easy
2025-08-08,OO,5353,-0.4071877435053226,438.0,Easy
2025-08-08,G7,4599,-0.40914792853128834,439.0,Easy
2025-08-08,UA,2184,-0.4137706879667585,440.0,Easy
2025-08-08,G7,4501,-0.4144319029680518,441.0,Easy
2025-08-08,UA,2609,-0.41531228973438394,442.0,Easy
2025-08-08,UA,2424,-0.41841318364935215,443.0,Easy
2025-08-08,UA,2092,-0.4204684024884935,444.0,Easy
2025-08-08,G7,4474,-0.4208584405894521,445.0,Easy
2025-08-08,OO,5847,-0.421435829744638,446.0,Easy
2025-08-08,G7,4519,-0.42175941622270374,447.0,Easy
2025-08-08,G7,4482,-0.4221754214351984,448.0,Easy
2025-08-08,G7,4463,-0.42247177600851527,449.0,Easy
2025-08-08,UA,714,-0.4226159239078569,450.0,Easy
2025-08-08,OO,5360,-0.4228947413711521,451.0,Easy
2025-08-08,UA,2661,-0.4251632162725739,452.0,Easy
2025-08-08,UA,2343,-0.4268036911865871,453.0,Easy
2025-08-08,YX,3614,-0.42958034794771577,454.0,Easy
2025-08-08,OO,5382,-0.43211737345512513,455.0,Easy
2025-08-08,OO,5124,-0.43427723052741407,456.0,Easy
2025-08-08,YX,3598,-0.4346355956329139,457.0,Easy
2025-08-08,OO,5946,-0.43493471125603955,458.0,Easy
2025-08-08,G7,4416,-0.43624125407869724,459.0,Easy
2025-08-08,G7,4517,-0.4423360211046557,460.0,Easy
2025-08-08,OO,5405,-0.4444655008485603,461.0,Easy
2025-08-08,OO,4636,-0.4458081918288059,462.0,Easy
2025-08-08,UA,1583,-0.4482152797473219,463.0,Easy
2025-08-08,OO,5020,-0.45361027560443906,464.0,Easy
2025-08-08,OO,5610,-0.45393818445825695,465.0,Easy
2025-08-08,OO,5984,-0.4600911146051998,466.0,Easy
2025-08-08,UA,1077,-0.4601113191989346,467.0,Easy
2025-08-08,OO,5652,-0.46132866166207076,468.0,Easy
2025-08-08,G7,4436,-0.4634988723047171,469.0,Easy
2025-08-08,YX,3536,-0.46413909720279733,470.0,Easy
2025-08-08,OO,5668,-0.46742484935586254,471.0,Easy
2025-08-08,G7,4571,-0.46862702094853087,472.0,Easy
2025-08-08,YX,3402,-0.47287712008766974,473.0,Easy
2025-08-08,YX,3525,-0.4732878990648272,474.0,Easy
2025-08-08,OO,5603,-0.4823337454961385,475.0,Easy
2025-08-08,G7,4185,-0.48273150686481614,476.0,Easy
2025-08-08,OO,4778,-0.4828051190052208,477.0,Easy
2025-08-08,UA,617,-0.48356595280229014,478.0,Easy
2025-08-08,OO,4791,-0.4847014102109083,479.0,Easy
2025-08-08,OO,5557,-0.4848924481390564,480.0,Easy
2025-08-08,OO,5269,-0.4853994532299888,481.0,Easy
2025-08-08,OO,5140,-0.48665591135869013,482.0,Easy
2025-08-08,OO,5810,-0.489018211912861,483.0,Easy
2025-08-08,OO,5274,-0.49386197201638415,484.0,Easy
2025-08-08,G7,4491,-0.49458240368407796,485.0,Easy
2025-08-08,YX,3568,-0.49510485197689635,486.0,Easy
2025-08-08,YX,3520,-0.4964845627750822,487.0,Easy
2025-08-08,G7,4568,-0.49732980543093147,488.0,Easy
2025-08-08,OO,5555,-0.498065855133134,489.0,Easy
2025-08-08,G7,4546,-0.4992766333141886,490.0,Easy
2025-08-08,UA,1252,-0.5014744249470192,491.0,Easy
2025-08-08,UA,1010,-0.5078189401627846,492.0,Easy
2025-08-08,G7,4611,-0.5093650123227637,493.0,Easy
2025-08-08,YX,3696,-0.5096331335372911,494.0,Easy
2025-08-08,G7,4552,-0.5100072920414775,495.0,Easy
2025-08-08,YX,3690,-0.512140549194845,496.0,Easy
2025-08-08,YX,3468,-0.5133964898761919,497.0,Easy
2025-08-08,UA,265,-0.5162428430608539,498.0,Easy
2025-08-08,G7,4529,-0.5187616335801832,499.0,Easy
2025-08-08,OO,5027,-0.5210070246569098,500.0,Easy
2025-08-08,YX,3542,-0.5229291994500722,501.0,Easy
2025-08-08,OO,5375,-0.5260174503581251,502.0,Easy
2025-08-08,OO,5225,-0.5269881865426496,503.0,Easy
2025-08-08,UA,2195,-0.5280736894941774,504.0,Easy
2025-08-08,OO,5260,-0.5283157115666473,505.0,Easy
2025-08-08,UA,1381,-0.5308644675589304,506.0,Easy
2025-08-08,OO,5420,-0.5319525450782479,507.0,Easy
2025-08-08,OO,5526,-0.5335376287887281,508.0,Easy
2025-08-08,OO,5963,-0.5393084257539941,509.0,Easy
2025-08-08,UA,1989,-0.5413063211602785,510.0,Easy
2025-08-08,OO,5253,-0.5428332645156944,511.0,Easy
2025-08-08,G7,4468,-0.5434919198618435,512.0,Easy
2025-08-08,UA,466,-0.5485310880158434,513.0,Easy
2025-08-08,OO,5726,-0.5487491229245023,514.0,Easy
2025-08-08,OO,5836,-0.5528172416529291,515.0,Easy
2025-08-08,YX,3551,-0.5535046221073654,516.0,Easy
2025-08-08,OO,5843,-0.5552394296739139,517.0,Easy
2025-08-08,YX,3635,-0.5576384886338518,518.0,Easy
2025-08-08,G7,4502,-0.5590787127358293,519.0,Easy
2025-08-08,OO,5521,-0.5594769312590138,520.0,Easy
2025-08-08,OO,5585,-0.5619225037940125,521.0,Easy
2025-08-08,G7,4389,-0.5675175431119351,522.0,Easy
2025-08-08,YX,3464,-0.5683371167938852,523.0,Easy
2025-08-08,G7,4431,-0.5687158681917174,524.0,Easy
2025-08-08,UA,476,-0.5703742100863491,525.0,Easy
2025-08-08,OO,5229,-0.5705538014132377,526.0,Easy
2025-08-08,G7,4395,-0.5731882761793967,527.0,Easy
2025-08-08,OO,5275,-0.5747512088885476,528.0,Easy
2025-08-08,UA,1576,-0.579077557114901,529.0,Easy
2025-08-08,UA,2640,-0.5809949837736345,530.0,Easy
2025-08-08,UA,1069,-0.5890039996971531,531.0,Easy
2025-08-08,UA,1612,-0.5904007943358848,532.0,Easy
2025-08-08,OO,4792,-0.5993487498366699,533.0,Easy
2025-08-08,G7,4574,-0.5995922501768554,534.0,Easy
2025-08-08,OO,5099,-0.600022940701373,535.0,Easy
2025-08-08,G7,4390,-0.6032339286447003,536.0,Easy
2025-08-08,G7,4610,-0.6065637734477426,537.0,Easy
2025-08-08,OO,5234,-0.6082443006832521,538.0,Easy
2025-08-08,OO,5624,-0.6085941438607805,539.0,Easy
2025-08-08,UA,2497,-0.6145521661769386,540.0,Easy
2025-08-08,YX,3707,-0.6210749632411879,541.0,Easy
2025-08-08,YX,3493,-0.6222449579999422,542.0,Easy
2025-08-08,OO,5094,-0.6228888402471129,543.0,Easy
2025-08-08,OO,6004,-0.6265644930715872,544.0,Easy
2025-08-08,OO,5122,-0.6275370058821352,545.0,Easy
2025-08-08,OO,5026,-0.6333733780959088,546.0,Easy
2025-08-08,UA,276,-0.646563401832793,547.0,Easy
2025-08-08,UA,752,-0.6643864575927726,548.0,Easy
2025-08-08,UA,2005,-0.6645213947177492,549.0,Easy
2025-08-08,OO,5469,-0.665071445031162,550.0,Easy
2025-08-08,OO,5037,-0.6722951063548269,551.0,Easy
2025-08-08,UA,1779,-0.6783336832776089,552.0,Easy
2025-08-08,UA,2627,-0.7070637256284114,553.0,Easy
2025-08-08,OO,5136,-0.7275150159909272,554.0,Easy
2025-08-08,UA,669,-0.7605883219968474,555.0,Easy
2025-08-08,OO,5121,-0.7909001485286754,556.0,Easy
2025-08-09,UA,2155,9.345719778788586,1.0,Difficult
2025-08-09,UA,2006,2.9688516990218954,2.0,Difficult
2025-08-09,UA,845,2.0564511244190906,3.0,Difficult
2025-08-09,UA,2113,1.651289574079717,4.0,Difficult
2025-08-09,OO,5362,1.6489622543199944,5.0,Difficult
2025-08-09,UA,972,1.5530439070391084,6.0,Difficult
2025-08-09,UA,2090,1.5459484506767927,7.0,Difficult
2025-08-09,UA,359,1.4296039565741456,8.0,Difficult
2025-08-09,UA,622,1.3903099104869125,9.0,Difficult
2025-08-09,UA,556,1.3331373545752208,10.0,Difficult
2025-08-09,UA,1823,1.293585156159555,11.0,Difficult
2025-08-09,UA,1314,1.1718574816755831,12.0,Difficult
2025-08-09,UA,907,1.1683879701503987,13.0,Difficult
2025-08-09,UA,1996,1.1680580876488134,14.0,Difficult
2025-08-09,UA,929,1.088469904406252,15.0,Difficult
2025-08-09,UA,2133,1.0684057835220813,16.0,Difficult
2025-08-09,OO,5565,1.0669214127987814,17.0,Difficult
2025-08-09,UA,2333,1.0163781938519918,18.0,Difficult
2025-08-09,UA,219,0.9361563788809824,19.0,Difficult
2025-08-09,UA,1710,0.9073885509981093,20.0,Difficult
2025-08-09,UA,987,0.8542809463651371,21.0,Difficult
2025-08-09,UA,2649,0.839075624674848,22.0,Difficult
2025-08-09,UA,1215,0.8191782023137703,23.0,Difficult
2025-08-09,UA,944,0.7933799445719185,24.0,Difficult
2025-08-09,UA,1146,0.7875905916617624,25.0,Difficult
2025-08-09,UA,1616,0.7853006819874455,26.0,Difficult
2025-08-09,UA,2337,0.7347845510290173,27.0,Difficult
2025-08-09,UA,468,0.7076501242252602,28.0,Difficult
2025-08-09,UA,422,0.6850167453068747,29.0,Difficult
2025-08-09,UA,2290,0.6733672938837487,30.0,Difficult
2025-08-09,UA,1135,0.6692392814115814,31.0,Difficult
2025-08-09,UA,2483,0.6647302107582843,32.0,Difficult
2025-08-09,UA,1620,0.6584541046499065,33.0,Difficult
2025-08-09,UA,380,0.6492847458058707,34.0,Difficult
2025-08-09,UA,2389,0.6444118816720543,35.0,Difficult
2025-08-09,UA,909,0.6355612878675654,36.0,Difficult
2025-08-09,UA,1801,0.6332021262851556,37.0,Difficult
2025-08-09,UA,2323,0.6189610038443928,38.0,Difficult
2025-08-09,UA,953,0.6173604469681774,39.0,Difficult
2025-08-09,UA,909,0.6133214212906417,40.0,Difficult
2025-08-09,UA,2202,0.6104422221181357,41.0,Difficult
2025-08-09,UA,1182,0.5924407938290298,42.0,Difficult
2025-08-09,UA,1577,0.5913322709378875,43.0,Difficult
2025-08-09,UA,1421,0.5792836221873949,44.0,Difficult
2025-08-09,UA,2179,0.5778545459329342,45.0,Difficult
2025-08-09,UA,2347,0.5770993114221854,46.0,Difficult
2025-08-09,UA,1583,0.5715206859183581,47.0,Difficult
2025-08-09,UA,592,0.565969660341586,48.0,Difficult
2025-08-09,UA,202,0.548095833673805,49.0,Difficult
2025-08-09,UA,2497,0.5418455691566374,50.0,Difficult
2025-08-09,UA,1306,0.5362787880028754,51.0,Difficult
2025-08-09,OO,5763,0.5313161349714229,52.0,Difficult
2025-08-09,UA,2417,0.5311162154404935,53.0,Difficult
2025-08-09,UA,1879,0.5259227218862328,54.0,Difficult
2025-08-09,UA,2008,0.5173738785730382,55.0,Difficult
2025-08-09,UA,1452,0.5138720457765361,56.0,Difficult
2025-08-09,UA,1270,0.5115260934185571,57.0,Difficult
2025-08-09,UA,2287,0.5104265347939354,58.0,Difficult
2025-08-09,UA,1144,0.505356768469973,59.0,Difficult
2025-08-09,UA,1328,0.5023045164601027,60.0,Difficult
2025-08-09,UA,2184,0.49526297874778835,61.0,Difficult
2025-08-09,UA,1761,0.4947541527153964,62.0,Difficult
2025-08-09,UA,1776,0.4929523716309896,63.0,Difficult
2025-08-09,UA,881,0.4819860402690635,64.0,Difficult
2025-08-09,UA,881,0.4819860402690635,64.0,Difficult
2025-08-09,UA,2657,0.4674652522045286,66.0,Difficult
2025-08-09,OO,5344,0.4655578611097182,67.0,Difficult
2025-08-09,UA,445,0.46198909145189376,68.0,Difficult
2025-08-09,UA,399,0.4539526181944714,69.0,Difficult
2025-08-09,UA,1044,0.44619979199410076,70.0,Difficult
2025-08-09,UA,1785,0.4404985540895073,71.0,Difficult
2025-08-09,UA,1291,0.4383015983710039,72.0,Difficult
2025-08-09,UA,1304,0.4366575709283659,73.0,Difficult
2025-08-09,UA,2658,0.4299597560565972,74.0,Difficult
2025-08-09,UA,881,0.41773753682461695,75.0,Difficult
2025-08-09,UA,881,0.41773753682461695,75.0,Difficult
2025-08-09,UA,576,0.4091765853041833,77.0,Difficult
2025-08-09,UA,2254,0.406711229537128,78.0,Difficult
2025-08-09,UA,2387,0.4039194659259452,79.0,Difficult
2025-08-09,UA,980,0.40325708635058544,80.0,Difficult
2025-08-09,UA,695,0.3926267043418753,81.0,Difficult
2025-08-09,OO,5379,0.3913105535551495,82.0,Difficult
2025-08-09,UA,1068,0.3883921872265504,83.0,Difficult
2025-08-09,UA,1224,0.385560169963875,84.0,Difficult
2025-08-09,UA,1599,0.38464500918151334,85.0,Difficult
2025-08-09,UA,580,0.3709782392116794,86.0,Difficult
2025-08-09,UA,609,0.36946183392305515,87.0,Difficult
2025-08-09,UA,1492,0.36359560891704384,88.0,Difficult
2025-08-09,UA,288,0.3541440960310136,89.0,Difficult
2025-08-09,UA,2629,0.34111133908667784,90.0,Difficult
2025-08-09,UA,1834,0.33533148721733685,91.0,Difficult
2025-08-09,UA,2172,0.3318386311714527,92.0,Difficult
2025-08-09,UA,481,0.3313356812538467,93.0,Difficult
2025-08-09,UA,1347,0.31653473142392097,94.0,Difficult
2025-08-09,UA,2455,0.3089221693449916,95.0,Difficult
2025-08-09,UA,2154,0.3078467532726099,96.0,Difficult
2025-08-09,UA,1178,0.3055764184462687,97.0,Difficult
2025-08-09,UA,1983,0.3054089400839062,98.0,Difficult
2025-08-09,UA,763,0.30436764877825767,99.0,Difficult
2025-08-09,UA,786,0.3036666218955956,100.0,Difficult
2025-08-09,UA,1617,0.3013138772654255,101.0,Difficult
2025-08-09,UA,1775,0.3004839860782338,102.0,Difficult
2025-08-09,UA,1580,0.2960763999625972,103.0,Difficult
2025-08-09,UA,291,0.2900378434252066,104.0,Difficult
2025-08-09,UA,1361,0.28692378017692616,105.0,Difficult
2025-08-09,OO,5292,0.2861652804153286,106.0,Difficult
2025-08-09,OO,5376,0.27759305076542556,107.0,Difficult
2025-08-09,UA,2099,0.2612419323048245,108.0,Difficult
2025-08-09,UA,1584,0.2590818130859563,109.0,Difficult
2025-08-09,OO,5819,0.2580461191101112,110.0,Difficult
2025-08-09,UA,1363,0.2573904476432637,111.0,Difficult
2025-08-09,UA,1010,0.255052539378374,112.0,Difficult
2025-08-09,UA,1740,0.2517711183294007,113.0,Difficult
2025-08-09,UA,2426,0.24899293485438467,114.0,Difficult
2025-08-09,UA,1899,0.24766209226549743,115.0,Difficult
2025-08-09,UA,1082,0.24733296664371,116.0,Difficult
2025-08-09,UA,1660,0.24323029125795967,117.0,Difficult
2025-08-09,UA,2683,0.24293967599859528,118.0,Difficult
2025-08-09,UA,1324,0.23329470347003575,119.0,Difficult
2025-08-09,UA,356,0.22832961812018526,120.0,Difficult
2025-08-09,UA,1414,0.22483286739221153,121.0,Difficult
2025-08-09,UA,1872,0.21888975988053816,122.0,Difficult
2025-08-09,OO,5874,0.21621109971363794,123.0,Difficult
2025-08-09,UA,1815,0.2144052733267832,124.0,Difficult
2025-08-09,OO,5652,0.21418259242523957,125.0,Difficult
2025-08-09,YX,3535,0.2117575007299952,126.0,Difficult
2025-08-09,UA,1448,0.20780448552059966,127.0,Difficult
2025-08-09,UA,1857,0.20561757507769518,128.0,Difficult
2025-08-09,UA,708,0.2007428544006112,129.0,Difficult
2025-08-09,UA,2059,0.1974465902620315,130.0,Difficult
2025-08-09,UA,1491,0.19715080965797982,131.0,Difficult
2025-08-09,UA,1859,0.1885356384515029,132.0,Medium
2025-08-09,UA,1803,0.18828367461923853,133.0,Medium
2025-08-09,UA,2418,0.18457336240807146,134.0,Medium
2025-08-09,UA,2195,0.18270730272034438,135.0,Medium
2025-08-09,UA,2278,0.17725732919317924,136.0,Medium
2025-08-09,UA,1655,0.174905223147665,137.0,Medium
2025-08-09,OO,5490,0.17405181667481828,138.0,Medium
2025-08-09,OO,5427,0.17228419303285494,139.0,Medium
2025-08-09,UA,293,0.17163132286813038,140.0,Medium
2025-08-09,UA,1168,0.15472973955013056,141.0,Medium
2025-08-09,UA,503,0.15417367479183003,142.0,Medium
2025-08-09,UA,791,0.15266103141265,143.0,Medium
2025-08-09,UA,2104,0.14364508612865465,144.0,Medium
2025-08-09,UA,739,0.14218342212193127,145.0,Medium
2025-08-09,UA,2280,0.1360224154900137,146.0,Medium
2025-08-09,UA,1921,0.1315934074601782,147.0,Medium
2025-08-09,OO,5984,0.1289215560336238,148.0,Medium
2025-08-09,UA,788,0.12758245372403243,149.0,Medium
2025-08-09,UA,490,0.12527297921816,150.0,Medium
2025-08-09,UA,1811,0.12281625051849565,151.0,Medium
2025-08-09,UA,1502,0.11995896577755924,152.0,Medium
2025-08-09,UA,912,0.11881178082805238,153.0,Medium
2025-08-09,OO,5505,0.11784036442816409,154.0,Medium
2025-08-09,UA,1742,0.11707726986329287,155.0,Medium
2025-08-09,UA,1920,0.11611126857389803,156.0,Medium
2025-08-09,UA,3,0.1156824883226436,157.0,Medium
2025-08-09,UA,2618,0.11474799858176413,158.0,Medium
2025-08-09,G7,4613,0.11447199822870682,159.0,Medium
2025-08-09,UA,2302,0.10868968643242184,160.0,Medium
2025-08-09,OO,5841,0.10349057110825848,161.0,Medium
2025-08-09,UA,2226,0.09910155870496436,162.0,Medium
2025-08-09,UA,617,0.09287629077709238,163.0,Medium
2025-08-09,UA,265,0.08825559398735056,164.0,Medium
2025-08-09,UA,307,0.0861824003129524,165.0,Medium
2025-08-09,UA,2414,0.085066864280391,166.0,Medium
2025-08-09,OO,5821,0.08470875161252756,167.0,Medium
2025-08-09,UA,1878,0.08386703985648464,168.0,Medium
2025-08-09,UA,482,0.08339965414586574,169.0,Medium
2025-08-09,UA,416,0.08335015935963191,170.0,Medium
2025-08-09,UA,2672,0.07767781909489242,171.0,Medium
2025-08-09,UA,2144,0.07724651993565024,172.0,Medium
2025-08-09,UA,1634,0.07236773382123303,173.0,Medium
2025-08-09,OO,5448,0.07063233296714601,174.0,Medium
2025-08-09,UA,1657,0.06986481968521949,175.0,Medium
2025-08-09,UA,920,0.06788357302910254,176.0,Medium
2025-08-09,OO,5226,0.05694577565435342,177.0,Medium
2025-08-09,UA,660,0.05531628396578224,178.0,Medium
2025-08-09,UA,1100,0.04859320729180363,179.0,Medium
2025-08-09,UA,1842,0.04570552162919112,180.0,Medium
2025-08-09,UA,2071,0.041416768908276114,181.0,Medium
2025-08-09,UA,2652,0.04016530071234585,182.0,Medium
2025-08-09,UA,2075,0.03893496979151996,183.0,Medium
2025-08-09,UA,1485,0.03377206443353062,184.0,Medium
2025-08-09,G7,4194,0.031522217579403225,185.0,Medium
2025-08-09,UA,343,0.03052356235508015,186.0,Medium
2025-08-09,UA,2361,0.02785338411063884,187.0,Medium
2025-08-09,UA,2488,0.026956071147621122,188.0,Medium
2025-08-09,OO,5810,0.024584416067558817,189.0,Medium
2025-08-09,OO,5382,0.024358418286456872,190.0,Medium
2025-08-09,UA,1967,0.021875302057555755,191.0,Medium
2025-08-09,UA,2067,0.02127380074408236,192.0,Medium
2025-08-09,UA,1252,0.01915820722987264,193.0,Medium
2025-08-09,UA,1677,0.016518055486760413,194.0,Medium
2025-08-09,OO,5748,0.0160283457557688,195.0,Medium
2025-08-09,OO,5726,0.014439298761051905,196.0,Medium
2025-08-09,UA,1097,0.013651200077733322,197.0,Medium
2025-08-09,UA,118,0.008273349606354938,198.0,Medium
2025-08-09,OO,5643,0.003063314053570021,199.0,Medium
2025-08-09,OO,4792,0.000232702193461283,200.0,Medium
2025-08-09,OO,4809,-0.0009425470694468391,201.0,Medium
2025-08-09,YX,3520,-0.001664417808699841,202.0,Medium
2025-08-09,UA,714,-0.0073582234489779075,203.0,Medium
2025-08-09,UA,411,-0.009472923929188946,204.0,Medium
2025-08-09,UA,1659,-0.010752683366260521,205.0,Medium
2025-08-09,OO,4789,-0.011982970251694414,206.0,Medium
2025-08-09,UA,2394,-0.016704671612158675,207.0,Medium
2025-08-09,UA,1525,-0.01953420074547027,208.0,Medium
2025-08-09,UA,563,-0.019952348265327005,209.0,Medium
2025-08-09,UA,2465,-0.021747372055050243,210.0,Medium
2025-08-09,UA,769,-0.02676510292448627,211.0,Medium
2025-08-09,UA,2494,-0.027361615836639822,212.0,Medium
2025-08-09,UA,1198,-0.03137028161138514,213.0,Medium
2025-08-09,OO,5564,-0.032444832023016276,214.0,Medium
2025-08-09,OO,5968,-0.03358643534514034,215.0,Medium
2025-08-09,UA,2430,-0.03487182857577642,216.0,Medium
2025-08-09,OO,5795,-0.04128671221122286,217.0,Medium
2025-08-09,UA,1358,-0.042044532804716137,218.0,Medium
2025-08-09,UA,758,-0.04323419823958445,219.0,Medium
2025-08-09,UA,2369,-0.04376702498521741,220.0,Medium
2025-08-09,YX,3568,-0.04809487761988366,221.0,Medium
2025-08-09,G7,4452,-0.05249914376727248,222.0,Medium
2025-08-09,UA,534,-0.052866909262152886,223.0,Medium
2025-08-09,UA,729,-0.0539465824421364,224.0,Medium
2025-08-09,UA,2201,-0.061671439795461226,225.0,Medium
2025-08-09,UA,1069,-0.06332722855343623,226.0,Medium
2025-08-09,UA,2138,-0.06526877779233216,227.0,Medium
2025-08-09,UA,764,-0.06833642071330276,228.0,Medium
2025-08-09,UA,2665,-0.0719928641779575,229.0,Medium
2025-08-09,UA,1030,-0.07407408833111939,230.0,Medium
2025-08-09,UA,2100,-0.0751219717434013,231.0,Medium
2025-08-09,OO,5526,-0.07949218696611554,232.0,Medium
2025-08-09,UA,2148,-0.08133334958769628,233.0,Medium
2025-08-09,UA,2677,-0.08282218491975545,234.0,Medium
2025-08-09,OO,5977,-0.08329502861653468,235.0,Medium
2025-08-09,UA,782,-0.08359998886040465,236.0,Medium
2025-08-09,UA,310,-0.08361957840144799,237.0,Medium
2025-08-09,UA,1778,-0.0836733944498454,238.0,Medium
2025-08-09,UA,2182,-0.08538520789524935,239.0,Medium
2025-08-09,YX,3569,-0.08796454478776256,240.0,Medium
2025-08-09,UA,2211,-0.08834885910045952,241.0,Medium
2025-08-09,G7,4590,-0.09103550259047866,242.0,Medium
2025-08-09,OO,5534,-0.09161414666746516,243.0,Medium
2025-08-09,UA,938,-0.09252490793129617,244.0,Medium
2025-08-09,UA,349,-0.09284168025931755,245.0,Medium
2025-08-09,UA,1124,-0.09347530423730589,246.0,Medium
2025-08-09,UA,1848,-0.0938292383949805,247.0,Medium
2025-08-09,OO,5603,-0.09536978039388158,248.0,Medium
2025-08-09,UA,1923,-0.0954314734567755,249.0,Medium
2025-08-09,YX,3681,-0.09563530101683092,250.0,Medium
2025-08-09,UA,2401,-0.09568696210975519,251.0,Medium
2025-08-09,OO,5038,-0.09919780123760187,252.0,Medium
2025-08-09,UA,1594,-0.10075158865205355,253.0,Medium
2025-08-09,UA,312,-0.1026203621058592,254.0,Medium
2025-08-09,OO,5437,-0.10277489973587772,255.0,Medium
2025-08-09,OO,5125,-0.10705169215357535,256.0,Medium
2025-08-09,UA,587,-0.11013613538472661,257.0,Medium
2025-08-09,UA,2862,-0.1112897635289248,258.0,Medium
2025-08-09,OO,5729,-0.11766497251203922,259.0,Medium
2025-08-09,UA,276,-0.11928325374945109,260.0,Medium
2025-08-09,UA,1564,-0.11995790514002273,261.0,Medium
2025-08-09,UA,1708,-0.12084854816928826,262.0,Medium
2025-08-09,UA,1643,-0.12325318628461562,263.0,Medium
2025-08-09,UA,1538,-0.1248424374720084,264.0,Medium
2025-08-09,UA,1387,-0.12592821802127777,265.0,Medium
2025-08-09,UA,2609,-0.12641324230209686,266.0,Medium
2025-08-09,OO,5607,-0.1314773748108162,267.0,Medium
2025-08-09,OO,5429,-0.13369689493039805,268.0,Medium
2025-08-09,G7,4458,-0.13444363404112017,269.0,Medium
2025-08-09,G7,4425,-0.14006731172094328,270.0,Medium
2025-08-09,UA,533,-0.1409737286271851,271.0,Medium
2025-08-09,UA,286,-0.14258645466912392,272.0,Medium
2025-08-09,UA,1156,-0.1434794060285896,273.0,Medium
2025-08-09,OO,5593,-0.14660485243138344,274.0,Medium
2025-08-09,UA,1576,-0.14685456046572504,275.0,Medium
2025-08-09,OO,5847,-0.1493001314766771,276.0,Medium
2025-08-09,UA,2424,-0.15076253402594336,277.0,Medium
2025-08-09,UA,1741,-0.15152341384497545,278.0,Medium
2025-08-09,UA,1398,-0.1517531101017779,279.0,Medium
2025-08-09,YX,3605,-0.15217196295468519,280.0,Medium
2025-08-09,UA,1975,-0.15343549558187744,281.0,Medium
2025-08-09,UA,1006,-0.1542614575883457,282.0,Medium
2025-08-09,UA,275,-0.15526124276489078,283.0,Medium
2025-08-09,OO,5469,-0.1556473712295447,284.0,Medium
2025-08-09,OO,5849,-0.15708867655834735,285.0,Medium
2025-08-09,OO,5103,-0.1598193498280858,286.0,Medium
2025-08-09,UA,2616,-0.1619983066684731,287.0,Medium
2025-08-09,UA,1377,-0.16336795411079527,288.0,Medium
2025-08-09,OO,5521,-0.16384647873893476,289.0,Medium
2025-08-09,UA,2635,-0.1652606995865686,290.0,Medium
2025-08-09,OO,5122,-0.16853130434008418,291.0,Medium
2025-08-09,OO,5392,-0.1696700693166383,292.0,Medium
2025-08-09,UA,2666,-0.1698587585737397,293.0,Medium
2025-08-09,UA,1239,-0.17048048109652425,294.0,Medium
2025-08-09,UA,1693,-0.1717933456375179,295.0,Medium
2025-08-09,YX,3610,-0.17181143605371052,296.0,Medium
2025-08-09,OO,5314,-0.17273479946209827,297.0,Medium
2025-08-09,UA,2011,-0.17304090459859645,298.0,Medium
2025-08-09,OO,5229,-0.17449217051551916,299.0,Medium
2025-08-09,OO,5360,-0.17510585219319216,300.0,Medium
2025-08-09,UA,1658,-0.17678977838804621,301.0,Medium
2025-08-09,UA,1269,-0.17722291414695618,302.0,Medium
2025-08-09,OO,5517,-0.17755876848137273,303.0,Medium
2025-08-09,YX,3402,-0.18029948171930185,304.0,Medium
2025-08-09,YX,3699,-0.18193053298210826,305.0,Medium
2025-08-09,UA,1205,-0.18960345031672501,306.0,Medium
2025-08-09,YX,3426,-0.19047807356419869,307.0,Medium
2025-08-09,YX,3542,-0.19057329520445346,308.0,Medium
2025-08-09,UA,2370,-0.19141566983750166,309.0,Medium
2025-08-09,OO,5358,-0.19240100630806123,310.0,Medium
2025-08-09,OO,5323,-0.19249209073283058,311.0,Medium
2025-08-09,OO,5051,-0.19249362690576297,312.0,Medium
2025-08-09,OO,4645,-0.19457824572240534,313.0,Medium
2025-08-09,UA,1989,-0.1949523454816928,314.0,Medium
2025-08-09,OO,5859,-0.19580323792417553,315.0,Medium
2025-08-09,YX,3604,-0.19625041278703695,316.0,Medium
2025-08-09,UA,374,-0.19673533310118163,317.0,Medium
2025-08-09,YX,3433,-0.2000056486057067,318.0,Medium
2025-08-09,G7,4585,-0.20142003444342862,319.0,Medium
2025-08-09,OO,5124,-0.20584060230307716,320.0,Medium
2025-08-09,UA,2176,-0.20590643001840683,321.0,Medium
2025-08-09,UA,2385,-0.2074653476829385,322.0,Medium
2025-08-09,G7,4474,-0.21342237037447528,323.0,Medium
2025-08-09,UA,1941,-0.2142062993179428,324.0,Medium
2025-08-09,OO,5290,-0.21621729918355564,325.0,Medium
2025-08-09,UA,1612,-0.2175948104104383,326.0,Medium
2025-08-09,OO,5472,-0.22259903102192707,327.0,Medium
2025-08-09,G7,4390,-0.2227674968410206,328.0,Medium
2025-08-09,G7,4519,-0.22323592012462876,329.0,Medium
2025-08-09,G7,4391,-0.22329841038178588,330.0,Medium
2025-08-09,G7,4559,-0.22584470749395066,331.0,Medium
2025-08-09,OO,5405,-0.22839097139279357,332.0,Medium
2025-08-09,OO,5353,-0.23166738217452612,333.0,Medium
2025-08-09,OO,5275,-0.23235414937090326,334.0,Medium
2025-08-09,UA,1258,-0.23270590894209514,335.0,Medium
2025-08-09,YX,3706,-0.23682309596737058,336.0,Medium
2025-08-09,OO,4636,-0.23867633697567747,337.0,Medium
2025-08-09,OO,5646,-0.2392213830208692,338.0,Medium
2025-08-09,UA,1933,-0.24066270799824582,339.0,Medium
2025-08-09,UA,767,-0.2409735211516181,340.0,Medium
2025-08-09,UA,2200,-0.24115438544599505,341.0,Medium
2025-08-09,UA,1120,-0.24219823506895832,342.0,Medium
2025-08-09,UA,1641,-0.2445303197260521,343.0,Medium
2025-08-09,OO,5108,-0.24588457463041613,344.0,Medium
2025-08-09,UA,2243,-0.24644927553029616,345.0,Medium
2025-08-09,OO,5737,-0.247095722059744,346.0,Medium
2025-08-09,OO,5557,-0.24721823100116105,347.0,Medium
2025-08-09,OO,5568,-0.24935534268956105,348.0,Medium
2025-08-09,UA,1674,-0.24943626907428232,349.0,Medium
2025-08-09,OO,5234,-0.24950740726139897,350.0,Medium
2025-08-09,UA,602,-0.25175259707413394,351.0,Medium
2025-08-09,UA,1756,-0.2535614179023212,352.0,Medium
2025-08-09,UA,2653,-0.25621824462710874,353.0,Medium
2025-08-09,G7,4380,-0.25732874474248185,354.0,Medium
2025-08-09,UA,2177,-0.26074582454984185,355.0,Medium
2025-08-09,UA,2039,-0.2611920697900503,356.0,Medium
2025-08-09,G7,4552,-0.2643440350398834,357.0,Medium
2025-08-09,OO,5140,-0.26464176274573376,358.0,Medium
2025-08-09,OO,5395,-0.26724912875126494,359.0,Medium
2025-08-09,OO,4638,-0.26791847972818267,360.0,Medium
2025-08-09,G7,4542,-0.2713457197004565,361.0,Medium
2025-08-09,YX,3628,-0.27381288705175383,362.0,Medium
2025-08-09,UA,1531,-0.2741098086147503,363.0,Medium
2025-08-09,UA,2137,-0.2745103899870867,364.0,Medium
2025-08-09,UA,2440,-0.275652688920515,365.0,Medium
2025-08-09,UA,2147,-0.27621391789655414,366.0,Medium
2025-08-09,OO,5269,-0.278565025515206,367.0,Medium
2025-08-09,G7,4533,-0.2787142669557306,368.0,Medium
2025-08-09,OO,4748,-0.27927802103462424,369.0,Medium
2025-08-09,UA,1297,-0.28056980461603603,370.0,Medium
2025-08-09,OO,5230,-0.28179290382231015,371.0,Medium
2025-08-09,YX,3716,-0.28464768121320894,372.0,Medium
2025-08-09,OO,5135,-0.28701840260729,373.0,Medium
2025-08-09,YX,3694,-0.2925722369127792,374.0,Medium
2025-08-09,YX,3641,-0.2931167210677186,375.0,Medium
2025-08-09,UA,1974,-0.2946430065972112,376.0,Medium
2025-08-09,UA,1209,-0.2972228504326949,377.0,Medium
2025-08-09,G7,4588,-0.3010157059914469,378.0,Medium
2025-08-09,UA,2487,-0.3015166640684884,379.0,Medium
2025-08-09,OO,4780,-0.3024904014004057,380.0,Medium
2025-08-09,G7,4546,-0.3079627712991292,381.0,Medium
2025-08-09,UA,342,-0.30988337470082916,382.0,Medium
2025-08-09,OO,5251,-0.31217418242758604,383.0,Medium
2025-08-09,G7,4554,-0.31329514441934175,384.0,Medium
2025-08-09,UA,2092,-0.31525327810613585,385.0,Medium
2025-08-09,UA,1301,-0.31657596830355694,386.0,Medium
2025-08-09,OO,5021,-0.318315841101335,387.0,Medium
2025-08-09,UA,224,-0.31941999162664836,388.0,Medium
2025-08-09,G7,4416,-0.3199154084775403,389.0,Medium
2025-08-09,UA,2481,-0.32327820904268995,390.0,Medium
2025-08-09,OO,5608,-0.3246462626107639,391.0,Medium
2025-08-09,OO,5274,-0.3269966163013266,392.0,Easy
2025-08-09,UA,2225,-0.3301899093132562,393.0,Easy
2025-08-09,OO,5118,-0.33077205795915793,394.0,Easy
2025-08-09,UA,1113,-0.33137168011281626,395.0,Easy
2025-08-09,G7,4463,-0.33229844086465327,396.0,Easy
2025-08-09,YX,3635,-0.338648688245196,397.0,Easy
2025-08-09,OO,5601,-0.34089714913559394,398.0,Easy
2025-08-09,G7,4497,-0.34219744984116635,399.0,Easy
2025-08-09,G7,4558,-0.3422519021150122,400.0,Easy
2025-08-09,UA,2040,-0.34458013759824024,401.0,Easy
2025-08-09,OO,6002,-0.34561930153697334,402.0,Easy
2025-08-09,G7,4563,-0.3501574692098676,403.0,Easy
2025-08-09,G7,4451,-0.3506456461198466,404.0,Easy
2025-08-09,OO,5262,-0.35256809188089466,405.0,Easy
2025-08-09,OO,5250,-0.35308168190709466,406.0,Easy
2025-08-09,G7,4507,-0.35455907958327465,407.0,Easy
2025-08-09,OO,5375,-0.3551670929595961,408.0,Easy
2025-08-09,YX,3465,-0.3577788337393617,409.0,Easy
2025-08-09,OO,5868,-0.36037222155623166,410.0,Easy
2025-08-09,G7,4395,-0.3623431487338521,411.0,Easy
2025-08-09,OO,5631,-0.3628299563419631,412.0,Easy
2025-08-09,OO,5538,-0.3642406577876306,413.0,Easy
2025-08-09,G7,4504,-0.3642857611606499,414.0,Easy
2025-08-09,OO,5499,-0.3670572569693479,415.0,Easy
2025-08-09,OO,5905,-0.3719670166793242,416.0,Easy
2025-08-09,G7,4610,-0.3741354268002649,417.0,Easy
2025-08-09,OO,5980,-0.37592326646859514,418.0,Easy
2025-08-09,UA,2343,-0.3762065032530583,419.0,Easy
2025-08-09,UA,970,-0.3766539033578424,420.0,Easy
2025-08-09,YX,3571,-0.38001933957925116,421.0,Easy
2025-08-09,UA,2684,-0.38015149642891166,422.0,Easy
2025-08-09,OO,5474,-0.3817800874418023,423.0,Easy
2025-08-09,UA,777,-0.3828536404884234,424.0,Easy
2025-08-09,OO,5610,-0.38778647006850403,425.0,Easy
2025-08-09,UA,1793,-0.3879034649266088,426.0,Easy
2025-08-09,G7,4517,-0.39285894153645373,427.0,Easy
2025-08-09,OO,5383,-0.3952905127651123,428.0,Easy
2025-08-09,OO,4757,-0.3957174114384456,429.0,Easy
2025-08-09,G7,4461,-0.3960634951376764,430.0,Easy
2025-08-09,UA,2628,-0.3963366923998647,431.0,Easy
2025-08-09,YX,3667,-0.40184856358418647,432.0,Easy
2025-08-09,G7,4501,-0.40232201910476895,433.0,Easy
2025-08-09,OO,5099,-0.4024794769898653,434.0,Easy
2025-08-09,G7,4574,-0.4029161474484379,435.0,Easy
2025-08-09,OO,5420,-0.4055319793822314,436.0,Easy
2025-08-09,OO,5260,-0.4102060700916267,437.0,Easy
2025-08-09,G7,4518,-0.41035805317980323,438.0,Easy
2025-08-09,OO,5624,-0.4132636650081881,439.0,Easy
2025-08-09,YX,3638,-0.41522231469866494,440.0,Easy
2025-08-09,OO,4739,-0.41646609782941413,441.0,Easy
2025-08-09,G7,4482,-0.4170325930959136,442.0,Easy
2025-08-09,OO,5094,-0.4190149290837985,443.0,Easy
2025-08-09,UA,1909,-0.41987742574873965,444.0,Easy
2025-08-09,UA,664,-0.42297155949611953,445.0,Easy
2025-08-09,YX,3523,-0.424954991045861,446.0,Easy
2025-08-09,YX,3493,-0.4254716420710443,447.0,Easy
2025-08-09,G7,4185,-0.4260276915925617,448.0,Easy
2025-08-09,G7,4568,-0.4262732634616879,449.0,Easy
2025-08-09,G7,4186,-0.4270817472318183,450.0,Easy
2025-08-09,OO,5289,-0.42830768928944024,451.0,Easy
2025-08-09,OO,5493,-0.4292713135802081,452.0,Easy
2025-08-09,OO,5352,-0.4302981993147436,453.0,Easy
2025-08-09,OO,5309,-0.43048252842728796,454.0,Easy
2025-08-09,G7,4584,-0.4306084145324789,455.0,Easy
2025-08-09,OO,4766,-0.43241356963834876,456.0,Easy
2025-08-09,YX,3690,-0.43295621537288126,457.0,Easy
2025-08-09,YX,3551,-0.4347100021076332,458.0,Easy
2025-08-09,YX,3614,-0.43515945693030306,459.0,Easy
2025-08-09,OO,5637,-0.4354580224111156,460.0,Easy
2025-08-09,UA,600,-0.4363483332758234,461.0,Easy
2025-08-09,OO,5444,-0.43689257389538894,462.0,Easy
2025-08-09,YX,3409,-0.4437967753499335,463.0,Easy
2025-08-09,UA,1495,-0.443834184741225,464.0,Easy
2025-08-09,OO,5045,-0.4475686119557267,465.0,Easy
2025-08-09,YX,3468,-0.451016960899867,466.0,Easy
2025-08-09,UA,2627,-0.45201891609885453,467.0,Easy
2025-08-09,OO,5253,-0.45370013543480164,468.0,Easy
2025-08-09,YX,3498,-0.4554649342152517,469.0,Easy
2025-08-09,OO,5836,-0.45703477883582283,470.0,Easy
2025-08-09,YX,3668,-0.45795286135666846,471.0,Easy
2025-08-09,YX,3536,-0.45834667307356486,472.0,Easy
2025-08-09,G7,4599,-0.46121643173008736,473.0,Easy
2025-08-09,G7,4436,-0.46143718937545153,474.0,Easy
2025-08-09,OO,6004,-0.4651303146516923,475.0,Easy
2025-08-09,G7,4479,-0.4653661502156431,476.0,Easy
2025-08-09,OO,5852,-0.4659972370784477,477.0,Easy
2025-08-09,YX,3700,-0.4684207348425598,478.0,Easy
2025-08-09,G7,4476,-0.46888323381519037,479.0,Easy
2025-08-09,G7,4468,-0.4692861394360641,480.0,Easy
2025-08-09,UA,467,-0.4706691022456014,481.0,Easy
2025-08-09,OO,5350,-0.4720436926141606,482.0,Easy
2025-08-09,OO,5668,-0.48109800325944624,483.0,Easy
2025-08-09,G7,4502,-0.48197292532635866,484.0,Easy
2025-08-09,OO,5930,-0.481985767748095,485.0,Easy
2025-08-09,OO,5215,-0.48257187749634933,486.0,Easy
2025-08-09,G7,4188,-0.4831444151101348,487.0,Easy
2025-08-09,OO,5915,-0.48331476514758703,488.0,Easy
2025-08-09,G7,4387,-0.4846615557641692,489.0,Easy
2025-08-09,UA,2364,-0.4882293381205248,490.0,Easy
2025-08-09,YX,3693,-0.4896203914616756,491.0,Easy
2025-08-09,G7,4406,-0.4949817901959857,492.0,Easy
2025-08-09,G7,4529,-0.495172909791266,493.0,Easy
2025-08-09,OO,5470,-0.5010104739013839,494.0,Easy
2025-08-09,UA,1403,-0.5012448905821869,495.0,Easy
2025-08-09,G7,4571,-0.5020415717850638,496.0,Easy
2025-08-09,OO,5790,-0.502841996566049,497.0,Easy
2025-08-09,YX,3715,-0.5036382860369683,498.0,Easy
2025-08-09,G7,4488,-0.5040361008412712,499.0,Easy
2025-08-09,OO,5219,-0.505300558699625,500.0,Easy
2025-08-09,G7,4445,-0.5075956343150901,501.0,Easy
2025-08-09,OO,5833,-0.5079646070847735,502.0,Easy
2025-08-09,OO,5946,-0.5116026265027213,503.0,Easy
2025-08-09,OO,5225,-0.5160197077669939,504.0,Easy
2025-08-09,G7,4460,-0.5163907611008399,505.0,Easy
2025-08-09,G7,4549,-0.5258713163256953,506.0,Easy
2025-08-09,G7,4456,-0.5274843424060336,507.0,Easy
2025-08-09,OO,4778,-0.5276618336342664,508.0,Easy
2025-08-09,UA,1129,-0.5291480817436705,509.0,Easy
2025-08-09,OO,5447,-0.5338719899397862,510.0,Easy
2025-08-09,OO,5272,-0.5507038639625956,511.0,Easy
2025-08-09,YX,3598,-0.5523577461647166,512.0,Easy
2025-08-09,G7,4491,-0.5562386274921671,513.0,Easy
2025-08-09,OO,4791,-0.5625464576398072,514.0,Easy
2025-08-09,YX,3707,-0.5700526740587627,515.0,Easy
2025-08-09,UA,2005,-0.6093772383109082,516.0,Easy
2025-08-09,UA,1477,-0.6503836371015582,517.0,Easy
2025-08-09,OO,5138,-0.6963219625141357,518.0,Easy
2025-08-09,OO,5026,-0.7149440152330528,519.0,Easy
2025-08-09,OO,5020,-0.7529988980424558,520.0,Easy
2025-08-09,OO,5136,-0.7927308456643426,521.0,Easy
2025-08-10,UA,1905,8.756172135599927,1.0,Difficult
2025-08-10,UA,944,1.8761916190226586,2.0,Difficult
2025-08-10,UA,359,1.8715085544689407,3.0,Difficult
2025-08-10,UA,907,1.8191579580493324,4.0,Difficult
2025-08-10,UA,920,1.7528312608042367,5.0,Difficult
2025-08-10,UA,609,1.7066666751989545,6.0,Difficult
2025-08-10,UA,881,1.5256916156690838,7.0,Difficult
2025-08-10,UA,1996,1.5139951357384747,8.0,Difficult
2025-08-10,UA,422,1.40844429316263,9.0,Difficult
2025-08-10,UA,1577,1.3837326936633514,10.0,Difficult
2025-08-10,UA,2278,1.3762833522550197,11.0,Difficult
2025-08-10,UA,845,1.3758922894510728,12.0,Difficult
2025-08-10,UA,1224,1.3612739811836074,13.0,Difficult
2025-08-10,UA,2172,1.3269817379222937,14.0,Difficult
2025-08-10,UA,534,1.1900814247554523,15.0,Difficult
2025-08-10,UA,970,1.1133274701936473,16.0,Difficult
2025-08-10,UA,219,1.063358646011723,17.0,Difficult
2025-08-10,UA,1347,1.0165081829864202,18.0,Difficult
2025-08-10,UA,909,1.002946779666588,19.0,Difficult
2025-08-10,UA,909,0.9590670784999025,20.0,Difficult
2025-08-10,UA,1811,0.9341853041054082,21.0,Difficult
2025-08-10,UA,1599,0.9336521174442045,22.0,Difficult
2025-08-10,UA,972,0.915325627924348,23.0,Difficult
2025-08-10,UA,2008,0.8887612373379126,24.0,Difficult
2025-08-10,UA,1335,0.8815150299844006,25.0,Difficult
2025-08-10,UA,938,0.8458033960058231,26.0,Difficult
2025-08-10,UA,1387,0.8315528632758652,27.0,Difficult
2025-08-10,UA,224,0.8125680776700589,28.0,Difficult
2025-08-10,UA,416,0.7998126968379666,29.0,Difficult
2025-08-10,UA,378,0.7627190261749347,30.0,Difficult
2025-08-10,UA,953,0.7498623064285875,31.0,Difficult
2025-08-10,OO,5274,0.7105169277813622,32.0,Difficult
2025-08-10,UA,1306,0.7079420835895516,33.0,Difficult
2025-08-10,UA,1044,0.7000681685648995,34.0,Difficult
2025-08-10,UA,600,0.6864377855438675,35.0,Difficult
2025-08-10,UA,1857,0.6784823006066402,36.0,Difficult
2025-08-10,UA,611,0.6783544633707724,37.0,Difficult
2025-08-10,UA,611,0.664906618667899,38.0,Difficult
2025-08-10,UA,1301,0.6471938457537975,39.0,Difficult
2025-08-10,UA,2465,0.6432177046724112,40.0,Difficult
2025-08-10,UA,2361,0.6420098374505484,41.0,Difficult
2025-08-10,UA,2290,0.6400725238564982,42.0,Difficult
2025-08-10,UA,980,0.6357463043925928,43.0,Difficult
2025-08-10,UA,1643,0.6347311028913933,44.0,Difficult
2025-08-10,UA,2426,0.6342634633529358,45.0,Difficult
2025-08-10,UA,758,0.6262310727717361,46.0,Difficult
2025-08-10,UA,1178,0.6106495538786101,47.0,Difficult
2025-08-10,UA,929,0.6038764114827849,48.0,Difficult
2025-08-10,UA,912,0.6030084222166834,49.0,Difficult
2025-08-10,UA,2652,0.599114580200161,50.0,Difficult
2025-08-10,UA,467,0.5731508837686228,51.0,Difficult
2025-08-10,UA,1983,0.5702101158739399,52.0,Difficult
2025-08-10,UA,611,0.5605089645343085,53.0,Difficult
2025-08-10,UA,399,0.5593060563592825,54.0,Difficult
2025-08-10,UA,622,0.5568890538891668,55.0,Difficult
2025-08-10,UA,1010,0.5512659170916446,56.0,Difficult
2025-08-10,UA,611,0.5470611198314351,57.0,Difficult
2025-08-10,UA,118,0.537442445943363,58.0,Difficult
2025-08-10,UA,769,0.5275678283526919,59.0,Difficult
2025-08-10,UA,2067,0.5164391750584404,60.0,Difficult
2025-08-10,UA,310,0.5028353868085013,61.0,Difficult
2025-08-10,UA,2225,0.49878387775064875,62.0,Difficult
2025-08-10,UA,1564,0.4983142850171944,63.0,Difficult
2025-08-10,UA,2100,0.4910984539109099,64.0,Difficult
2025-08-10,UA,2677,0.477085844344355,65.0,Difficult
2025-08-10,UA,1634,0.4713233862064906,66.0,Difficult
2025-08-10,UA,1612,0.45193431269402684,67.0,Difficult
2025-08-10,UA,1823,0.45140481500701807,68.0,Difficult
2025-08-10,UA,2649,0.4414674964392251,69.0,Difficult
2025-08-10,UA,2385,0.4352722890183362,70.0,Difficult
2025-08-10,UA,2039,0.4299705378141736,71.0,Difficult
2025-08-10,UA,247,0.428609406389086,72.0,Difficult
2025-08-10,UA,468,0.4063938193068649,73.0,Difficult
2025-08-10,UA,1920,0.40242289330836456,74.0,Difficult
2025-08-10,UA,1801,0.39942376930478307,75.0,Difficult
2025-08-10,UA,1878,0.3799517560267134,76.0,Difficult
2025-08-10,OO,5810,0.3789101678152436,77.0,Difficult
2025-08-10,UA,1252,0.3785981840377019,78.0,Difficult
2025-08-10,UA,2179,0.37002903803755466,79.0,Difficult
2025-08-10,UA,2254,0.36851845709669734,80.0,Difficult
2025-08-10,UA,1616,0.36811480487611375,81.0,Difficult
2025-08-10,UA,2683,0.3669565507284116,82.0,Difficult
2025-08-10,UA,1660,0.3665363728379691,83.0,Difficult
2025-08-10,UA,2337,0.36639048201068175,84.0,Difficult
2025-08-10,UA,1492,0.365501047812873,85.0,Difficult
2025-08-10,OO,4809,0.3597521290465599,86.0,Difficult
2025-08-10,UA,2665,0.357385416062607,87.0,Difficult
2025-08-10,UA,503,0.35338902127088245,88.0,Difficult
2025-08-10,UA,1124,0.3517110898209456,89.0,Difficult
2025-08-10,UA,2090,0.34973514798539374,90.0,Difficult
2025-08-10,UA,2280,0.3491308000425887,91.0,Difficult
2025-08-10,UA,1658,0.34780747645425814,92.0,Difficult
2025-08-10,OO,5712,0.3462544073414558,93.0,Difficult
2025-08-10,UA,2201,0.34536528676692996,94.0,Difficult
2025-08-10,UA,2653,0.3388307310115405,95.0,Difficult
2025-08-10,OO,5358,0.33716630796935526,96.0,Difficult
2025-08-10,OO,5790,0.33687686116399096,97.0,Difficult
2025-08-10,OO,5437,0.3310252502078846,98.0,Difficult
2025-08-10,UA,793,0.3292123017197892,99.0,Difficult
2025-08-10,UA,2370,0.3202043974870403,100.0,Difficult
2025-08-10,UA,1328,0.314320779826944,101.0,Difficult
2025-08-10,UA,1491,0.2965333245366164,102.0,Difficult
2025-08-10,UA,2202,0.2939085634793859,103.0,Difficult
2025-08-10,UA,1899,0.27859179730899125,104.0,Difficult
2025-08-10,UA,1538,0.27100050606381043,105.0,Difficult
2025-08-10,UA,2481,0.2677941587849377,106.0,Difficult
2025-08-10,G7,4416,0.2664152809337374,107.0,Difficult
2025-08-10,UA,777,0.2552189536134758,108.0,Difficult
2025-08-10,UA,2071,0.2542787695309264,109.0,Difficult
2025-08-10,UA,1316,0.2533348707492872,110.0,Difficult
2025-08-10,UA,1030,0.25313913950477257,111.0,Difficult
2025-08-10,UA,2144,0.2504952941841415,112.0,Difficult
2025-08-10,UA,1156,0.2489128308368118,113.0,Difficult
2025-08-10,UA,1620,0.2480710682038412,114.0,Difficult
2025-08-10,UA,1975,0.24734580302023604,115.0,Difficult
2025-08-10,UA,2099,0.2440815107956507,116.0,Difficult
2025-08-10,UA,1710,0.23934460963273835,117.0,Difficult
2025-08-10,UA,2389,0.23762007454821424,118.0,Difficult
2025-08-10,OO,5269,0.2374722062097583,119.0,Difficult
2025-08-10,UA,482,0.2371246358719052,120.0,Difficult
2025-08-10,OO,5275,0.2347162625891131,121.0,Difficult
2025-08-10,UA,1584,0.23447676885282806,122.0,Difficult
2025-08-10,UA,533,0.22646867485943267,123.0,Difficult
2025-08-10,UA,2691,0.2242212957148406,124.0,Difficult
2025-08-10,G7,4559,0.2160784715753195,125.0,Difficult
2025-08-10,UA,2137,0.21231861592466406,126.0,Difficult
2025-08-10,UA,602,0.21195808599727672,127.0,Difficult
2025-08-10,UA,1580,0.20368283687931196,128.0,Difficult
2025-08-10,UA,2401,0.1989880588139223,129.0,Difficult
2025-08-10,UA,987,0.19818340445353622,130.0,Difficult
2025-08-10,UA,786,0.19560595657137855,131.0,Difficult
2025-08-10,UA,2011,0.1955207457461712,132.0,Difficult
2025-08-10,UA,275,0.1845865309979262,133.0,Difficult
2025-08-10,UA,2323,0.17764013207743354,134.0,Difficult
2025-08-10,UA,1215,0.1759235890654964,135.0,Difficult
2025-08-10,UA,276,0.17337972154581222,136.0,Difficult
2025-08-10,UA,1834,0.16866603034685418,137.0,Difficult
2025-08-10,UA,1381,0.16832577988500536,138.0,Difficult
2025-08-10,UA,1068,0.16677801166517936,139.0,Difficult
2025-08-10,UA,466,0.16346103890252844,140.0,Difficult
2025-08-10,UA,2329,0.1622420790028974,141.0,Medium
2025-08-10,UA,1815,0.15907947525733665,142.0,Medium
2025-08-10,UA,563,0.15818004121205487,143.0,Medium
2025-08-10,OO,5021,0.15398715096565035,144.0,Medium
2025-08-10,UA,576,0.15264582702809407,145.0,Medium
2025-08-10,UA,1291,0.15145515651163458,146.0,Medium
2025-08-10,UA,1363,0.1491403584439536,147.0,Medium
2025-08-10,OO,5250,0.14443547644492155,148.0,Medium
2025-08-10,UA,1674,0.14325461972986878,149.0,Medium
2025-08-10,OO,5821,0.14247192666470984,150.0,Medium
2025-08-10,UA,695,0.14146065752615458,151.0,Medium
2025-08-10,OO,5795,0.13772216152566172,152.0,Medium
2025-08-10,OO,5251,0.13321836079127133,153.0,Medium
2025-08-10,UA,1324,0.13151789922788312,154.0,Medium
2025-08-10,OO,5499,0.12897248817806214,155.0,Medium
2025-08-10,UA,2189,0.12704260010539262,156.0,Medium
2025-08-10,UA,1502,0.1216244855946573,157.0,Medium
2025-08-10,UA,2483,0.1202465379523164,158.0,Medium
2025-08-10,UA,1933,0.11778480635320968,159.0,Medium
2025-08-10,UA,580,0.11754697405919248,160.0,Medium
2025-08-10,OO,5748,0.11505083286764742,161.0,Medium
2025-08-10,UA,1980,0.11184712810024461,162.0,Medium
2025-08-10,OO,5251,0.10964926102397851,163.0,Medium
2025-08-10,OO,5474,0.10692221884013492,164.0,Medium
2025-08-10,UA,343,0.10526697924208,165.0,Medium
2025-08-10,UA,1872,0.1048048334622935,166.0,Medium
2025-08-10,YX,3694,0.10392872747774982,167.0,Medium
2025-08-10,OO,5601,0.1035238992607832,168.0,Medium
2025-08-10,OO,5427,0.09803506575005586,169.0,Medium
2025-08-10,OO,6002,0.09734957956284254,170.0,Medium
2025-08-10,UA,2418,0.09710765921641383,171.0,Medium
2025-08-10,UA,2133,0.09521465840683442,172.0,Medium
2025-08-10,UA,1793,0.09408990547441994,173.0,Medium
2025-08-10,OO,4718,0.09066521291376693,174.0,Medium
2025-08-10,UA,1205,0.08388066235974274,175.0,Medium
2025-08-10,OO,5446,0.07987042090622853,176.0,Medium
2025-08-10,UA,2657,0.07741010774490292,177.0,Medium
2025-08-10,UA,2609,0.07661233309942013,178.0,Medium
2025-08-10,UA,2666,0.07008374751920929,179.0,Medium
2025-08-10,UA,1775,0.06741931617638451,180.0,Medium
2025-08-10,UA,1909,0.06701628772026837,181.0,Medium
2025-08-10,OO,5729,0.06321903185744908,182.0,Medium
2025-08-10,OO,5469,0.05942527910494766,183.0,Medium
2025-08-10,UA,1785,0.053934809588093505,184.0,Medium
2025-08-10,OO,5852,0.0536536084724222,185.0,Medium
2025-08-10,UA,1477,0.04595319600155677,186.0,Medium
2025-08-10,UA,2440,0.04313221322632244,187.0,Medium
2025-08-10,UA,1923,0.04164639434131306,188.0,Medium
2025-08-10,OO,5122,0.04082742726921481,189.0,Medium
2025-08-10,UA,1146,0.040326810321978074,190.0,Medium
2025-08-10,UA,1414,0.03955149776947266,191.0,Medium
2025-08-10,YX,3571,0.030702942106177175,192.0,Medium
2025-08-10,UA,1209,0.030490864390052573,193.0,Medium
2025-08-10,UA,2629,0.02996525103224581,194.0,Medium
2025-08-10,YX,3535,0.02953628751914642,195.0,Medium
2025-08-10,UA,356,0.029472120418364875,196.0,Medium
2025-08-10,UA,3,0.024764539550173187,197.0,Medium
2025-08-10,UA,1776,0.01495197028164293,198.0,Medium
2025-08-10,UA,729,0.014665699959317414,199.0,Medium
2025-08-10,UA,2394,0.01327382870100189,200.0,Medium
2025-08-10,OO,5534,0.01325203598468689,201.0,Medium
2025-08-10,OO,5470,0.011097018571337894,202.0,Medium
2025-08-10,G7,4173,0.010016290202405624,203.0,Medium
2025-08-10,UA,1168,0.008330668940925497,204.0,Medium
2025-08-10,OO,5234,0.006819432507719138,205.0,Medium
2025-08-10,UA,307,0.006800020918500262,206.0,Medium
2025-08-10,UA,708,0.004843917071674302,207.0,Medium
2025-08-10,OO,5841,0.00411860058888093,208.0,Medium
2025-08-10,UA,2455,0.003812242966385382,209.0,Medium
2025-08-10,UA,2488,0.0037010192875764868,210.0,Medium
2025-08-10,UA,265,0.002773684850660478,211.0,Medium
2025-08-10,UA,2195,0.002499753350007642,212.0,Medium
2025-08-10,UA,1097,0.001521276718332007,213.0,Medium
2025-08-10,G7,4390,-0.00021753153159041055,214.0,Medium
2025-08-10,UA,1485,-0.0023237112532545415,215.0,Medium
2025-08-10,UA,2148,-0.0030292586621530476,216.0,Medium
2025-08-10,UA,1421,-0.005838103654846232,217.0,Medium
2025-08-10,UA,1848,-0.012413446003584676,218.0,Medium
2025-08-10,G7,4585,-0.013511462290346131,219.0,Medium
2025-08-10,UA,1740,-0.013641099709250334,220.0,Medium
2025-08-10,UA,2211,-0.015342375822747448,221.0,Medium
2025-08-10,UA,1859,-0.015517298321598698,222.0,Medium
2025-08-10,UA,2147,-0.01753599469992288,223.0,Medium
2025-08-10,UA,1144,-0.018759503416968828,224.0,Medium
2025-08-10,UA,1198,-0.019169013373895524,225.0,Medium
2025-08-10,UA,2616,-0.023085747389918553,226.0,Medium
2025-08-10,OO,5435,-0.023842414256425262,227.0,Medium
2025-08-10,OO,5360,-0.02638544703497751,228.0,Medium
2025-08-10,UA,1655,-0.0270820394409722,229.0,Medium
2025-08-10,UA,1182,-0.02775304594370058,230.0,Medium
2025-08-10,UA,286,-0.03110598862508792,231.0,Medium
2025-08-10,OO,5607,-0.03205616743291574,232.0,Medium
2025-08-10,G7,4476,-0.03877730729401369,233.0,Medium
2025-08-10,UA,617,-0.040695715890632686,234.0,Medium
2025-08-10,G7,4387,-0.04322066694050214,235.0,Medium
2025-08-10,UA,1761,-0.04617753298210734,236.0,Medium
2025-08-10,G7,4474,-0.05055167851558809,237.0,Medium
2025-08-10,UA,2387,-0.05256975816856186,238.0,Medium
2025-08-10,OO,5108,-0.05342195158979654,239.0,Medium
2025-08-10,OO,5045,-0.05738923411787448,240.0,Medium
2025-08-10,UA,2658,-0.0583335970754613,241.0,Medium
2025-08-10,YX,3525,-0.060455070301701365,242.0,Medium
2025-08-10,UA,1842,-0.06082516332814592,243.0,Medium
2025-08-10,OO,5380,-0.062190521577616766,244.0,Medium
2025-08-10,UA,1967,-0.062422546216096116,245.0,Medium
2025-08-10,UA,1448,-0.062444123348036715,246.0,Medium
2025-08-10,UA,2635,-0.06442006896870933,247.0,Medium
2025-08-10,G7,4186,-0.06571105796688143,248.0,Medium
2025-08-10,UA,1082,-0.06584587347148935,249.0,Medium
2025-08-10,UA,1314,-0.06601274834669739,250.0,Medium
2025-08-10,G7,4529,-0.06821142059395652,251.0,Medium
2025-08-10,UA,349,-0.07276837087569803,252.0,Medium
2025-08-10,OO,5847,-0.07454483323480258,253.0,Medium
2025-08-10,UA,669,-0.07498446550897539,254.0,Medium
2025-08-10,G7,4188,-0.07499733699483202,255.0,Medium
2025-08-10,OO,5505,-0.07593459295446091,256.0,Medium
2025-08-10,UA,2862,-0.07634458958258829,257.0,Medium
2025-08-10,UA,2106,-0.07761393760170884,258.0,Medium
2025-08-10,UA,2059,-0.07922638991524557,259.0,Medium
2025-08-10,UA,2251,-0.0803768851455662,260.0,Medium
2025-08-10,UA,1403,-0.08103652658001542,261.0,Medium
2025-08-10,UA,1006,-0.08174654765414567,262.0,Medium
2025-08-10,UA,2487,-0.08272372467292874,263.0,Medium
2025-08-10,OO,5699,-0.08503703587882849,264.0,Medium
2025-08-10,UA,2684,-0.08531329825887907,265.0,Medium
2025-08-10,UA,1361,-0.09341275824905698,266.0,Medium
2025-08-10,OO,5262,-0.09363844211259026,267.0,Medium
2025-08-10,UA,2618,-0.09430190689728357,268.0,Medium
2025-08-10,UA,1398,-0.09777668220334271,269.0,Medium
2025-08-10,OO,5999,-0.09921382757029051,270.0,Medium
2025-08-10,UA,2494,-0.09953764302559766,271.0,Medium
2025-08-10,UA,1974,-0.10078403310427013,272.0,Medium
2025-08-10,OO,5557,-0.1053191206595289,273.0,Medium
2025-08-10,OO,5555,-0.10653362637631958,274.0,Medium
2025-08-10,OO,5344,-0.10772154020881705,275.0,Medium
2025-08-10,UA,481,-0.10799846741981528,276.0,Medium
2025-08-10,G7,4507,-0.10811431301264715,277.0,Medium
2025-08-10,UA,1641,-0.11068013803438731,278.0,Medium
2025-08-10,OO,5901,-0.11248858580345199,279.0,Medium
2025-08-10,G7,4571,-0.11448208132253816,280.0,Medium
2025-08-10,OO,5643,-0.11847877414849675,281.0,Medium
2025-08-10,UA,2369,-0.11881856114889897,282.0,Medium
2025-08-10,OO,5382,-0.1191596630965306,283.0,Medium
2025-08-10,UA,2417,-0.11965790881577258,284.0,Medium
2025-08-10,OO,5038,-0.12109165602687302,285.0,Medium
2025-08-10,YX,3493,-0.12139698543492533,286.0,Medium
2025-08-10,YX,3614,-0.12268348824039901,287.0,Medium
2025-08-10,UA,2138,-0.12553147735119555,288.0,Medium
2025-08-10,OO,5984,-0.12592440876139852,289.0,Medium
2025-08-10,OO,5392,-0.1279528400913608,290.0,Medium
2025-08-10,UA,1297,-0.1286718652330575,291.0,Medium
2025-08-10,OO,5398,-0.12932658340251554,292.0,Medium
2025-08-10,YX,3402,-0.12944157621944652,293.0,Medium
2025-08-10,OO,5215,-0.13145229997651553,294.0,Medium
2025-08-10,UA,312,-0.13607748936365496,295.0,Medium
2025-08-10,UA,2200,-0.1374229229015372,296.0,Medium
2025-08-10,OO,5103,-0.1387437899414251,297.0,Medium
2025-08-10,YX,3716,-0.14258691453726124,298.0,Medium
2025-08-10,UA,2364,-0.14392033816044542,299.0,Medium
2025-08-10,OO,5094,-0.14502247646516134,300.0,Medium
2025-08-10,G7,4613,-0.1474360183765498,301.0,Medium
2025-08-10,UA,1304,-0.14937512503691036,302.0,Medium
2025-08-10,G7,4185,-0.1509999355362338,303.0,Medium
2025-08-10,UA,763,-0.15509871737412323,304.0,Medium
2025-08-10,G7,4482,-0.1559908272891698,305.0,Medium
2025-08-10,OO,5314,-0.15836715683184055,306.0,Medium
2025-08-10,G7,4431,-0.15883056802281292,307.0,Medium
2025-08-10,OO,5230,-0.16340192879101292,308.0,Medium
2025-08-10,YX,3569,-0.1640804022030566,309.0,Medium
2025-08-10,OO,4712,-0.16504675006060043,310.0,Medium
2025-08-10,YX,3690,-0.16554567838031603,311.0,Medium
2025-08-10,UA,660,-0.16566085008098097,312.0,Medium
2025-08-10,OO,5874,-0.16687395760081136,313.0,Medium
2025-08-10,UA,1677,-0.16844147258924683,314.0,Medium
2025-08-10,UA,1659,-0.16874078434581347,315.0,Medium
2025-08-10,UA,1576,-0.16877903802451916,316.0,Medium
2025-08-10,UA,592,-0.1695167156833825,317.0,Medium
2025-08-10,UA,374,-0.17181855937131502,318.0,Medium
2025-08-10,UA,2628,-0.1730695202744433,319.0,Medium
2025-08-10,UA,664,-0.1732609842903613,320.0,Medium
2025-08-10,OO,5915,-0.17403309447948606,321.0,Medium
2025-08-10,UA,2154,-0.1741473296847242,322.0,Medium
2025-08-10,OO,5948,-0.1773743939663722,323.0,Medium
2025-08-10,OO,5577,-0.1798976984309942,324.0,Medium
2025-08-10,OO,5292,-0.18096399478146125,325.0,Medium
2025-08-10,OO,5977,-0.18124427820786038,326.0,Medium
2025-08-10,OO,5988,-0.1818863670243827,327.0,Medium
2025-08-10,UA,2155,-0.1831976928980713,328.0,Medium
2025-08-10,UA,2040,-0.18345636956131728,329.0,Medium
2025-08-10,UA,1135,-0.18534408205352715,330.0,Medium
2025-08-10,UA,556,-0.18642857406043895,331.0,Medium
2025-08-10,OO,5624,-0.18658676899013824,332.0,Medium
2025-08-10,UA,2343,-0.18659173819012587,333.0,Medium
2025-08-10,UA,791,-0.18853083337813487,334.0,Medium
2025-08-10,OO,5362,-0.1893751031482515,335.0,Medium
2025-08-10,G7,4184,-0.18946010940625563,336.0,Medium
2025-08-10,OO,4780,-0.19216266905421625,337.0,Medium
2025-08-10,UA,2627,-0.19381069540921325,338.0,Medium
2025-08-10,G7,4458,-0.19563893479552497,339.0,Medium
2025-08-10,UA,1693,-0.1963878628067717,340.0,Medium
2025-08-10,OO,5395,-0.1964210824647633,341.0,Medium
2025-08-10,UA,1808,-0.19754091110409192,342.0,Medium
2025-08-10,UA,1129,-0.198428266505202,343.0,Medium
2025-08-10,UA,2177,-0.19939871655088107,344.0,Medium
2025-08-10,YX,3641,-0.20124875589108887,345.0,Medium
2025-08-10,OO,5637,-0.20142577641959,346.0,Medium
2025-08-10,UA,2333,-0.2020870715144806,347.0,Medium
2025-08-10,G7,4542,-0.20284943969606584,348.0,Medium
2025-08-10,UA,1239,-0.2038859162285777,349.0,Medium
2025-08-10,OO,5565,-0.20527796796329145,350.0,Medium
2025-08-10,YX,3604,-0.2072857315560748,351.0,Medium
2025-08-10,G7,4460,-0.20851917549655236,352.0,Medium
2025-08-10,UA,1741,-0.2101600394129032,353.0,Medium
2025-08-10,OO,5833,-0.21089167128311748,354.0,Medium
2025-08-10,UA,490,-0.21381683698645554,355.0,Medium
2025-08-10,OO,5564,-0.2183201161960852,356.0,Medium
2025-08-10,UA,721,-0.21966140039835633,357.0,Medium
2025-08-10,YX,3422,-0.22035718376346103,358.0,Medium
2025-08-10,OO,5608,-0.22520062233631696,359.0,Medium
2025-08-10,OO,5521,-0.22578599250175338,360.0,Medium
2025-08-10,UA,2378,-0.22675115771547416,361.0,Medium
2025-08-10,G7,4558,-0.2273994653644405,362.0,Medium
2025-08-10,UA,1708,-0.22930914511379819,363.0,Medium
2025-08-10,UA,291,-0.22983517911495482,364.0,Medium
2025-08-10,OO,5376,-0.2302374974128912,365.0,Medium
2025-08-10,YX,3542,-0.23335301070649178,366.0,Medium
2025-08-10,YX,3465,-0.23746049947846154,367.0,Medium
2025-08-10,G7,4425,-0.23913505938337729,368.0,Medium
2025-08-10,UA,1617,-0.24016329501146802,369.0,Medium
2025-08-10,OO,5260,-0.2415922425110424,370.0,Medium
2025-08-10,UA,739,-0.24246055603749664,371.0,Medium
2025-08-10,UA,2092,-0.24399053259441972,372.0,Medium
2025-08-10,OO,5272,-0.24459873822529551,373.0,Medium
2025-08-10,OO,5668,-0.24487868499199417,374.0,Medium
2025-08-10,OO,5963,-0.2460686697731947,375.0,Medium
2025-08-10,UA,1989,-0.24687597568804567,376.0,Medium
2025-08-10,G7,4481,-0.24696600743189578,377.0,Medium
2025-08-10,OO,5946,-0.24706671858486892,378.0,Medium
2025-08-10,OO,4739,-0.24942317588400792,379.0,Medium
2025-08-10,UA,1069,-0.2514496128351388,380.0,Medium
2025-08-10,OO,5309,-0.2520443201384885,381.0,Medium
2025-08-10,UA,767,-0.2529299376455089,382.0,Medium
2025-08-10,UA,764,-0.25328773304944846,383.0,Medium
2025-08-10,UA,1270,-0.25342467392887,384.0,Medium
2025-08-10,UA,2424,-0.2545036033219703,385.0,Medium
2025-08-10,UA,1270,-0.25589120762544726,386.0,Medium
2025-08-10,UA,2182,-0.25597918430001226,387.0,Medium
2025-08-10,OO,5819,-0.25666203734838866,388.0,Medium
2025-08-10,UA,1100,-0.2581516258813055,389.0,Medium
2025-08-10,UA,2661,-0.25819187136944044,390.0,Medium
2025-08-10,UA,1594,-0.258667131432413,391.0,Medium
2025-08-10,UA,2075,-0.25915590008407063,392.0,Medium
2025-08-10,OO,5280,-0.2603694990049839,393.0,Medium
2025-08-10,G7,4610,-0.2625269677691766,394.0,Medium
2025-08-10,OO,5131,-0.26307726262724623,395.0,Medium
2025-08-10,OO,5626,-0.2646726652264158,396.0,Medium
2025-08-10,UA,1270,-0.26687251863174355,397.0,Medium
2025-08-10,G7,4588,-0.26746401982018625,398.0,Medium
2025-08-10,UA,1270,-0.26933905232832067,399.0,Medium
2025-08-10,UA,2497,-0.2693773058097973,400.0,Medium
2025-08-10,UA,1113,-0.2700980452533788,401.0,Medium
2025-08-10,OO,5836,-0.2718791721493955,402.0,Medium
2025-08-10,OO,5868,-0.2720370018084445,403.0,Medium
2025-08-10,OO,5763,-0.27314842621587276,404.0,Medium
2025-08-10,UA,1756,-0.27356951871534274,405.0,Medium
2025-08-10,G7,4554,-0.2757480939420036,406.0,Medium
2025-08-10,UA,445,-0.2764822904390218,407.0,Medium
2025-08-10,G7,4429,-0.2767895131890823,408.0,Medium
2025-08-10,UA,2226,-0.27679070628449337,409.0,Medium
2025-08-10,OO,5320,-0.2801389261099569,410.0,Medium
2025-08-10,OO,5568,-0.28130264110887443,411.0,Medium
2025-08-10,OO,5337,-0.28317407779581183,412.0,Medium
2025-08-10,OO,5125,-0.2866293793385819,413.0,Medium
2025-08-10,OO,5737,-0.28859313278153337,414.0,Medium
2025-08-10,UA,752,-0.2886004806679221,415.0,Medium
2025-08-10,UA,1803,-0.292035792928021,416.0,Medium
2025-08-10,OO,5593,-0.2959458859763632,417.0,Medium
2025-08-10,UA,1269,-0.30041646232761365,418.0,Medium
2025-08-10,G7,4491,-0.3024509216670866,419.0,Easy
2025-08-10,OO,4789,-0.30262125522690086,420.0,Easy
2025-08-10,OO,4766,-0.3074480773638025,421.0,Easy
2025-08-10,OO,5726,-0.3077721200035798,422.0,Easy
2025-08-10,YX,3718,-0.3097453272847251,423.0,Easy
2025-08-10,OO,5414,-0.31327451214660823,424.0,Easy
2025-08-10,UA,2672,-0.313919952332328,425.0,Easy
2025-08-10,OO,5859,-0.3141533844665952,426.0,Easy
2025-08-10,UA,1779,-0.31597018051498355,427.0,Easy
2025-08-10,UA,2640,-0.3162946545565273,428.0,Easy
2025-08-10,G7,4451,-0.3176639028155941,429.0,Easy
2025-08-10,UA,2243,-0.32422176071810727,430.0,Easy
2025-08-10,G7,4517,-0.3286706918610671,431.0,Easy
2025-08-10,YX,3601,-0.3336961661072183,432.0,Easy
2025-08-10,OO,5290,-0.3347220197559382,433.0,Easy
2025-08-10,OO,5420,-0.33764444816074285,434.0,Easy
2025-08-10,OO,5229,-0.33875931555011624,435.0,Easy
2025-08-10,OO,5138,-0.33919408130838896,436.0,Easy
2025-08-10,UA,288,-0.34021659031987805,437.0,Easy
2025-08-10,OO,5124,-0.3406172036329129,438.0,Easy
2025-08-10,G7,4468,-0.3409256932278972,439.0,Easy
2025-08-10,UA,714,-0.34272800796947034,440.0,Easy
2025-08-10,G7,4391,-0.34297668921448904,441.0,Easy
2025-08-10,UA,561,-0.34492725549445225,442.0,Easy
2025-08-10,UA,2414,-0.3457220215031052,443.0,Easy
2025-08-10,OO,5493,-0.34652232285552415,444.0,Easy
2025-08-10,YX,3433,-0.3465321440387744,445.0,Easy
2025-08-10,G7,4456,-0.3468247072821135,446.0,Easy
2025-08-10,OO,4791,-0.34743401027986265,447.0,Easy
2025-08-10,YX,3568,-0.34749934189164794,448.0,Easy
2025-08-10,UA,1583,-0.3483602301764468,449.0,Easy
2025-08-10,G7,4463,-0.3484199215222597,450.0,Easy
2025-08-10,OO,5219,-0.34861275732068836,451.0,Easy
2025-08-10,OO,5603,-0.3489542081255969,452.0,Easy
2025-08-10,OO,5353,-0.3496466973492908,453.0,Easy
2025-08-10,OO,5405,-0.35135173924375707,454.0,Easy
2025-08-10,UA,1941,-0.3519724980057266,455.0,Easy
2025-08-10,G7,4426,-0.352376860556399,456.0,Easy
2025-08-10,YX,3468,-0.35486533725901337,457.0,Easy
2025-08-10,OO,5538,-0.3568762448318304,458.0,Easy
2025-08-10,YX,3598,-0.3574365326901375,459.0,Easy
2025-08-10,YX,3551,-0.35826201731186147,460.0,Easy
2025-08-10,UA,2113,-0.3591652916914586,461.0,Easy
2025-08-10,UA,1525,-0.36182218257221926,462.0,Easy
2025-08-10,OO,5517,-0.3623399549884961,463.0,Easy
2025-08-10,OO,5968,-0.3674418305310439,464.0,Easy
2025-08-10,G7,4584,-0.3688452840767023,465.0,Easy
2025-08-10,OO,4636,-0.37240014697871526,466.0,Easy
2025-08-10,G7,4546,-0.37522387134257706,467.0,Easy
2025-08-10,UA,1531,-0.3770460685642414,468.0,Easy
2025-08-10,UA,2005,-0.37897819373155506,469.0,Easy
2025-08-10,UA,293,-0.37972579769999465,470.0,Easy
2025-08-10,YX,3638,-0.3818757182159009,471.0,Easy
2025-08-10,YX,3635,-0.38301503024690575,472.0,Easy
2025-08-10,UA,1413,-0.3848106007220451,473.0,Easy
2025-08-10,G7,4590,-0.385206702127733,474.0,Easy
2025-08-10,UA,1358,-0.3889430608622364,475.0,Easy
2025-08-10,OO,5099,-0.3894751953962723,476.0,Easy
2025-08-10,OO,5100,-0.39027242957190794,477.0,Easy
2025-08-10,G7,4519,-0.3949843655175551,478.0,Easy
2025-08-10,G7,4452,-0.39586724474185253,479.0,Easy
2025-08-10,G7,4494,-0.39794718292661396,480.0,Easy
2025-08-10,YX,3603,-0.4013915075798876,481.0,Easy
2025-08-10,UA,1077,-0.40630716211183177,482.0,Easy
2025-08-10,OO,5375,-0.40636821379908533,483.0,Easy
2025-08-10,YX,3668,-0.40993944669071414,484.0,Easy
2025-08-10,UA,1946,-0.41378339582566886,485.0,Easy
2025-08-10,G7,4568,-0.41839373790625484,486.0,Easy
2025-08-10,UA,1120,-0.4210194688713808,487.0,Easy
2025-08-10,OO,4638,-0.4251662103767122,488.0,Easy
2025-08-10,OO,5490,-0.4259705555911745,489.0,Easy
2025-08-10,YX,3654,-0.4304401442717831,490.0,Easy
2025-08-10,UA,2427,-0.43188285682375843,491.0,Easy
2025-08-10,OO,5472,-0.4321637265327226,492.0,Easy
2025-08-10,OO,5118,-0.43347177104516915,493.0,Easy
2025-08-10,UA,2104,-0.43433191859450143,494.0,Easy
2025-08-10,G7,4502,-0.43448225609459296,495.0,Easy
2025-08-10,YX,3523,-0.4381882829367842,496.0,Easy
2025-08-10,G7,4518,-0.43883910199018067,497.0,Easy
2025-08-10,UA,2865,-0.43987804005029263,498.0,Easy
2025-08-10,OO,5323,-0.4401708134644895,499.0,Easy
2025-08-10,OO,5526,-0.44206819809215,500.0,Easy
2025-08-10,YX,3610,-0.4440240533511387,501.0,Easy
2025-08-10,UA,587,-0.44748260867187684,502.0,Easy
2025-08-10,OO,5444,-0.4493193363170738,503.0,Easy
2025-08-10,UA,1778,-0.4545349423168658,504.0,Easy
2025-08-10,G7,4501,-0.45489024792943733,505.0,Easy
2025-08-10,G7,4599,-0.45519794798394914,506.0,Easy
2025-08-10,OO,4645,-0.4556909543571968,507.0,Easy
2025-08-10,YX,3628,-0.45665224875963484,508.0,Easy
2025-08-10,OO,5448,-0.4622755979008376,509.0,Easy
2025-08-10,G7,4479,-0.46309387135859187,510.0,Easy
2025-08-10,YX,3409,-0.46311015014309437,511.0,Easy
2025-08-10,OO,5610,-0.4653456212883537,512.0,Easy
2025-08-10,G7,4406,-0.46571885624430426,513.0,Easy
2025-08-10,YX,3536,-0.4684284036960474,514.0,Easy
2025-08-10,YX,3520,-0.46921888952608665,515.0,Easy
2025-08-10,OO,4792,-0.47135983909759327,516.0,Easy
2025-08-10,YX,3708,-0.47490062141518363,517.0,Easy
2025-08-10,UA,1657,-0.4770686209845707,518.0,Easy
2025-08-10,OO,5289,-0.47818156859170824,519.0,Easy
2025-08-10,UA,604,-0.47907310375942846,520.0,Easy
2025-08-10,OO,5253,-0.48008339328261357,521.0,Easy
2025-08-10,OO,5352,-0.48091909680325795,522.0,Easy
2025-08-10,G7,4445,-0.48737874273845716,523.0,Easy
2025-08-10,G7,4563,-0.48889113665348477,524.0,Easy
2025-08-10,OO,4778,-0.4911473187842624,525.0,Easy
2025-08-10,OO,5020,-0.4958077734756742,526.0,Easy
2025-08-10,OO,5646,-0.49919442210900566,527.0,Easy
2025-08-10,OO,5225,-0.5015155577056803,528.0,Easy
2025-08-10,G7,4552,-0.502795360370168,529.0,Easy
2025-08-10,OO,5652,-0.5088357799762064,530.0,Easy
2025-08-10,OO,5447,-0.5091684697892356,531.0,Easy
2025-08-10,OO,4748,-0.5091904054705851,532.0,Easy
2025-08-10,YX,3577,-0.5091922780517135,533.0,Easy
2025-08-10,YX,3498,-0.5147156062638764,534.0,Easy
2025-08-10,OO,5930,-0.5175135038803067,535.0,Easy
2025-08-10,G7,4461,-0.5182934374013964,536.0,Easy
2025-08-10,YX,3663,-0.5192822169786765,537.0,Easy
2025-08-10,OO,5135,-0.5217011217233665,538.0,Easy
2025-08-10,YX,3707,-0.5269687923285593,539.0,Easy
2025-08-10,YX,3464,-0.528655265504917,540.0,Easy
2025-08-10,UA,1377,-0.5327390504259052,541.0,Easy
2025-08-10,G7,4600,-0.5351799381949169,542.0,Easy
2025-08-10,G7,4574,-0.5372277477125703,543.0,Easy
2025-08-10,G7,4504,-0.5376174125841785,544.0,Easy
2025-08-10,G7,4549,-0.5393421850772754,545.0,Easy
2025-08-10,OO,5027,-0.5452160445139732,546.0,Easy
2025-08-10,G7,4436,-0.5475002563320458,547.0,Easy
2025-08-10,G7,4380,-0.5533371488228248,548.0,Easy
2025-08-10,UA,2232,-0.553704456744873,549.0,Easy
2025-08-10,G7,4395,-0.5911202227370632,550.0,Easy
2025-08-10,UA,1495,-0.5952541468634804,551.0,Easy
2025-08-10,OO,5140,-0.6300139696038142,552.0,Easy
2025-08-10,OO,5026,-0.6699332031045163,553.0,Easy
2025-08-10,OO,5051,-0.7070790015448929,554.0,Easy
2025-08-10,OO,5037,-0.7781986366104351,555.0,Easy
2025-08-10,OO,5121,-0.788371982263774,556.0,Easy
2025-08-10,OO,5136,-0.8237929219159037,557.0,Easy
2025-08-11,OO,5094,4.599838270196833,1.0,Difficult
2025-08-11,UA,972,4.481457881956371,2.0,Difficult
2025-08-11,G7,4590,3.003745816202312,3.0,Difficult
2025-08-11,OO,5469,2.714178172281031,4.0,Difficult
2025-08-11,UA,845,2.670409557885644,5.0,Difficult
2025-08-11,UA,1980,2.6481439923781864,6.0,Difficult
2025-08-11,OO,5538,2.5439420063797877,7.0,Difficult
2025-08-11,UA,422,2.5351110542834854,8.0,Difficult
2025-08-11,UA,953,2.4330937937024704,9.0,Difficult
2025-08-11,OO,5274,2.33321010086302,10.0,Difficult
2025-08-11,UA,909,2.2330566333790376,11.0,Difficult
2025-08-11,UA,980,2.07337491236487,12.0,Difficult
2025-08-11,OO,5382,1.6107862610037567,13.0,Difficult
2025-08-11,UA,1068,1.499868313824491,14.0,Difficult
2025-08-11,UA,2090,1.4408512317949522,15.0,Difficult
2025-08-11,UA,912,1.4100396107504511,16.0,Difficult
2025-08-11,UA,1273,1.3513784925567927,17.0,Difficult
2025-08-11,UA,660,1.339662683388139,18.0,Difficult
2025-08-11,UA,468,1.2451946573022759,19.0,Difficult
2025-08-11,UA,2465,1.2428410623460084,20.0,Difficult
2025-08-11,UA,1387,1.2252365239813083,21.0,Difficult
2025-08-11,UA,2652,1.1476620046803923,22.0,Difficult
2025-08-11,UA,622,1.1057982780601094,23.0,Difficult
2025-08-11,UA,1377,1.097642144462826,24.0,Difficult
2025-08-11,UA,2278,1.0687346571797178,25.0,Difficult
2025-08-11,UA,1599,1.012395796983149,26.0,Difficult
2025-08-11,UA,907,1.002749213587704,27.0,Difficult
2025-08-11,UA,1823,0.9728658336352034,28.0,Difficult
2025-08-11,UA,2154,0.9688233491222458,29.0,Difficult
2025-08-11,UA,611,0.9681324569687356,30.0,Difficult
2025-08-11,UA,944,0.9650345303899827,31.0,Difficult
2025-08-11,UA,1477,0.943057747460691,32.0,Difficult
2025-08-11,G7,4518,0.9399709432632064,33.0,Difficult
2025-08-11,UA,1740,0.9004705867708045,34.0,Difficult
2025-08-11,OO,5607,0.8307016736712222,35.0,Difficult
2025-08-11,UA,286,0.8183851731259472,36.0,Difficult
2025-08-11,UA,224,0.809202897156444,37.0,Difficult
2025-08-11,UA,1144,0.7744754367988783,38.0,Difficult
2025-08-11,UA,1584,0.7427602154507493,39.0,Difficult
2025-08-11,UA,2254,0.7378971991622215,40.0,Difficult
2025-08-11,UA,2182,0.7179287096665057,41.0,Difficult
2025-08-11,UA,533,0.7158984609352927,42.0,Difficult
2025-08-11,UA,2099,0.7106892970097394,43.0,Difficult
2025-08-11,OO,5930,0.6955848361433942,44.0,Difficult
2025-08-11,UA,669,0.6914195587113973,45.0,Difficult
2025-08-11,UA,1531,0.6875689151959984,46.0,Difficult
2025-08-11,UA,2004,0.6731261069662773,47.0,Difficult
2025-08-11,UA,881,0.6645770621775455,48.0,Difficult
2025-08-11,UA,1660,0.6564315043153776,49.0,Difficult
2025-08-11,UA,2389,0.6315888864536946,50.0,Difficult
2025-08-11,UA,2302,0.6211414148684515,51.0,Difficult
2025-08-11,YX,3536,0.6202074626644078,52.0,Difficult
2025-08-11,UA,1328,0.5973384553254073,53.0,Difficult
2025-08-11,UA,1239,0.5956522755025139,54.0,Difficult
2025-08-11,OO,5437,0.5925073535003922,55.0,Difficult
2025-08-11,UA,2280,0.5792073744661127,56.0,Difficult
2025-08-11,UA,2172,0.5740669300161235,57.0,Difficult
2025-08-11,UA,2665,0.5671506289049391,58.0,Difficult
2025-08-11,UA,1270,0.5575118653172154,59.0,Difficult
2025-08-11,UA,920,0.5331712147022607,60.0,Difficult
2025-08-11,UA,1252,0.5287523141317328,61.0,Difficult
2025-08-11,UA,1996,0.5265354749518604,62.0,Difficult
2025-08-11,UA,2067,0.5210881479033126,63.0,Difficult
2025-08-11,OO,5532,0.5117494685953532,64.0,Difficult
2025-08-11,UA,1306,0.5111465361066523,65.0,Difficult
2025-08-11,UA,1205,0.5110094789010938,66.0,Difficult
2025-08-11,UA,467,0.5034540358054663,67.0,Difficult
2025-08-11,OO,5136,0.5029672535766267,68.0,Difficult
2025-08-11,UA,1583,0.49317911320715296,69.0,Difficult
2025-08-11,UA,769,0.49309023869796736,70.0,Difficult
2025-08-11,UA,265,0.49189827304914324,71.0,Difficult
2025-08-11,UA,307,0.49140600123454503,72.0,Difficult
2025-08-11,UA,2323,0.4883158824009069,73.0,Difficult
2025-08-11,UA,411,0.48731531687538576,74.0,Difficult
2025-08-11,UA,729,0.4669463526601275,75.0,Difficult
2025-08-11,UA,1010,0.46434701698918035,76.0,Difficult
2025-08-11,UA,1564,0.45918363187164934,77.0,Difficult
2025-08-11,UA,1097,0.45361541482040324,78.0,Difficult
2025-08-11,UA,1761,0.4418109280668453,79.0,Difficult
2025-08-11,G7,4185,0.4399313802266222,80.0,Difficult
2025-08-11,UA,359,0.43869556406477445,81.0,Difficult
2025-08-11,G7,4474,0.4380777649327478,82.0,Difficult
2025-08-11,UA,1620,0.43267710075095545,83.0,Difficult
2025-08-11,UA,2494,0.42316608156088,84.0,Difficult
2025-08-11,UA,2862,0.41867168030761936,85.0,Difficult
2025-08-11,UA,1975,0.4135096912470375,86.0,Difficult
2025-08-11,UA,2394,0.40298146852564376,87.0,Difficult
2025-08-11,G7,4406,0.39835705119400755,88.0,Difficult
2025-08-11,UA,563,0.39048531371144,89.0,Difficult
2025-08-11,UA,219,0.38525648350693215,90.0,Difficult
2025-08-11,OO,5859,0.36880223009430524,91.0,Difficult
2025-08-11,UA,1983,0.3543230014341663,92.0,Difficult
2025-08-11,UA,1643,0.3537889754877991,93.0,Difficult
2025-08-11,OO,5577,0.35279271245221583,94.0,Difficult
2025-08-11,UA,2370,0.34417228958729873,95.0,Difficult
2025-08-11,G7,4481,0.3376872049311652,96.0,Difficult
2025-08-11,UA,2179,0.3357774563389217,97.0,Difficult
2025-08-11,UA,1304,0.335212298642241,98.0,Difficult
2025-08-11,UA,1198,0.3321590985744842,99.0,Difficult
2025-08-11,UA,2038,0.3291662814485496,100.0,Difficult
2025-08-11,UA,2426,0.3261846095914466,101.0,Difficult
2025-08-11,UA,1785,0.3246753677509141,102.0,Difficult
2025-08-11,OO,5380,0.3175912013437246,103.0,Difficult
2025-08-11,UA,791,0.3175154182848314,104.0,Difficult
2025-08-11,UA,2333,0.3173475272841504,105.0,Difficult
2025-08-11,UA,556,0.3074432913232989,106.0,Difficult
2025-08-11,UA,2361,0.29723808670731067,107.0,Difficult
2025-08-11,UA,2629,0.2937172050772834,108.0,Difficult
2025-08-11,UA,1776,0.2924218420607244,109.0,Difficult
2025-08-11,UA,3,0.29072638684978297,110.0,Difficult
2025-08-11,UA,503,0.2902079890877942,111.0,Difficult
2025-08-11,OO,5601,0.2881520334999366,112.0,Difficult
2025-08-11,UA,609,0.28618171035650125,113.0,Difficult
2025-08-11,UA,378,0.2804911098066416,114.0,Difficult
2025-08-11,UA,1872,0.28007899258736724,115.0,Difficult
2025-08-11,YX,3440,0.2798871758563147,116.0,Difficult
2025-08-11,UA,1224,0.27973009296607576,117.0,Difficult
2025-08-11,UA,2039,0.27799233878320767,118.0,Difficult
2025-08-11,UA,1124,0.2733477495493652,119.0,Difficult
2025-08-11,UA,1168,0.26940866712691824,120.0,Difficult
2025-08-11,OO,5353,0.25868366287302297,121.0,Difficult
2025-08-11,OO,5362,0.2582347003983854,122.0,Difficult
2025-08-11,UA,1044,0.25493403389821134,123.0,Difficult
2025-08-11,UA,2189,0.24683378009585127,124.0,Difficult
2025-08-11,UA,2672,0.24588302709180582,125.0,Difficult
2025-08-11,UA,1989,0.2363245005834973,126.0,Difficult
2025-08-11,UA,1834,0.2227031812021862,127.0,Difficult
2025-08-11,G7,4391,0.22243693701491188,128.0,Difficult
2025-08-11,UA,2113,0.22222409516379252,129.0,Difficult
2025-08-11,UA,247,0.21796418117659774,130.0,Difficult
2025-08-11,UA,118,0.21776109068163002,131.0,Difficult
2025-08-11,UA,600,0.2153868890148421,132.0,Difficult
2025-08-11,UA,1801,0.21046618572069567,133.0,Difficult
2025-08-11,OO,5631,0.20930769636583121,134.0,Difficult
2025-08-11,UA,2008,0.2065038617817411,135.0,Difficult
2025-08-11,UA,2155,0.20558633548921473,136.0,Difficult
2025-08-11,UA,1316,0.19791717239479595,137.0,Difficult
2025-08-11,UA,1857,0.19542185740971837,138.0,Difficult
2025-08-11,UA,786,0.193100464048757,139.0,Difficult
2025-08-11,UA,2683,0.1929796327955237,140.0,Difficult
2025-08-11,UA,276,0.18385411058581577,141.0,Difficult
2025-08-11,UA,929,0.18078176550204034,142.0,Difficult
2025-08-11,UA,1576,0.18011725993348932,143.0,Difficult
2025-08-11,UA,310,0.1779469741289127,144.0,Medium
2025-08-11,UA,763,0.17697961617644556,145.0,Medium
2025-08-11,UA,1335,0.17284606603708172,146.0,Medium
2025-08-11,OO,5729,0.1713423449168997,147.0,Medium
2025-08-11,OO,5988,0.16843847780172216,148.0,Medium
2025-08-11,UA,2211,0.16631679424077034,149.0,Medium
2025-08-11,UA,1314,0.15662571041373302,150.0,Medium
2025-08-11,UA,1182,0.15642655505625713,151.0,Medium
2025-08-11,OO,5536,0.15254433887590726,152.0,Medium
2025-08-11,UA,576,0.15106570275228282,153.0,Medium
2025-08-11,UA,2649,0.14899616534910148,154.0,Medium
2025-08-11,UA,1077,0.13619515183549055,155.0,Medium
2025-08-11,UA,1398,0.1304536481365533,156.0,Medium
2025-08-11,UA,1363,0.12906949579136284,157.0,Medium
2025-08-11,UA,2666,0.12761288089834058,158.0,Medium
2025-08-11,UA,1659,0.12342254161984015,159.0,Medium
2025-08-11,UA,970,0.1193124715816388,160.0,Medium
2025-08-11,UA,602,0.11685972958097315,161.0,Medium
2025-08-11,UA,2226,0.11543124566066604,162.0,Medium
2025-08-11,UA,2378,0.11053773749421097,163.0,Medium
2025-08-11,UA,2075,0.1093463052404106,164.0,Medium
2025-08-11,UA,1899,0.10206407229251799,165.0,Medium
2025-08-11,UA,1803,0.0938744684248598,166.0,Medium
2025-08-11,UA,1658,0.09169967254479089,167.0,Medium
2025-08-11,UA,2005,0.08896550640188361,168.0,Medium
2025-08-11,OO,4636,0.0876684033031429,169.0,Medium
2025-08-11,UA,2040,0.08028743692823467,170.0,Medium
2025-08-11,UA,349,0.0753512737619207,171.0,Medium
2025-08-11,UA,2440,0.07460988565177605,172.0,Medium
2025-08-11,UA,380,0.0692201802452112,173.0,Medium
2025-08-11,UA,1358,0.06782595189921047,174.0,Medium
2025-08-11,UA,561,0.06510257657950375,175.0,Medium
2025-08-11,UA,1775,0.061239429314871315,176.0,Medium
2025-08-11,G7,4574,0.0591126483290568,177.0,Medium
2025-08-11,UA,1923,0.05887111799153589,178.0,Medium
2025-08-11,UA,1538,0.05803517139162073,179.0,Medium
2025-08-11,UA,1082,0.05228561351300875,180.0,Medium
2025-08-11,UA,1347,0.051692024280555755,181.0,Medium
2025-08-11,UA,2483,0.05023242865339526,182.0,Medium
2025-08-11,UA,2201,0.0483723020550058,183.0,Medium
2025-08-11,UA,1742,0.04358681286251878,184.0,Medium
2025-08-11,UA,1848,0.04316798589272524,185.0,Medium
2025-08-11,UA,1594,0.040893341616203775,186.0,Medium
2025-08-11,UA,2481,0.03994894760979328,187.0,Medium
2025-08-11,UA,987,0.03392440416379472,188.0,Medium
2025-08-11,UA,1878,0.03353600506734767,189.0,Medium
2025-08-11,UA,1215,0.03169687875811077,190.0,Medium
2025-08-11,UA,2385,0.030616014404068373,191.0,Medium
2025-08-11,UA,2684,0.027236065558251976,192.0,Medium
2025-08-11,UA,2691,0.019483782168743892,193.0,Medium
2025-08-11,UA,2133,0.018082274824400904,194.0,Medium
2025-08-11,G7,4599,0.013252268181864,195.0,Medium
2025-08-11,UA,1361,0.011611114434212581,196.0,Medium
2025-08-11,UA,1178,0.011462603882728156,197.0,Medium
2025-08-11,UA,1139,0.009275615964627342,198.0,Medium
2025-08-11,UA,1657,0.007413139145866601,199.0,Medium
2025-08-11,UA,1634,0.006789220985926492,200.0,Medium
2025-08-11,UA,2616,0.004995188413909394,201.0,Medium
2025-08-11,UA,1577,0.00212575947851687,202.0,Medium
2025-08-11,UA,580,0.0011935839247941143,203.0,Medium
2025-08-11,UA,1708,0.0010735840110108336,204.0,Medium
2025-08-11,UA,2430,-0.0051216791674395246,205.0,Medium
2025-08-11,UA,2417,-0.0051409333263678775,206.0,Medium
2025-08-11,UA,1710,-0.006653877748149923,207.0,Medium
2025-08-11,UA,445,-0.006884997458849629,208.0,Medium
2025-08-11,UA,1492,-0.008219272469647862,209.0,Medium
2025-08-11,UA,1779,-0.00960495419258145,210.0,Medium
2025-08-11,UA,758,-0.01947840454364836,211.0,Medium
2025-08-11,UA,2290,-0.020861894830596556,212.0,Medium
2025-08-11,OO,5699,-0.02228095131866962,213.0,Medium
2025-08-11,UA,1933,-0.02313047454706277,214.0,Medium
2025-08-11,YX,3433,-0.024270696353019035,215.0,Medium
2025-08-11,OO,5320,-0.025047905576317177,216.0,Medium
2025-08-11,UA,2418,-0.0256829973841939,217.0,Medium
2025-08-11,UA,1403,-0.02581969013330596,218.0,Medium
2025-08-11,UA,1209,-0.026790168797622,219.0,Medium
2025-08-11,UA,1655,-0.029795318253887572,220.0,Medium
2025-08-11,G7,4389,-0.030457111030097333,221.0,Medium
2025-08-11,UA,1974,-0.0342185958199554,222.0,Medium
2025-08-11,UA,2653,-0.038797809200789006,223.0,Medium
2025-08-11,UA,1485,-0.04030649527200151,224.0,Medium
2025-08-11,OO,5610,-0.04047884555178426,225.0,Medium
2025-08-11,YX,3421,-0.046925704352785265,226.0,Medium
2025-08-11,OO,5915,-0.04759785371810099,227.0,Medium
2025-08-11,UA,2147,-0.05031119075126574,228.0,Medium
2025-08-11,OO,5314,-0.05079210558368085,229.0,Medium
2025-08-11,UA,938,-0.059552720825898256,230.0,Medium
2025-08-11,UA,2414,-0.06074386225154159,231.0,Medium
2025-08-11,UA,1502,-0.06518472683027551,232.0,Medium
2025-08-11,UA,2424,-0.06714636937306322,233.0,Medium
2025-08-11,YX,3718,-0.06807835410423575,234.0,Medium
2025-08-11,YX,3694,-0.07162560987712131,235.0,Medium
2025-08-11,UA,416,-0.07251665679183697,236.0,Medium
2025-08-11,UA,2225,-0.07542407945309884,237.0,Medium
2025-08-11,UA,1616,-0.0764440557028069,238.0,Medium
2025-08-11,OO,5836,-0.07714029128909855,239.0,Medium
2025-08-11,UA,1967,-0.07744699424767287,240.0,Medium
2025-08-11,UA,1741,-0.07774448843369014,241.0,Medium
2025-08-11,UA,714,-0.08059991617504997,242.0,Medium
2025-08-11,UA,1324,-0.08131787415437655,243.0,Medium
2025-08-11,UA,1842,-0.08222467728866902,244.0,Medium
2025-08-11,UA,767,-0.08323656574148527,245.0,Medium
2025-08-11,G7,4452,-0.08448292555477943,246.0,Medium
2025-08-11,OO,5819,-0.08461843456611595,247.0,Medium
2025-08-11,UA,2137,-0.08481158254327709,248.0,Medium
2025-08-11,UA,739,-0.08641446106784612,249.0,Medium
2025-08-11,YX,3628,-0.09004133359315386,250.0,Medium
2025-08-11,OO,5521,-0.09081680963642033,251.0,Medium
2025-08-11,UA,1905,-0.09122109767477918,252.0,Medium
2025-08-11,OO,5847,-0.0931961290971175,253.0,Medium
2025-08-11,OO,5868,-0.09571920553283583,254.0,Medium
2025-08-11,G7,4571,-0.0962489584701857,255.0,Medium
2025-08-11,UA,1617,-0.1013364520965317,256.0,Medium
2025-08-11,UA,2658,-0.10469621638530716,257.0,Medium
2025-08-11,OO,5103,-0.1087124322923885,258.0,Medium
2025-08-11,UA,1448,-0.11065699929648784,259.0,Medium
2025-08-11,YX,3610,-0.1116703195910799,260.0,Medium
2025-08-11,UA,1815,-0.11217653934838764,261.0,Medium
2025-08-11,OO,5821,-0.11369385883579938,262.0,Medium
2025-08-11,OO,5446,-0.11468453167018054,263.0,Medium
2025-08-11,OO,5395,-0.11712681894564335,264.0,Medium
2025-08-11,UA,2677,-0.11843830981841483,265.0,Medium
2025-08-11,UA,2011,-0.12078548964916032,266.0,Medium
2025-08-11,UA,291,-0.12369610785663662,267.0,Medium
2025-08-11,G7,4613,-0.12472761878633662,268.0,Medium
2025-08-11,OO,5517,-0.13239712448649568,269.0,Medium
2025-08-11,UA,617,-0.13650384085936598,270.0,Medium
2025-08-11,YX,3402,-0.1370659425614371,271.0,Medium
2025-08-11,UA,2661,-0.1382101098605678,272.0,Medium
2025-08-11,OO,4712,-0.140873790564348,273.0,Medium
2025-08-11,UA,1421,-0.14324241292610282,274.0,Medium
2025-08-11,OO,4766,-0.14498212757497772,275.0,Medium
2025-08-11,UA,695,-0.14600708509248528,276.0,Medium
2025-08-11,UA,399,-0.14791818524465397,277.0,Medium
2025-08-11,OO,5420,-0.14829747609752378,278.0,Medium
2025-08-11,YX,3520,-0.15058530747811147,279.0,Medium
2025-08-11,UA,293,-0.15393144140820336,280.0,Medium
2025-08-11,UA,2138,-0.15428851549185166,281.0,Medium
2025-08-11,UA,1269,-0.15526125129643586,282.0,Medium
2025-08-11,YX,3569,-0.15537710054231554,283.0,Medium
2025-08-11,UA,1830,-0.15543088402594835,284.0,Medium
2025-08-11,UA,2640,-0.15914265477924025,285.0,Medium
2025-08-11,OO,5637,-0.15965126925448894,286.0,Medium
2025-08-11,UA,2337,-0.16181567643797623,287.0,Medium
2025-08-11,G7,4501,-0.1620660436731765,288.0,Medium
2025-08-11,G7,4468,-0.16415448145006795,289.0,Medium
2025-08-11,UA,2251,-0.16552398369415952,290.0,Medium
2025-08-11,G7,4186,-0.16637370911783605,291.0,Medium
2025-08-11,OO,5405,-0.16647505297418286,292.0,Medium
2025-08-11,UA,1113,-0.16798954844228164,293.0,Medium
2025-08-11,UA,2195,-0.16849486939831143,294.0,Medium
2025-08-11,G7,4542,-0.16998121056675208,295.0,Medium
2025-08-11,UA,1030,-0.17248680079916215,296.0,Medium
2025-08-11,OO,5505,-0.17338119110330708,297.0,Medium
2025-08-11,YX,3468,-0.1778333746417799,298.0,Medium
2025-08-11,OO,5392,-0.17931932511504461,299.0,Medium
2025-08-11,UA,312,-0.17945119268643642,300.0,Medium
2025-08-11,UA,2100,-0.18393623431082748,301.0,Medium
2025-08-11,OO,5964,-0.18394924255572512,302.0,Medium
2025-08-11,OO,5608,-0.1845833723345853,303.0,Medium
2025-08-11,G7,4491,-0.18894759259172633,304.0,Medium
2025-08-11,OO,5963,-0.19070464297328713,305.0,Medium
2025-08-11,UA,2865,-0.19186868374733546,306.0,Medium
2025-08-11,G7,4476,-0.19328811845558788,307.0,Medium
2025-08-11,UA,2148,-0.1935522844856155,308.0,Medium
2025-08-11,UA,374,-0.19396699088834513,309.0,Medium
2025-08-11,UA,2177,-0.195251589049789,310.0,Medium
2025-08-11,OO,5360,-0.19582060203769108,311.0,Medium
2025-08-11,OO,5557,-0.19630020642392104,312.0,Medium
2025-08-11,UA,793,-0.1969862454681813,313.0,Medium
2025-08-11,OO,5337,-0.1969933695168578,314.0,Medium
2025-08-11,UA,1100,-0.19932518326837861,315.0,Medium
2025-08-11,UA,1811,-0.19936013991748935,316.0,Medium
2025-08-11,UA,777,-0.1997162445744796,317.0,Medium
2025-08-11,UA,2387,-0.20090555236480884,318.0,Medium
2025-08-11,UA,1920,-0.20116658898127326,319.0,Medium
2025-08-11,UA,2657,-0.20301262705521508,320.0,Medium
2025-08-11,UA,490,-0.20435239667740138,321.0,Medium
2025-08-11,UA,481,-0.20459016726213003,322.0,Medium
2025-08-11,G7,4429,-0.206634527305207,323.0,Medium
2025-08-11,UA,721,-0.20775707803783053,324.0,Medium
2025-08-11,YX,3523,-0.20840181497909294,325.0,Medium
2025-08-11,UA,2104,-0.21644401471619,326.0,Medium
2025-08-11,G7,4517,-0.21699631746652995,327.0,Medium
2025-08-11,UA,1859,-0.22014416790029287,328.0,Medium
2025-08-11,UA,1941,-0.22220512496648062,329.0,Medium
2025-08-11,YX,3655,-0.22307880827319637,330.0,Medium
2025-08-11,UA,2364,-0.22399497482277317,331.0,Medium
2025-08-11,UA,1006,-0.2267481572713871,332.0,Medium
2025-08-11,OO,5253,-0.22692022031609843,333.0,Medium
2025-08-11,UA,2200,-0.23121264454932833,334.0,Medium
2025-08-11,UA,1851,-0.2400203996128899,335.0,Medium
2025-08-11,G7,4431,-0.24039676359168122,336.0,Medium
2025-08-11,OO,5447,-0.24192281157314074,337.0,Medium
2025-08-11,OO,5118,-0.24208694778929019,338.0,Medium
2025-08-11,UA,2243,-0.24336756490310368,339.0,Medium
2025-08-11,OO,5427,-0.24463782624973032,340.0,Medium
2025-08-11,UA,534,-0.2464148043734619,341.0,Medium
2025-08-11,UA,2618,-0.24731946774277333,342.0,Medium
2025-08-11,OO,5250,-0.2473377687975274,343.0,Medium
2025-08-11,UA,288,-0.24770084906762635,344.0,Medium
2025-08-11,OO,4809,-0.24997907289065427,345.0,Medium
2025-08-11,OO,5874,-0.25361026534521947,346.0,Medium
2025-08-11,UA,1413,-0.25414880354799896,347.0,Medium
2025-08-11,UA,2202,-0.2542827584179185,348.0,Medium
2025-08-11,UA,2369,-0.25566391781061537,349.0,Medium
2025-08-11,OO,5763,-0.2565863875729014,350.0,Medium
2025-08-11,UA,2092,-0.25680771091963017,351.0,Medium
2025-08-11,UA,2144,-0.2581764626212099,352.0,Medium
2025-08-11,UA,2329,-0.26385474171758405,353.0,Medium
2025-08-11,OO,5565,-0.26631231794114546,354.0,Medium
2025-08-11,UA,343,-0.2669547086498777,355.0,Medium
2025-08-11,OO,5474,-0.26718588901705725,356.0,Medium
2025-08-11,OO,4645,-0.26738261526147433,357.0,Medium
2025-08-11,YX,3668,-0.2681957761966582,358.0,Medium
2025-08-11,UA,1612,-0.2690281693731874,359.0,Medium
2025-08-11,UA,1156,-0.27053105722249793,360.0,Medium
2025-08-11,OO,5603,-0.2713080954762011,361.0,Medium
2025-08-11,OO,5999,-0.2725785424079632,362.0,Medium
2025-08-11,OO,5140,-0.2749552287651729,363.0,Medium
2025-08-11,UA,664,-0.27805955188522985,364.0,Medium
2025-08-11,OO,5051,-0.2799172039387257,365.0,Medium
2025-08-11,UA,2071,-0.2799226171482173,366.0,Medium
2025-08-11,G7,4461,-0.2799638643337408,367.0,Medium
2025-08-11,UA,587,-0.2800743985467954,368.0,Medium
2025-08-11,YX,3614,-0.2802353642413088,369.0,Medium
2025-08-11,G7,4546,-0.2833641376593254,370.0,Medium
2025-08-11,OO,5810,-0.2834344642840371,371.0,Medium
2025-08-11,YX,3716,-0.28626606410204697,372.0,Medium
2025-08-11,UA,275,-0.28658192833343804,373.0,Medium
2025-08-11,G7,4425,-0.2873394627791951,374.0,Medium
2025-08-11,OO,4748,-0.2891696201788053,375.0,Medium
2025-08-11,G7,4380,-0.2906993585027578,376.0,Medium
2025-08-11,UA,2343,-0.2907807861250338,377.0,Medium
2025-08-11,G7,4588,-0.2911230925011895,378.0,Medium
2025-08-11,OO,5230,-0.2913253357892817,379.0,Medium
2025-08-11,OO,5833,-0.2913536266153671,380.0,Medium
2025-08-11,OO,5038,-0.2913568521837726,381.0,Medium
2025-08-11,OO,4789,-0.29187535302594825,382.0,Medium
2025-08-11,G7,4416,-0.2921219663264387,383.0,Medium
2025-08-11,G7,4610,-0.29231528207165397,384.0,Medium
2025-08-11,UA,1778,-0.2924631491598906,385.0,Medium
2025-08-11,YX,3525,-0.2944751473898549,386.0,Medium
2025-08-11,YX,3638,-0.299484532409987,387.0,Medium
2025-08-11,OO,5852,-0.3005395844340806,388.0,Medium
2025-08-11,UA,592,-0.30105440377230097,389.0,Medium
2025-08-11,UA,1414,-0.3052432921177622,390.0,Medium
2025-08-11,OO,5225,-0.3082179977375321,391.0,Medium
2025-08-11,YX,3663,-0.3107051616523242,392.0,Medium
2025-08-11,G7,4387,-0.31227025960408294,393.0,Medium
2025-08-11,OO,5269,-0.314369419093613,394.0,Medium
2025-08-11,UA,2347,-0.3160830423349247,395.0,Medium
2025-08-11,OO,5748,-0.31608782564437593,396.0,Medium
2025-08-11,UA,2207,-0.31834474544810215,397.0,Medium
2025-08-11,OO,5731,-0.32065117883690275,398.0,Medium
2025-08-11,OO,5344,-0.32297528740373366,399.0,Medium
2025-08-11,UA,2497,-0.32363156457575026,400.0,Medium
2025-08-11,OO,5624,-0.32397238565110525,401.0,Medium
2025-08-11,OO,5292,-0.3253085701476198,402.0,Medium
2025-08-11,OO,5593,-0.3301755870865415,403.0,Medium
2025-08-11,OO,5352,-0.3311266563665648,404.0,Medium
2025-08-11,OO,5795,-0.3316126846741917,405.0,Medium
2025-08-11,OO,5448,-0.3316788876042241,406.0,Medium
2025-08-11,OO,5646,-0.33263403770198957,407.0,Medium
2025-08-11,UA,2106,-0.3331839954081808,408.0,Medium
2025-08-11,G7,4529,-0.33414563172191764,409.0,Medium
2025-08-11,G7,4519,-0.3343153058882438,410.0,Medium
2025-08-11,YX,3601,-0.3349040191816357,411.0,Medium
2025-08-11,OO,5398,-0.33552373039060956,412.0,Medium
2025-08-11,OO,5124,-0.3363551401714485,413.0,Medium
2025-08-11,OO,5376,-0.33738172569590846,414.0,Medium
2025-08-11,UA,1069,-0.33755506213547887,415.0,Medium
2025-08-11,UA,2487,-0.337682721532934,416.0,Medium
2025-08-11,YX,3603,-0.3394365565472621,417.0,Medium
2025-08-11,G7,4584,-0.3403337692020629,418.0,Medium
2025-08-11,OO,5841,-0.341704445794167,419.0,Medium
2025-08-11,UA,356,-0.341719648965714,420.0,Medium
2025-08-11,UA,2628,-0.3434071591172209,421.0,Medium
2025-08-11,OO,5499,-0.34409969717642463,422.0,Medium
2025-08-11,OO,5131,-0.3480157197190042,423.0,Medium
2025-08-11,G7,4559,-0.34821802679326436,424.0,Medium
2025-08-11,UA,1297,-0.34837496387394346,425.0,Medium
2025-08-11,G7,4188,-0.3493284098584344,426.0,Medium
2025-08-11,OO,5414,-0.35020278892075035,427.0,Medium
2025-08-11,G7,4458,-0.3519913451842234,428.0,Easy
2025-08-11,UA,1525,-0.35204340706706805,429.0,Easy
2025-08-11,UA,1793,-0.35205095920437623,430.0,Easy
2025-08-11,OO,5026,-0.35898722105757946,431.0,Easy
2025-08-11,YX,3571,-0.35916123134077405,432.0,Easy
2025-08-11,OO,5534,-0.3604166910646241,433.0,Easy
2025-08-11,YX,3708,-0.3613610191091488,434.0,Easy
2025-08-11,G7,4549,-0.36140056981766844,435.0,Easy
2025-08-11,OO,5290,-0.3627998047632001,436.0,Easy
2025-08-11,UA,1832,-0.3636936228631971,437.0,Easy
2025-08-11,OO,5125,-0.36542323970673957,438.0,Easy
2025-08-11,OO,5843,-0.3672841283520432,439.0,Easy
2025-08-11,UA,466,-0.3704431465094111,440.0,Easy
2025-08-11,UA,1946,-0.3714165264737854,441.0,Easy
2025-08-11,UA,1381,-0.3723490674100598,442.0,Easy
2025-08-11,G7,4504,-0.3731286552374828,443.0,Easy
2025-08-11,OO,5568,-0.37449324031797326,444.0,Easy
2025-08-11,G7,4426,-0.37515701060429263,445.0,Easy
2025-08-11,UA,1129,-0.3752402499602469,446.0,Easy
2025-08-11,UA,708,-0.37641827677410833,447.0,Easy
2025-08-11,YX,3568,-0.37645811688764763,448.0,Easy
2025-08-11,OO,5493,-0.3766150030185253,449.0,Easy
2025-08-11,UA,2609,-0.3770734550810421,450.0,Easy
2025-08-11,UA,1756,-0.37759103553513246,451.0,Easy
2025-08-11,OO,4638,-0.37792114932301785,452.0,Easy
2025-08-11,OO,5444,-0.37849692414775843,453.0,Easy
2025-08-11,G7,4502,-0.3796506311863094,454.0,Easy
2025-08-11,UA,752,-0.3805671634699427,455.0,Easy
2025-08-11,YX,3654,-0.3808251069474403,456.0,Easy
2025-08-11,G7,4173,-0.3809348814842881,457.0,Easy
2025-08-11,UA,2059,-0.38260506164462343,458.0,Easy
2025-08-11,YX,3685,-0.38410648920353063,459.0,Easy
2025-08-11,UA,764,-0.3865514484060753,460.0,Easy
2025-08-11,UA,1580,-0.3876330293887886,461.0,Easy
2025-08-11,OO,5948,-0.3916029456325358,462.0,Easy
2025-08-11,UA,2427,-0.3918590800401633,463.0,Easy
2025-08-11,OO,5108,-0.3929553831873789,464.0,Easy
2025-08-11,YX,3409,-0.3940847229972711,465.0,Easy
2025-08-11,UA,1677,-0.39605068309675734,466.0,Easy
2025-08-11,YX,3464,-0.39645096932973833,467.0,Easy
2025-08-11,OO,5275,-0.39734295145331994,468.0,Easy
2025-08-11,UA,1041,-0.39753658461088476,469.0,Easy
2025-08-11,OO,5668,-0.3986006828134926,470.0,Easy
2025-08-11,UA,476,-0.4042779338280756,471.0,Easy
2025-08-11,YX,3551,-0.4058893799045282,472.0,Easy
2025-08-11,UA,1693,-0.4066013900903925,473.0,Easy
2025-08-11,OO,5984,-0.40678975174095655,474.0,Easy
2025-08-11,YX,3635,-0.41044261072008253,475.0,Easy
2025-08-11,OO,5564,-0.4111034711616496,476.0,Easy
2025-08-11,UA,2232,-0.41116699901254966,477.0,Easy
2025-08-11,OO,5021,-0.41171136180819745,478.0,Easy
2025-08-11,YX,3451,-0.4143938020035541,479.0,Easy
2025-08-11,OO,4739,-0.41905378742739924,480.0,Easy
2025-08-11,G7,4395,-0.420880898989504,481.0,Easy
2025-08-11,OO,5375,-0.4231267791320499,482.0,Easy
2025-08-11,OO,4792,-0.42604338433213074,483.0,Easy
2025-08-11,OO,5435,-0.426900516522137,484.0,Easy
2025-08-11,OO,5280,-0.42763764289950745,485.0,Easy
2025-08-11,OO,5229,-0.4291387544203608,486.0,Easy
2025-08-11,OO,5726,-0.43097225422260443,487.0,Easy
2025-08-11,UA,2635,-0.43304983601931824,488.0,Easy
2025-08-11,OO,5383,-0.43355404767352895,489.0,Easy
2025-08-11,YX,3465,-0.436666849361752,490.0,Easy
2025-08-11,OO,5712,-0.43762356627881505,491.0,Easy
2025-08-11,YX,3690,-0.43826474791028347,492.0,Easy
2025-08-11,UA,1909,-0.43835973618133106,493.0,Easy
2025-08-11,UA,1491,-0.44140927813231157,494.0,Easy
2025-08-11,G7,4611,-0.4431975443968434,495.0,Easy
2025-08-11,UA,1301,-0.4453881118460028,496.0,Easy
2025-08-11,YX,3498,-0.448534580725663,497.0,Easy
2025-08-11,G7,4184,-0.44922853614983044,498.0,Easy
2025-08-11,OO,5045,-0.4526885755355828,499.0,Easy
2025-08-11,YX,3696,-0.45494934836201373,500.0,Easy
2025-08-11,OO,5652,-0.4563245640861535,501.0,Easy
2025-08-11,OO,5260,-0.4565497913963129,502.0,Easy
2025-08-11,OO,4780,-0.4574728790914882,503.0,Easy
2025-08-11,OO,5790,-0.4592579725309773,504.0,Easy
2025-08-11,G7,4530,-0.46003179917139647,505.0,Easy
2025-08-11,OO,5262,-0.4686425497035015,506.0,Easy
2025-08-11,OO,5555,-0.46907933524145734,507.0,Easy
2025-08-11,G7,4390,-0.4698948955101442,508.0,Easy
2025-08-11,YX,3700,-0.4712147872695448,509.0,Easy
2025-08-11,G7,4436,-0.473110597109914,510.0,Easy
2025-08-11,YX,3604,-0.47314249162872857,511.0,Easy
2025-08-11,UA,2488,-0.4741845666126281,512.0,Easy
2025-08-11,OO,5358,-0.47446050443230137,513.0,Easy
2025-08-11,G7,4194,-0.4774562100501654,514.0,Easy
2025-08-11,OO,5470,-0.4779562350332578,515.0,Easy
2025-08-11,OO,5977,-0.47881378722164836,516.0,Easy
2025-08-11,OO,5289,-0.47963257495477746,517.0,Easy
2025-08-11,OO,5526,-0.4855371938857841,518.0,Easy
2025-08-11,OO,5099,-0.48605209809013417,519.0,Easy
2025-08-11,G7,4585,-0.486942932887722,520.0,Easy
2025-08-11,OO,5946,-0.4898311550751462,521.0,Easy
2025-08-11,YX,3641,-0.4906387530745695,522.0,Easy
2025-08-11,UA,2455,-0.4910437546798696,523.0,Easy
2025-08-11,OO,5215,-0.4927322323255032,524.0,Easy
2025-08-11,OO,4791,-0.4932572871746304,525.0,Easy
2025-08-11,OO,5219,-0.4934486278655176,526.0,Easy
2025-08-11,G7,4445,-0.49820006761459074,527.0,Easy
2025-08-11,YX,3542,-0.49858490898148944,528.0,Easy
2025-08-11,OO,5901,-0.4994045155675956,529.0,Easy
2025-08-11,OO,4778,-0.5008944967058354,530.0,Easy
2025-08-11,G7,4558,-0.5040559698389825,531.0,Easy
2025-08-11,YX,3707,-0.505290837797931,532.0,Easy
2025-08-11,OO,5100,-0.5058572036836165,533.0,Easy
2025-08-11,G7,4484,-0.5077735808608321,534.0,Easy
2025-08-11,G7,4482,-0.5135475379100801,535.0,Easy
2025-08-11,G7,4554,-0.5180254178410546,536.0,Easy
2025-08-11,G7,4552,-0.5180896122184215,537.0,Easy
2025-08-11,OO,5122,-0.5185001508746024,538.0,Easy
2025-08-11,OO,5585,-0.5246519440720836,539.0,Easy
2025-08-11,G7,4600,-0.530370734072211,540.0,Easy
2025-08-11,YX,3535,-0.5307406374908044,541.0,Easy
2025-08-11,G7,4563,-0.5338590569075817,542.0,Easy
2025-08-11,G7,4482,-0.5354825240480676,543.0,Easy
2025-08-11,G7,4482,-0.5389389495718062,544.0,Easy
2025-08-11,OO,5037,-0.543811247497573,545.0,Easy
2025-08-11,G7,4568,-0.5447823531657691,546.0,Easy
2025-08-11,OO,5138,-0.5461155389825059,547.0,Easy
2025-08-11,UA,482,-0.5549851598307789,548.0,Easy
2025-08-11,OO,5251,-0.5552301040143889,549.0,Easy
2025-08-11,G7,4482,-0.5608739357097936,550.0,Easy
2025-08-11,OO,5251,-0.5615779569298204,551.0,Easy
2025-08-11,OO,5309,-0.5618819088384311,552.0,Easy
2025-08-11,YX,3493,-0.5640734978982161,553.0,Easy
2025-08-11,OO,5234,-0.5641979699323679,554.0,Easy
2025-08-11,UA,1641,-0.5677752586537691,555.0,Easy
2025-08-11,G7,4597,-0.5693320910632154,556.0,Easy
2025-08-11,G7,4597,-0.5693320910632154,556.0,Easy
2025-08-11,OO,5737,-0.5796547232962596,558.0,Easy
2025-08-11,OO,5272,-0.5921801989856343,559.0,Easy
2025-08-11,YX,3598,-0.5926027104086802,560.0,Easy
2025-08-11,OO,5695,-0.6021719554606968,561.0,Easy
2025-08-11,G7,4507,-0.6033273978767707,562.0,Easy
2025-08-11,G7,4597,-0.6067505968280176,563.0,Easy
2025-08-11,G7,4597,-0.6067505968280176,563.0,Easy
2025-08-11,OO,5643,-0.6262839627324354,565.0,Easy
2025-08-11,OO,5135,-0.6534285652383511,566.0,Easy
2025-08-11,UA,1495,-0.6702698768599551,567.0,Easy
2025-08-11,OO,5020,-0.7521497650055106,568.0,Easy
2025-08-11,OO,5121,-0.767902123527324,569.0,Easy
2025-08-11,OO,5027,-0.8158830350035413,570.0,Easy
2025-08-12,OO,5577,5.373333998400564,1.0,Difficult
2025-08-12,UA,929,2.5361060813922065,2.0,Difficult
2025-08-12,UA,695,2.322029582583287,3.0,Difficult
2025-08-12,UA,343,2.2136573130531287,4.0,Difficult
2025-08-12,UA,359,1.9190599297315,5.0,Difficult
2025-08-12,UA,944,1.7937230894888543,6.0,Difficult
2025-08-12,UA,845,1.75089222853374,7.0,Difficult
2025-08-12,UA,987,1.737144647902952,8.0,Difficult
2025-08-12,UA,972,1.7060309831419143,9.0,Difficult
2025-08-12,UA,422,1.502041753587349,10.0,Difficult
2025-08-12,UA,920,1.469586679092434,11.0,Difficult
2025-08-12,G7,4518,1.4050832031903568,12.0,Difficult
2025-08-12,UA,622,1.3602669111337575,13.0,Difficult
2025-08-12,G7,4188,1.331821932713362,14.0,Difficult
2025-08-12,UA,1421,1.3197665405298205,15.0,Difficult
2025-08-12,UA,1905,1.29686384241586,16.0,Difficult
2025-08-12,OO,5251,1.2930205321713166,17.0,Difficult
2025-08-12,UA,291,1.290178509000044,18.0,Difficult
2025-08-12,UA,907,1.2670795596148507,19.0,Difficult
2025-08-12,UA,953,1.2632280787097774,20.0,Difficult
2025-08-12,UA,980,1.237362519242489,21.0,Difficult
2025-08-12,OO,5103,1.2140374463562214,22.0,Difficult
2025-08-12,UA,609,1.0802687807598428,23.0,Difficult
2025-08-12,UA,2278,1.072728381280272,24.0,Difficult
2025-08-12,OO,4792,1.0235518203903842,25.0,Difficult
2025-08-12,UA,611,1.0107756511759718,26.0,Difficult
2025-08-12,OO,5646,0.9468532822726615,27.0,Difficult
2025-08-12,G7,4491,0.9383947060173699,28.0,Difficult
2025-08-12,UA,2672,0.9224802923269948,29.0,Difficult
2025-08-12,UA,1306,0.9194581805396772,30.0,Difficult
2025-08-12,OO,5737,0.8724283815132267,31.0,Difficult
2025-08-12,UA,1599,0.7870920583071882,32.0,Difficult
2025-08-12,UA,2337,0.7805478168058896,33.0,Difficult
2025-08-12,UA,219,0.7631125807307196,34.0,Difficult
2025-08-12,UA,467,0.7455648022177659,35.0,Difficult
2025-08-12,UA,2649,0.7447582546853315,36.0,Difficult
2025-08-12,UA,2657,0.7426588563160065,37.0,Difficult
2025-08-12,UA,2677,0.7418937838114972,38.0,Difficult
2025-08-12,YX,3523,0.7407737730069729,39.0,Difficult
2025-08-12,UA,2254,0.7191774462231622,40.0,Difficult
2025-08-12,UA,2483,0.6932486708265978,41.0,Difficult
2025-08-12,UA,909,0.6914224190937185,42.0,Difficult
2025-08-12,UA,1996,0.6795425561940461,43.0,Difficult
2025-08-12,UA,1144,0.6521472058359084,44.0,Difficult
2025-08-12,UA,1859,0.6354401412693678,45.0,Difficult
2025-08-12,UA,445,0.6288227342810724,46.0,Difficult
2025-08-12,UA,1205,0.6208897208366647,47.0,Difficult
2025-08-12,UA,1577,0.6040612246559448,48.0,Difficult
2025-08-12,UA,2004,0.5969384928158126,49.0,Difficult
2025-08-12,UA,490,0.566825367557579,50.0,Difficult
2025-08-12,UA,1269,0.5433213906048201,51.0,Difficult
2025-08-12,OO,5915,0.5416084453892631,52.0,Difficult
2025-08-12,OO,5272,0.5354357107343297,53.0,Difficult
2025-08-12,UA,2133,0.5317532744364358,54.0,Difficult
2025-08-12,UA,881,0.526108583241461,55.0,Difficult
2025-08-12,OO,4748,0.518658872985893,56.0,Difficult
2025-08-12,UA,2481,0.503002753542141,57.0,Difficult
2025-08-12,UA,265,0.5008487982770312,58.0,Difficult
2025-08-12,UA,1811,0.49826702949541,59.0,Difficult
2025-08-12,UA,1361,0.49749898283470856,60.0,Difficult
2025-08-12,UA,247,0.4908136103310524,61.0,Difficult
2025-08-12,OO,5593,0.48936309800663436,62.0,Difficult
2025-08-12,UA,2333,0.4781780827846813,63.0,Difficult
2025-08-12,UA,2323,0.4743798855340345,64.0,Difficult
2025-08-12,UA,1316,0.4707803974558095,65.0,Difficult
2025-08-12,UA,1643,0.45908796969847376,66.0,Difficult
2025-08-12,UA,2172,0.45154345316627,67.0,Difficult
2025-08-12,UA,2302,0.4480202480869312,68.0,Difficult
2025-08-12,UA,1775,0.444078391470051,69.0,Difficult
2025-08-12,OO,4636,0.4436569703901209,70.0,Difficult
2025-08-12,UA,288,0.4342503612989784,71.0,Difficult
2025-08-12,UA,2658,0.4340801425020335,72.0,Difficult
2025-08-12,UA,1830,0.4289151710709701,73.0,Difficult
2025-08-12,UA,1502,0.4265926237195008,74.0,Difficult
2025-08-12,YX,3598,0.42290678983426244,75.0,Difficult
2025-08-12,UA,2099,0.42256283600905586,76.0,Difficult
2025-08-12,UA,2683,0.40943940246888816,77.0,Difficult
2025-08-12,UA,416,0.40822015806871315,78.0,Difficult
2025-08-12,OO,5309,0.4080919765872986,79.0,Difficult
2025-08-12,UA,1803,0.4072965627625562,80.0,Difficult
2025-08-12,OO,5380,0.38666335219017844,81.0,Difficult
2025-08-12,UA,1491,0.3746867470429397,82.0,Difficult
2025-08-12,UA,721,0.3646218053926362,83.0,Difficult
2025-08-12,OO,5290,0.3586154982425407,84.0,Difficult
2025-08-12,UA,1616,0.3530173273369212,85.0,Difficult
2025-08-12,UA,1387,0.35068508013842253,86.0,Difficult
2025-08-12,UA,1328,0.34715649258549314,87.0,Difficult
2025-08-12,UA,2201,0.34010670443953966,88.0,Difficult
2025-08-12,UA,3,0.33927386723597863,89.0,Difficult
2025-08-12,UA,1044,0.33882989690050885,90.0,Difficult
2025-08-12,UA,503,0.3335357425611619,91.0,Difficult
2025-08-12,UA,1068,0.33336975584603235,92.0,Difficult
2025-08-12,UA,1620,0.3312553098351285,93.0,Difficult
2025-08-12,UA,758,0.32629283887087457,94.0,Difficult
2025-08-12,UA,1273,0.3227120605950561,95.0,Difficult
2025-08-12,UA,1209,0.3222166471311274,96.0,Difficult
2025-08-12,UA,286,0.30616113067845296,97.0,Difficult
2025-08-12,OO,5526,0.3057898025315056,98.0,Difficult
2025-08-12,UA,2113,0.2949598831550704,99.0,Difficult
2025-08-12,UA,793,0.2849505172225604,100.0,Difficult
2025-08-12,UA,1564,0.2847356925445112,101.0,Difficult
2025-08-12,OO,5314,0.2797336748370778,102.0,Difficult
2025-08-12,UA,660,0.2754607283952493,103.0,Difficult
2025-08-12,UA,2138,0.27136844996869813,104.0,Difficult
2025-08-12,UA,468,0.2691119546973957,105.0,Difficult
2025-08-12,OO,5763,0.26549366725506074,106.0,Difficult
2025-08-12,G7,4481,0.2652794469925921,107.0,Difficult
2025-08-12,OO,5555,0.26146354882133094,108.0,Difficult
2025-08-12,UA,2465,0.2588909453120717,109.0,Difficult
2025-08-12,UA,1708,0.251886378819799,110.0,Difficult
2025-08-12,UA,1485,0.2518398253981903,111.0,Difficult
2025-08-12,UA,938,0.2517335541991201,112.0,Difficult
2025-08-12,UA,1215,0.25141189335573705,113.0,Difficult
2025-08-12,G7,4186,0.23960261560712273,114.0,Difficult
2025-08-12,UA,1933,0.23925649979211006,115.0,Difficult
2025-08-12,G7,4185,0.23804534836830352,116.0,Difficult
2025-08-12,UA,1617,0.23606195346684175,117.0,Difficult
2025-08-12,G7,4425,0.23493624060647367,118.0,Difficult
2025-08-12,UA,1634,0.23247403417451468,119.0,Difficult
2025-08-12,UA,2182,0.22705948123549977,120.0,Medium
2025-08-12,UA,1041,0.21861340111348704,121.0,Medium
2025-08-12,OO,5717,0.2143118082787721,122.0,Medium
2025-08-12,UA,2347,0.21081054679066466,123.0,Medium
2025-08-12,OO,4766,0.20173885667176428,124.0,Medium
2025-08-12,UA,1414,0.20145190120297246,125.0,Medium
2025-08-12,UA,1301,0.20121901957144395,126.0,Medium
2025-08-12,OO,5833,0.19299675604238523,127.0,Medium
2025-08-12,UA,2389,0.19179223987142094,128.0,Medium
2025-08-12,OO,5790,0.19087356566865046,129.0,Medium
2025-08-12,UA,1941,0.18156584402847128,130.0,Medium
2025-08-12,OO,5292,0.17629516793075709,131.0,Medium
2025-08-12,G7,4552,0.17607720152114695,132.0,Medium
2025-08-12,G7,4380,0.173417399735594,133.0,Medium
2025-08-12,UA,912,0.17206294643545741,134.0,Medium
2025-08-12,UA,763,0.17131354493315462,135.0,Medium
2025-08-12,UA,378,0.1663201075700101,136.0,Medium
2025-08-12,UA,2075,0.16342726733689583,137.0,Medium
2025-08-12,OO,5568,0.15773688894386617,138.0,Medium
2025-08-12,UA,1082,0.1385805537492147,139.0,Medium
2025-08-12,UA,2008,0.13734583571490305,140.0,Medium
2025-08-12,UA,1923,0.13727110418710886,141.0,Medium
2025-08-12,UA,2100,0.13467511219138745,142.0,Medium
2025-08-12,UA,1975,0.12718956808782333,143.0,Medium
2025-08-12,UA,1761,0.12414137037236503,144.0,Medium
2025-08-12,UA,1834,0.12243141024096953,145.0,Medium
2025-08-12,UA,2011,0.11423255165058441,146.0,Medium
2025-08-12,UA,1492,0.11140852088508992,147.0,Medium
2025-08-12,OO,5601,0.11027035606474175,148.0,Medium
2025-08-12,YX,3690,0.10260972570980736,149.0,Medium
2025-08-12,UA,1448,0.10023680334415885,150.0,Medium
2025-08-12,YX,3551,0.10009685556060126,151.0,Medium
2025-08-12,UA,2691,0.09912261969361999,152.0,Medium
2025-08-12,UA,2038,0.09735401781577341,153.0,Medium
2025-08-12,OO,5643,0.09668871444485158,154.0,Medium
2025-08-12,UA,1872,0.09646089612385275,155.0,Medium
2025-08-12,UA,2440,0.09582278007728813,156.0,Medium
2025-08-12,G7,4463,0.0949469404002255,157.0,Medium
2025-08-12,UA,1363,0.09256472246862685,158.0,Medium
2025-08-12,UA,1967,0.09101066101483249,159.0,Medium
2025-08-12,UA,1583,0.08857951572124226,160.0,Medium
2025-08-12,G7,4584,0.08650178455342031,161.0,Medium
2025-08-12,OO,6004,0.08070234851890436,162.0,Medium
2025-08-12,UA,1324,0.07947870956641065,163.0,Medium
2025-08-12,YX,3668,0.07531714024806602,164.0,Medium
2025-08-12,G7,4406,0.07146820537303201,165.0,Medium
2025-08-12,UA,118,0.06784386029156982,166.0,Medium
2025-08-12,UA,2154,0.06624194891737425,167.0,Medium
2025-08-12,OO,5215,0.06465318528163776,168.0,Medium
2025-08-12,UA,1314,0.05624598959556971,169.0,Medium
2025-08-12,YX,3571,0.05381637402323686,170.0,Medium
2025-08-12,UA,2385,0.052415800732984824,171.0,Medium
2025-08-12,UA,617,0.04393963483731014,172.0,Medium
2025-08-12,UA,2280,0.037166526082872756,173.0,Medium
2025-08-12,UA,2364,0.03642109016639967,174.0,Medium
2025-08-12,UA,2177,0.03599652197565056,175.0,Medium
2025-08-12,UA,1660,0.03131535973983552,176.0,Medium
2025-08-12,UA,2426,0.030315057270201284,177.0,Medium
2025-08-12,YX,3402,0.027565512560820953,178.0,Medium
2025-08-12,UA,1776,0.023951039238463284,179.0,Medium
2025-08-12,UA,2618,0.02203350616693016,180.0,Medium
2025-08-12,UA,1113,0.014494031659856958,181.0,Medium
2025-08-12,UA,1584,0.013098686057281643,182.0,Medium
2025-08-12,UA,1710,0.010263493849272387,183.0,Medium
2025-08-12,UA,276,0.00875646524643596,184.0,Medium
2025-08-12,UA,2040,0.006177268835666293,185.0,Medium
2025-08-12,UA,1778,0.006122328935803169,186.0,Medium
2025-08-12,UA,2418,6.710618364871163e-05,187.0,Medium
2025-08-12,UA,466,-0.004978371912979271,188.0,Medium
2025-08-12,UA,764,-0.0054578553594878745,189.0,Medium
2025-08-12,UA,580,-0.0061020027602633545,190.0,Medium
2025-08-12,UA,1823,-0.010754578271208945,191.0,Medium
2025-08-12,UA,2369,-0.011113175196109156,192.0,Medium
2025-08-12,UA,2343,-0.011145027602712687,193.0,Medium
2025-08-12,UA,1335,-0.014457388163783322,194.0,Medium
2025-08-12,YX,3440,-0.018884517590270995,195.0,Medium
2025-08-12,G7,4571,-0.01906168749712564,196.0,Medium
2025-08-12,UA,380,-0.02622309927166798,197.0,Medium
2025-08-12,UA,1156,-0.027214467816492074,198.0,Medium
2025-08-12,UA,310,-0.029775347859142355,199.0,Medium
2025-08-12,OO,5843,-0.03244064290001329,200.0,Medium
2025-08-12,UA,2179,-0.032748720261823176,201.0,Medium
2025-08-12,OO,5352,-0.03341889894718152,202.0,Medium
2025-08-12,UA,2684,-0.035758879434925755,203.0,Medium
2025-08-12,UA,2609,-0.0405631983868866,204.0,Medium
2025-08-12,UA,1381,-0.04317019522520937,205.0,Medium
2025-08-12,OO,5337,-0.049128203386488045,206.0,Medium
2025-08-12,UA,769,-0.051316528289108855,207.0,Medium
2025-08-12,OO,5038,-0.0564602438870311,208.0,Medium
2025-08-12,UA,1832,-0.0593609077136315,209.0,Medium
2025-08-12,UA,2361,-0.06232810716830297,210.0,Medium
2025-08-12,OO,5977,-0.06691875020127369,211.0,Medium
2025-08-12,UA,1398,-0.07204092965335906,212.0,Medium
2025-08-12,UA,312,-0.07358734507244592,213.0,Medium
2025-08-12,UA,970,-0.07505919866277634,214.0,Medium
2025-08-12,UA,1899,-0.07588651228585645,215.0,Medium
2025-08-12,UA,1980,-0.07821570446555416,216.0,Medium
2025-08-12,UA,561,-0.08050874743180567,217.0,Medium
2025-08-12,UA,1878,-0.08336672471076967,218.0,Medium
2025-08-12,UA,307,-0.08344594693945766,219.0,Medium
2025-08-12,UA,1124,-0.08823438970516781,220.0,Medium
2025-08-12,UA,587,-0.09146380412153658,221.0,Medium
2025-08-12,UA,411,-0.09363008977024449,222.0,Medium
2025-08-12,UA,1801,-0.09471265701228904,223.0,Medium
2025-08-12,UA,2144,-0.09707945754152483,224.0,Medium
2025-08-12,UA,2067,-0.09828443681625934,225.0,Medium
2025-08-12,G7,4476,-0.1006426562190482,226.0,Medium
2025-08-12,UA,576,-0.10133517986405802,227.0,Medium
2025-08-12,OO,5280,-0.10347858439716309,228.0,Medium
2025-08-12,UA,2629,-0.10390343403063415,229.0,Medium
2025-08-12,UA,481,-0.10769478726483123,230.0,Medium
2025-08-12,UA,1182,-0.1081722978977323,231.0,Medium
2025-08-12,UA,2137,-0.11020909744959381,232.0,Medium
2025-08-12,UA,1168,-0.11355247206835431,233.0,Medium
2025-08-12,UA,374,-0.11614329458085057,234.0,Medium
2025-08-12,UA,2144,-0.12061917044844461,235.0,Medium
2025-08-12,UA,1612,-0.1225806358897879,236.0,Medium
2025-08-12,UA,767,-0.12463635991749586,237.0,Medium
2025-08-12,UA,275,-0.12820492080251378,238.0,Medium
2025-08-12,YX,3603,-0.12841980377404355,239.0,Medium
2025-08-12,UA,2497,-0.12952105329516359,240.0,Medium
2025-08-12,UA,1403,-0.13112546520343277,241.0,Medium
2025-08-12,OO,5499,-0.13117722269761797,242.0,Medium
2025-08-12,UA,2616,-0.13178954677854463,243.0,Medium
2025-08-12,OO,5474,-0.1320727360895182,244.0,Medium
2025-08-12,UA,2378,-0.13221968743979112,245.0,Medium
2025-08-12,UA,1983,-0.1343185887025415,246.0,Medium
2025-08-12,UA,1576,-0.1410197172145988,247.0,Medium
2025-08-12,UA,2144,-0.14645624986822808,248.0,Medium
2025-08-12,UA,224,-0.15031785994505031,249.0,Medium
2025-08-12,OO,5360,-0.15104009566003795,250.0,Medium
2025-08-12,UA,2090,-0.15264182437547041,251.0,Medium
2025-08-12,OO,5108,-0.15470760070096212,252.0,Medium
2025-08-12,UA,1693,-0.15748695589015196,253.0,Medium
2025-08-12,UA,1525,-0.15803469840827736,254.0,Medium
2025-08-12,UA,1741,-0.15916147470613523,255.0,Medium
2025-08-12,UA,2202,-0.15932868271772477,256.0,Medium
2025-08-12,G7,4585,-0.15994184833131814,257.0,Medium
2025-08-12,G7,4554,-0.16259447096626706,258.0,Medium
2025-08-12,UA,2243,-0.16564825422541204,259.0,Medium
2025-08-12,YX,3604,-0.1676853109602123,260.0,Medium
2025-08-12,OO,5140,-0.16869870457050662,261.0,Medium
2025-08-12,UA,2144,-0.16999596277514784,262.0,Medium
2025-08-12,UA,349,-0.17106015128213573,263.0,Medium
2025-08-12,UA,2862,-0.1724612116707046,264.0,Medium
2025-08-12,UA,1594,-0.17582578033232274,265.0,Medium
2025-08-12,UA,1252,-0.17695592171478491,266.0,Medium
2025-08-12,UA,2370,-0.17780568088755416,267.0,Medium
2025-08-12,UA,2290,-0.17793445891946996,268.0,Medium
2025-08-12,UA,1495,-0.1827481170338863,269.0,Medium
2025-08-12,UA,2652,-0.18681223969616575,270.0,Medium
2025-08-12,OO,5748,-0.1886996549452878,271.0,Medium
2025-08-12,OO,4809,-0.19295001621186458,272.0,Medium
2025-08-12,OO,5534,-0.19439182916203404,273.0,Medium
2025-08-12,OO,5631,-0.19551134595817357,274.0,Medium
2025-08-12,YX,3569,-0.19860273492101238,275.0,Medium
2025-08-12,OO,5819,-0.2013317989434279,276.0,Medium
2025-08-12,OO,5427,-0.20557351648495212,277.0,Medium
2025-08-12,OO,5274,-0.20959075049417325,278.0,Medium
2025-08-12,UA,1909,-0.21473751981689937,279.0,Medium
2025-08-12,UA,1239,-0.2161489886117156,280.0,Medium
2025-08-12,UA,777,-0.21681508020652224,281.0,Medium
2025-08-12,UA,1658,-0.22162635803509945,282.0,Medium
2025-08-12,UA,2653,-0.22365245298544076,283.0,Medium
2025-08-12,OO,5398,-0.2256955152430492,284.0,Medium
2025-08-12,YX,3493,-0.22801191208274946,285.0,Medium
2025-08-12,OO,5250,-0.23003070370018627,286.0,Medium
2025-08-12,UA,556,-0.2305675644917305,287.0,Medium
2025-08-12,UA,399,-0.2335742480630695,288.0,Medium
2025-08-12,UA,1270,-0.23638197811242637,289.0,Medium
2025-08-12,UA,1347,-0.23650190304586327,290.0,Medium
2025-08-12,UA,2155,-0.2402809971639604,291.0,Medium
2025-08-12,G7,4468,-0.2450166435727558,292.0,Medium
2025-08-12,YX,3520,-0.24754932646014385,293.0,Medium
2025-08-12,UA,2635,-0.25071105086440143,294.0,Medium
2025-08-12,UA,1030,-0.2510807328192756,295.0,Medium
2025-08-12,G7,4599,-0.2517516435988305,296.0,Medium
2025-08-12,UA,1657,-0.25310785300716426,297.0,Medium
2025-08-12,UA,2494,-0.2532743273088896,298.0,Medium
2025-08-12,OO,4791,-0.25402633233405214,299.0,Medium
2025-08-12,UA,1848,-0.2557600783743576,300.0,Medium
2025-08-12,OO,5470,-0.25816616390200364,301.0,Medium
2025-08-12,UA,729,-0.25824720124062894,302.0,Medium
2025-08-12,UA,1304,-0.25951595804114636,303.0,Medium
2025-08-12,G7,4458,-0.2601886483509267,304.0,Medium
2025-08-12,OO,5262,-0.2617555985484188,305.0,Medium
2025-08-12,UA,2200,-0.26306050148436827,306.0,Medium
2025-08-12,UA,592,-0.2668931637156687,307.0,Medium
2025-08-12,UA,533,-0.2725502103024638,308.0,Medium
2025-08-12,OO,4778,-0.272975593610505,309.0,Medium
2025-08-12,UA,1785,-0.27325857318724717,310.0,Medium
2025-08-12,UA,2414,-0.2775158421020532,311.0,Medium
2025-08-12,UA,786,-0.2863593092579731,312.0,Medium
2025-08-12,OO,5362,-0.2880198901053333,313.0,Medium
2025-08-12,UA,752,-0.2915417049019504,314.0,Medium
2025-08-12,OO,5841,-0.2932341761623378,315.0,Medium
2025-08-12,UA,2394,-0.2947546654124537,316.0,Medium
2025-08-12,YX,3694,-0.2962365202265364,317.0,Medium
2025-08-12,YX,3635,-0.297118888865183,318.0,Medium
2025-08-12,UA,2189,-0.29950423530218334,319.0,Medium
2025-08-12,OO,5608,-0.30022422301400514,320.0,Medium
2025-08-12,YX,3696,-0.3011809257713927,321.0,Medium
2025-08-12,UA,2666,-0.301251595901828,322.0,Medium
2025-08-12,UA,2424,-0.3022664791704255,323.0,Medium
2025-08-12,G7,4436,-0.3043395562615373,324.0,Medium
2025-08-12,UA,1097,-0.30652051169396966,325.0,Medium
2025-08-12,UA,1077,-0.30789278804594356,326.0,Medium
2025-08-12,OO,4645,-0.3126925619855186,327.0,Medium
2025-08-12,YX,3654,-0.31352505201560305,328.0,Medium
2025-08-12,OO,5607,-0.3256503662370802,329.0,Medium
2025-08-12,G7,4529,-0.32707683988781733,330.0,Medium
2025-08-12,UA,563,-0.32746537494951283,331.0,Medium
2025-08-12,G7,4387,-0.3285754048831179,332.0,Medium
2025-08-12,OO,5603,-0.3291156946619198,333.0,Medium
2025-08-12,UA,293,-0.33220928228129515,334.0,Medium
2025-08-12,G7,4426,-0.33505307854854505,335.0,Medium
2025-08-12,OO,5437,-0.3354151921640669,336.0,Medium
2025-08-12,UA,1010,-0.3356455626587157,337.0,Medium
2025-08-12,UA,1740,-0.3362929171620338,338.0,Medium
2025-08-12,UA,2628,-0.33764748245524756,339.0,Medium
2025-08-12,UA,1756,-0.3426015479210584,340.0,Medium
2025-08-12,OO,5021,-0.3435952946489655,341.0,Medium
2025-08-12,UA,1659,-0.3437910639048195,342.0,Medium
2025-08-12,G7,4588,-0.3462315241613281,343.0,Medium
2025-08-12,OO,5383,-0.3478736814389945,344.0,Medium
2025-08-12,UA,2195,-0.349515426891433,345.0,Medium
2025-08-12,UA,2005,-0.35249353797480454,346.0,Medium
2025-08-12,UA,1851,-0.3539555490123422,347.0,Medium
2025-08-12,OO,5375,-0.35547205786121383,348.0,Medium
2025-08-12,UA,1989,-0.36496426423395195,349.0,Medium
2025-08-12,OO,5624,-0.36546681030185835,350.0,Medium
2025-08-12,UA,2665,-0.3660833546359981,351.0,Medium
2025-08-12,G7,4542,-0.3669106114992466,352.0,Medium
2025-08-12,G7,4452,-0.36695245033550944,353.0,Medium
2025-08-12,UA,2148,-0.3708976092373513,354.0,Medium
2025-08-12,G7,4445,-0.37339531086385513,355.0,Medium
2025-08-12,UA,1974,-0.3794116642773544,356.0,Easy
2025-08-12,UA,2225,-0.3801076494046328,357.0,Easy
2025-08-12,OO,5493,-0.38047663170302043,358.0,Easy
2025-08-12,YX,3638,-0.3848819845027964,359.0,Easy
2025-08-12,UA,2147,-0.38906769459784785,360.0,Easy
2025-08-12,OO,5729,-0.39008527456345776,361.0,Easy
2025-08-12,G7,4549,-0.3947837400726922,362.0,Easy
2025-08-12,OO,5447,-0.3981896941248396,363.0,Easy
2025-08-12,UA,602,-0.40159642744110735,364.0,Easy
2025-08-12,OO,5726,-0.4053356839365853,365.0,Easy
2025-08-12,OO,5946,-0.41131779497798715,366.0,Easy
2025-08-12,UA,1815,-0.4131929204382278,367.0,Easy
2025-08-12,OO,5125,-0.4135451014944145,368.0,Easy
2025-08-12,UA,2232,-0.41627569763737626,369.0,Easy
2025-08-12,OO,5557,-0.41629545673284385,370.0,Easy
2025-08-12,YX,3464,-0.41640345209313384,371.0,Easy
2025-08-12,UA,1842,-0.4167391581679833,372.0,Easy
2025-08-12,OO,5852,-0.41803613224460584,373.0,Easy
2025-08-12,G7,4429,-0.41821353505043246,374.0,Easy
2025-08-12,UA,1377,-0.4186143376610566,375.0,Easy
2025-08-12,OO,5435,-0.4192030205164875,376.0,Easy
2025-08-12,UA,2430,-0.423028017817998,377.0,Easy
2025-08-12,G7,4613,-0.4263557078173018,378.0,Easy
2025-08-12,OO,4739,-0.42784797398736923,379.0,Easy
2025-08-12,UA,2059,-0.43236535615398297,380.0,Easy
2025-08-12,UA,2417,-0.43706131149652294,381.0,Easy
2025-08-12,OO,5229,-0.4444198709399539,382.0,Easy
2025-08-12,UA,1677,-0.4446983031792542,383.0,Easy
2025-08-12,UA,2251,-0.44541724604472205,384.0,Easy
2025-08-12,UA,2865,-0.4490229020587561,385.0,Easy
2025-08-12,OO,5874,-0.4493781749631291,386.0,Easy
2025-08-12,UA,2661,-0.45045086477175067,387.0,Easy
2025-08-12,YX,3568,-0.450822453577877,388.0,Easy
2025-08-12,OO,5344,-0.45207314138752214,389.0,Easy
2025-08-12,YX,3601,-0.45316895799899803,390.0,Easy
2025-08-12,UA,2211,-0.4537400787464015,391.0,Easy
2025-08-12,UA,1946,-0.45387837351150545,392.0,Easy
2025-08-12,OO,5353,-0.4545453551516966,393.0,Easy
2025-08-12,OO,5821,-0.4558443987407354,394.0,Easy
2025-08-12,UA,1742,-0.45673963232954556,395.0,Easy
2025-08-12,G7,4568,-0.45739286106584476,396.0,Easy
2025-08-12,UA,1297,-0.46002374788735806,397.0,Easy
2025-08-12,UA,739,-0.46146097880518355,398.0,Easy
2025-08-12,OO,5930,-0.4631388511888889,399.0,Easy
2025-08-12,G7,4574,-0.4660762100011584,400.0,Easy
2025-08-12,UA,1006,-0.4678188698090629,401.0,Easy
2025-08-12,OO,4780,-0.47266377141097915,402.0,Easy
2025-08-12,UA,1538,-0.4769523900254821,403.0,Easy
2025-08-12,G7,4184,-0.47863490321674185,404.0,Easy
2025-08-12,UA,1413,-0.4800580021091838,405.0,Easy
2025-08-12,G7,4389,-0.48017716160649526,406.0,Easy
2025-08-12,G7,4558,-0.48115129832883957,407.0,Easy
2025-08-12,OO,5699,-0.48407046592521924,408.0,Easy
2025-08-12,OO,5260,-0.48413723341616494,409.0,Easy
2025-08-12,OO,5868,-0.487496692298727,410.0,Easy
2025-08-12,YX,3542,-0.48881243973666927,411.0,Easy
2025-08-12,UA,534,-0.48929995316703573,412.0,Easy
2025-08-12,UA,1920,-0.49266089480874053,413.0,Easy
2025-08-12,YX,3655,-0.4932491910743014,414.0,Easy
2025-08-12,OO,5219,-0.49369767623421607,415.0,Easy
2025-08-12,G7,4611,-0.4943765881738314,416.0,Easy
2025-08-12,OO,5836,-0.4969973399085272,417.0,Easy
2025-08-12,UA,1857,-0.49702057441214936,418.0,Easy
2025-08-12,UA,791,-0.505299898133015,419.0,Easy
2025-08-12,UA,1793,-0.5054609038714328,420.0,Easy
2025-08-12,G7,4563,-0.5088508383562601,421.0,Easy
2025-08-12,OO,5731,-0.5107698113268183,422.0,Easy
2025-08-12,UA,2427,-0.5178180295606872,423.0,Easy
2025-08-12,UA,1580,-0.5181747232486208,424.0,Easy
2025-08-12,YX,3718,-0.5204074736201111,425.0,Easy
2025-08-12,UA,1655,-0.521626115704419,426.0,Easy
2025-08-12,YX,3535,-0.5238577035408433,427.0,Easy
2025-08-12,OO,5269,-0.5246573828758648,428.0,Easy
2025-08-12,UA,1069,-0.5297026616309375,429.0,Easy
2025-08-12,UA,1198,-0.5299651805534423,430.0,Easy
2025-08-12,UA,2039,-0.5303953615293105,431.0,Easy
2025-08-12,OO,4789,-0.5333883878844936,432.0,Easy
2025-08-12,G7,4559,-0.5481698576421867,433.0,Easy
2025-08-12,YX,3610,-0.5496346456986885,434.0,Easy
2025-08-12,OO,5585,-0.5515489002651621,435.0,Easy
2025-08-12,OO,5124,-0.553400310011428,436.0,Easy
2025-08-12,YX,3700,-0.5534185458884485,437.0,Easy
2025-08-12,YX,3614,-0.5541369259318072,438.0,Easy
2025-08-12,OO,5094,-0.5567887059890463,439.0,Easy
2025-08-12,G7,4590,-0.5594169995936488,440.0,Easy
2025-08-12,UA,476,-0.568434339239446,441.0,Easy
2025-08-12,OO,5289,-0.5750977597637351,442.0,Easy
2025-08-12,UA,2092,-0.577777339011861,443.0,Easy
2025-08-12,UA,1139,-0.5825402327613713,444.0,Easy
2025-08-12,OO,5795,-0.5831444592162378,445.0,Easy
2025-08-12,UA,714,-0.5843094781527072,446.0,Easy
2025-08-12,YX,3498,-0.5860031429829942,447.0,Easy
2025-08-12,G7,4504,-0.5864375670731029,448.0,Easy
2025-08-12,OO,4712,-0.5865804667120433,449.0,Easy
2025-08-12,UA,708,-0.5874934745948011,450.0,Easy
2025-08-12,G7,4502,-0.5919669539204269,451.0,Easy
2025-08-12,UA,1477,-0.5977198774103287,452.0,Easy
2025-08-12,UA,2071,-0.5979146821210906,453.0,Easy
2025-08-12,OO,5275,-0.602713940375921,454.0,Easy
2025-08-12,OO,5984,-0.6086499522945691,455.0,Easy
2025-08-12,G7,4610,-0.6123288452222564,456.0,Easy
2025-08-12,YX,3641,-0.6156873739506129,457.0,Easy
2025-08-12,OO,5118,-0.6241021429188831,458.0,Easy
2025-08-12,OO,5414,-0.6354110987226907,459.0,Easy
2025-08-12,YX,3468,-0.6357953118385681,460.0,Easy
2025-08-12,OO,5234,-0.6507760067489239,461.0,Easy
2025-08-12,OO,5712,-0.6546996635205606,462.0,Easy
2025-08-12,YX,3421,-0.6565976269427067,463.0,Easy
2025-08-12,UA,2640,-0.658657690831626,464.0,Easy
2025-08-12,OO,5517,-0.6603505752554042,465.0,Easy
2025-08-12,OO,5444,-0.6691329123189136,466.0,Easy
2025-08-12,UA,2488,-0.6828278784447401,467.0,Easy
2025-08-12,OO,5136,-0.691538688334308,468.0,Easy
2025-08-12,OO,5099,-0.7100394015028019,469.0,Easy
2025-08-12,OO,5026,-0.7164661450826719,470.0,Easy
2025-08-12,YX,3536,-0.7213415656134124,471.0,Easy
2025-08-12,OO,5138,-0.7810312763182757,472.0,Easy
2025-08-12,OO,5020,-0.78408899302928,473.0,Easy
2025-08-13,UA,1495,6.121859283638074,1.0,Difficult
2025-08-13,UA,2006,2.60616642603401,2.0,Difficult
2025-08-13,UA,422,2.3185037740443035,3.0,Difficult
2025-08-13,UA,275,2.2323136516235196,4.0,Difficult
2025-08-13,UA,972,2.034852174281915,5.0,Difficult
2025-08-13,UA,980,1.8871583240843537,6.0,Difficult
2025-08-13,G7,4611,1.7830195658246932,7.0,Difficult
2025-08-13,UA,920,1.7537386475654262,8.0,Difficult
2025-08-13,G7,4481,1.7169384196754993,9.0,Difficult
2025-08-13,OO,5607,1.6219598431291529,10.0,Difficult
2025-08-13,OO,5121,1.5083215123719256,11.0,Difficult
2025-08-13,UA,219,1.4820909556918886,12.0,Difficult
2025-08-13,UA,953,1.3842083374401808,13.0,Difficult
2025-08-13,G7,4507,1.358969953810607,14.0,Difficult
2025-08-13,UA,944,1.3464982792196523,15.0,Difficult
2025-08-13,UA,2099,1.3167185908134225,16.0,Difficult
2025-08-13,UA,1785,1.3157828978542623,17.0,Difficult
2025-08-13,UA,2618,1.2591902539317439,18.0,Difficult
2025-08-13,UA,907,1.247097845547895,19.0,Difficult
2025-08-13,UA,1387,1.2414430764378739,20.0,Difficult
2025-08-13,OO,5103,1.2387836116830944,21.0,Difficult
2025-08-13,G7,4554,1.229800490128673,22.0,Difficult
2025-08-13,UA,970,1.1984276528251505,23.0,Difficult
2025-08-13,UA,1485,1.1873325868866644,24.0,Difficult
2025-08-13,UA,1421,1.1855592535042885,25.0,Difficult
2025-08-13,UA,909,1.1637371134263856,26.0,Difficult
2025-08-13,OO,5717,1.0923994251279487,27.0,Difficult
2025-08-13,UA,2649,1.0263950268819444,28.0,Difficult
2025-08-13,OO,5628,1.0010442640487616,29.0,Difficult
2025-08-13,UA,2254,0.9596406156465601,30.0,Difficult
2025-08-13,UA,2172,0.9476669424253062,31.0,Difficult
2025-08-13,OO,5577,0.9363057821224275,32.0,Difficult
2025-08-13,UA,1215,0.9333015998759693,33.0,Difficult
2025-08-13,UA,912,0.9025336562134573,34.0,Difficult
2025-08-13,UA,580,0.8984116708068981,35.0,Difficult
2025-08-13,UA,1823,0.868927559224538,36.0,Difficult
2025-08-13,UA,466,0.818229131009544,37.0,Difficult
2025-08-13,UA,1377,0.7798474642887598,38.0,Difficult
2025-08-13,UA,845,0.7778733723962223,39.0,Difficult
2025-08-13,UA,1620,0.7730644050455505,40.0,Difficult
2025-08-13,UA,1205,0.7566235300408485,41.0,Difficult
2025-08-13,UA,286,0.7525068548019953,42.0,Difficult
2025-08-13,UA,118,0.7492928256791063,43.0,Difficult
2025-08-13,UA,1124,0.7367639753760278,44.0,Difficult
2025-08-13,OO,5593,0.7347205761594591,45.0,Difficult
2025-08-13,UA,1198,0.705228841243928,46.0,Difficult
2025-08-13,UA,1584,0.7007862929512914,47.0,Difficult
2025-08-13,UA,1044,0.7004554552388149,48.0,Difficult
2025-08-13,UA,1617,0.6924514971042023,49.0,Difficult
2025-08-13,OO,5726,0.6806809390677172,50.0,Difficult
2025-08-13,UA,468,0.6621234585773736,51.0,Difficult
2025-08-13,UA,1801,0.6344293724240516,52.0,Difficult
2025-08-13,UA,2666,0.6280119643078995,53.0,Difficult
2025-08-13,UA,2177,0.6279296579122844,54.0,Difficult
2025-08-13,UA,1068,0.6266746599597275,55.0,Difficult
2025-08-13,UA,1209,0.6178508385262586,56.0,Difficult
2025-08-13,UA,609,0.6098140810403889,57.0,Difficult
2025-08-13,UA,1599,0.6088213404971792,58.0,Difficult
2025-08-13,YX,3440,0.6077031278874756,59.0,Difficult
2025-08-13,UA,1899,0.6043075166448836,60.0,Difficult
2025-08-13,UA,416,0.5973908662588481,61.0,Difficult
2025-08-13,UA,881,0.581123888105852,62.0,Difficult
2025-08-13,UA,2133,0.5723844739291104,63.0,Difficult
2025-08-13,UA,2278,0.5699779864700139,64.0,Difficult
2025-08-13,UA,1314,0.5344468178955726,65.0,Difficult
2025-08-13,UA,1803,0.5174328771512262,66.0,Difficult
2025-08-13,UA,1878,0.5129402664671001,67.0,Difficult
2025-08-13,UA,1660,0.5074853358314269,68.0,Difficult
2025-08-13,UA,288,0.4983607944709434,69.0,Difficult
2025-08-13,UA,695,0.4973384616791129,70.0,Difficult
2025-08-13,UA,2394,0.49112487641837455,71.0,Difficult
2025-08-13,UA,1778,0.4908995146445772,72.0,Difficult
2025-08-13,UA,2211,0.48133805952972564,73.0,Difficult
2025-08-13,UA,1477,0.4733763019827944,74.0,Difficult
2025-08-13,UA,2417,0.4693047118279928,75.0,Difficult
2025-08-13,UA,2418,0.46394740273471957,76.0,Difficult
2025-08-13,UA,758,0.45704742974157636,77.0,Difficult
2025-08-13,UA,987,0.4407505430016016,78.0,Difficult
2025-08-13,UA,2426,0.4388215262635362,79.0,Difficult
2025-08-13,UA,1328,0.43537335342768796,80.0,Difficult
2025-08-13,UA,1658,0.43258605653168547,81.0,Difficult
2025-08-13,UA,1872,0.42931367438935614,82.0,Difficult
2025-08-13,UA,2657,0.42720834372448246,83.0,Difficult
2025-08-13,UA,359,0.4194065077946175,84.0,Difficult
2025-08-13,UA,2280,0.4124528754016825,85.0,Difficult
2025-08-13,UA,1974,0.4081235538031556,86.0,Difficult
2025-08-13,UA,1239,0.4053082943058765,87.0,Difficult
2025-08-13,OO,5474,0.4033251753434485,88.0,Difficult
2025-08-13,UA,445,0.4018739880294948,89.0,Difficult
2025-08-13,UA,2465,0.39862535210280065,90.0,Difficult
2025-08-13,UA,380,0.39084965933625987,91.0,Difficult
2025-08-13,UA,2494,0.35842823523706463,92.0,Difficult
2025-08-13,UA,349,0.34830089981219914,93.0,Difficult
2025-08-13,UA,1324,0.3467460048884084,94.0,Difficult
2025-08-13,UA,1643,0.34573465856202984,95.0,Difficult
2025-08-13,UA,1006,0.3356836553717155,96.0,Difficult
2025-08-13,OO,5493,0.3284380240453066,97.0,Difficult
2025-08-13,UA,622,0.3263566261720683,98.0,Difficult
2025-08-13,UA,2323,0.3255376513164858,99.0,Difficult
2025-08-13,UA,2179,0.32081048809419244,100.0,Difficult
2025-08-13,OO,5601,0.32033785756712585,101.0,Difficult
2025-08-13,UA,2629,0.31892619146990436,102.0,Difficult
2025-08-13,UA,3,0.3142588448134531,103.0,Difficult
2025-08-13,UA,2483,0.3094622262696104,104.0,Difficult
2025-08-13,UA,1811,0.30030802953658836,105.0,Difficult
2025-08-13,UA,1775,0.2923953273864016,106.0,Difficult
2025-08-13,UA,2011,0.2912810153282222,107.0,Difficult
2025-08-13,UA,1178,0.28963967775847843,108.0,Difficult
2025-08-13,UA,2684,0.28917418035508724,109.0,Difficult
2025-08-13,UA,1909,0.28281476553111456,110.0,Difficult
2025-08-13,UA,2195,0.282806068509066,111.0,Difficult
2025-08-13,UA,2653,0.27009871892315357,112.0,Difficult
2025-08-13,UA,2182,0.2522659971275531,113.0,Difficult
2025-08-13,UA,307,0.2514423756150477,114.0,Difficult
2025-08-13,G7,4518,0.2460291874745506,115.0,Difficult
2025-08-13,UA,1830,0.24297392051817854,116.0,Difficult
2025-08-13,UA,1168,0.231024501768915,117.0,Difficult
2025-08-13,UA,786,0.2251127396028374,118.0,Difficult
2025-08-13,UA,576,0.22362856045700102,119.0,Difficult
2025-08-13,UA,2329,0.22183436925185968,120.0,Difficult
2025-08-13,UA,1693,0.22156430475155126,121.0,Difficult
2025-08-13,UA,1923,0.2187257710641107,122.0,Difficult
2025-08-13,OO,5292,0.218196045558735,123.0,Difficult
2025-08-13,UA,1270,0.21664943592894115,124.0,Difficult
2025-08-13,UA,2862,0.21645533174221918,125.0,Difficult
2025-08-13,OO,5230,0.21372809040499033,126.0,Difficult
2025-08-13,UA,2691,0.20836841857786212,127.0,Difficult
2025-08-13,UA,1761,0.19672331523499456,128.0,Difficult
2025-08-13,UA,1920,0.19408895168887277,129.0,Difficult
2025-08-13,OO,5021,0.18907352933366395,130.0,Difficult
2025-08-13,UA,938,0.18737307093357186,131.0,Difficult
2025-08-13,UA,503,0.18565408136527428,132.0,Difficult
2025-08-13,UA,2100,0.18133716588681079,133.0,Difficult
2025-08-13,UA,378,0.17933576866564657,134.0,Medium
2025-08-13,YX,3409,0.17805579843467864,135.0,Medium
2025-08-13,UA,1491,0.17385214254653322,136.0,Medium
2025-08-13,UA,1741,0.16356115782153402,137.0,Medium
2025-08-13,UA,2008,0.16045900073203068,138.0,Medium
2025-08-13,UA,2243,0.15823550062656624,139.0,Medium
2025-08-13,UA,2364,0.1513649509568349,140.0,Medium
2025-08-13,UA,1616,0.14477841673471745,141.0,Medium
2025-08-13,UA,2251,0.14415897121605697,142.0,Medium
2025-08-13,UA,481,0.14334649475187938,143.0,Medium
2025-08-13,UA,2683,0.1372857525455696,144.0,Medium
2025-08-13,UA,1834,0.13479195361289945,145.0,Medium
2025-08-13,OO,5905,0.13378093313520778,146.0,Medium
2025-08-13,UA,490,0.12870023696115557,147.0,Medium
2025-08-13,OO,5253,0.1262802833024982,148.0,Medium
2025-08-13,G7,4387,0.12205175738876517,149.0,Medium
2025-08-13,OO,5668,0.11294943099587726,150.0,Medium
2025-08-13,UA,1583,0.1124907209897234,151.0,Medium
2025-08-13,YX,3663,0.10958410767026465,152.0,Medium
2025-08-13,UA,929,0.10906422045786875,153.0,Medium
2025-08-13,YX,3523,0.10487061600106351,154.0,Medium
2025-08-13,UA,791,0.10437406429158667,155.0,Medium
2025-08-13,UA,1848,0.10413645471074351,156.0,Medium
2025-08-13,UA,2226,0.10127217893721938,157.0,Medium
2025-08-13,UA,2038,0.09654483478782956,158.0,Medium
2025-08-13,UA,2071,0.09474404697770852,159.0,Medium
2025-08-13,UA,1756,0.09435654486609092,160.0,Medium
2025-08-13,UA,2290,0.09389911419735938,161.0,Medium
2025-08-13,UA,1634,0.08793355938754782,162.0,Medium
2025-08-13,UA,1577,0.08656449147580492,163.0,Medium
2025-08-13,G7,4406,0.08484367010960946,164.0,Medium
2025-08-13,UA,769,0.08319865694209534,165.0,Medium
2025-08-13,UA,1414,0.0824910876217764,166.0,Medium
2025-08-13,UA,2369,0.07627065787602186,167.0,Medium
2025-08-13,OO,5289,0.07627020804373681,168.0,Medium
2025-08-13,G7,4504,0.07598757212016402,169.0,Medium
2025-08-13,UA,2658,0.0721482481291029,170.0,Medium
2025-08-13,OO,5652,0.07156435628560542,171.0,Medium
2025-08-13,OO,5964,0.05422130379251413,172.0,Medium
2025-08-13,UA,1564,0.05080483315143444,173.0,Medium
2025-08-13,UA,1659,0.05071788103571713,174.0,Medium
2025-08-13,OO,5448,0.043189292348565035,175.0,Medium
2025-08-13,UA,2154,0.04272877346451058,176.0,Medium
2025-08-13,UA,467,0.04117852675051971,177.0,Medium
2025-08-13,UA,293,0.034547435868605786,178.0,Medium
2025-08-13,UA,793,0.03327005564293854,179.0,Medium
2025-08-13,UA,2337,0.03311761055965552,180.0,Medium
2025-08-13,UA,533,0.025230945745038303,181.0,Medium
2025-08-13,YX,3520,0.022542149703413956,182.0,Medium
2025-08-13,UA,411,0.02012781141890006,183.0,Medium
2025-08-13,UA,1983,0.0190693762258072,184.0,Medium
2025-08-13,UA,2075,0.017465052803460397,185.0,Medium
2025-08-13,UA,563,0.016483229300793892,186.0,Medium
2025-08-13,UA,534,0.0134739364448365,187.0,Medium
2025-08-13,UA,1677,0.01269368375017365,188.0,Medium
2025-08-13,UA,1335,0.007174924797373576,189.0,Medium
2025-08-13,OO,5729,0.00444983752321243,190.0,Medium
2025-08-13,G7,4461,0.0041119010601294095,191.0,Medium
2025-08-13,UA,2616,0.002601371566426086,192.0,Medium
2025-08-13,UA,1347,-0.0018731517585037563,193.0,Medium
2025-08-13,UA,2333,-0.003607700585358642,194.0,Medium
2025-08-13,UA,276,-0.004054143315302738,195.0,Medium
2025-08-13,UA,2672,-0.007630319206554638,196.0,Medium
2025-08-13,UA,1273,-0.008015158222419758,197.0,Medium
2025-08-13,YX,3498,-0.010078691375214645,198.0,Medium
2025-08-13,UA,2059,-0.010898294357550601,199.0,Medium
2025-08-13,UA,2481,-0.011833681182674624,200.0,Medium
2025-08-13,UA,2137,-0.013173887509731894,201.0,Medium
2025-08-13,OO,5748,-0.013645760038359007,202.0,Medium
2025-08-13,UA,291,-0.014347601408663486,203.0,Medium
2025-08-13,UA,224,-0.01939338592351043,204.0,Medium
2025-08-13,UA,2627,-0.02197311228140212,205.0,Medium
2025-08-13,UA,343,-0.024615616980248257,206.0,Medium
2025-08-13,OO,5712,-0.02776502537538044,207.0,Medium
2025-08-13,UA,1710,-0.029550755138989263,208.0,Medium
2025-08-13,UA,611,-0.033274005370584184,209.0,Medium
2025-08-13,UA,2202,-0.03569475649652168,210.0,Medium
2025-08-13,YX,3569,-0.036315553696812115,211.0,Medium
2025-08-13,UA,1996,-0.039825399596610765,212.0,Medium
2025-08-13,UA,1851,-0.04063020403239273,213.0,Medium
2025-08-13,OO,5470,-0.04122153742358036,214.0,Medium
2025-08-13,OO,6002,-0.04778245158383747,215.0,Medium
2025-08-13,UA,2148,-0.048903248525521185,216.0,Medium
2025-08-13,G7,4552,-0.049795828797755556,217.0,Medium
2025-08-13,UA,2113,-0.05107725403799368,218.0,Medium
2025-08-13,OO,5521,-0.05243031187066039,219.0,Medium
2025-08-13,UA,2609,-0.054821532308114145,220.0,Medium
2025-08-13,UA,721,-0.05649910194842794,221.0,Medium
2025-08-13,OO,5344,-0.05681349240971969,222.0,Medium
2025-08-13,OO,4778,-0.059157410043431745,223.0,Medium
2025-08-13,UA,602,-0.06021807302582692,224.0,Medium
2025-08-13,UA,764,-0.0671547551722608,225.0,Medium
2025-08-13,UA,1580,-0.06794256625091195,226.0,Medium
2025-08-13,UA,1905,-0.07178527313981323,227.0,Medium
2025-08-13,UA,1304,-0.07210705417772274,228.0,Medium
2025-08-13,UA,1010,-0.07475118829907113,229.0,Medium
2025-08-13,UA,1361,-0.07542739172745133,230.0,Medium
2025-08-13,OO,5376,-0.07621638244461688,231.0,Medium
2025-08-13,UA,617,-0.07730114254939663,232.0,Medium
2025-08-13,G7,4590,-0.08011842006534166,233.0,Medium
2025-08-13,OO,5790,-0.08388441394598606,234.0,Medium
2025-08-13,OO,5360,-0.08468081141049935,235.0,Medium
2025-08-13,UA,1403,-0.08477176406416502,236.0,Medium
2025-08-13,UA,1113,-0.08680399710483996,237.0,Medium
2025-08-13,G7,4185,-0.08939667007188253,238.0,Medium
2025-08-13,UA,1641,-0.09038846881992564,239.0,Medium
2025-08-13,YX,3421,-0.09078628852588339,240.0,Medium
2025-08-13,G7,4549,-0.0921255989137833,241.0,Medium
2025-08-13,UA,2424,-0.09218937123376605,242.0,Medium
2025-08-13,UA,1967,-0.09340973465664333,243.0,Medium
2025-08-13,UA,2652,-0.09482746579491819,244.0,Medium
2025-08-13,OO,5274,-0.09686799123642664,245.0,Medium
2025-08-13,UA,312,-0.10096893387461986,246.0,Medium
2025-08-13,UA,561,-0.10399741285826919,247.0,Medium
2025-08-13,UA,2370,-0.10838833245583193,248.0,Medium
2025-08-13,UA,1742,-0.1095531318924737,249.0,Medium
2025-08-13,UA,1859,-0.1104478217738798,250.0,Medium
2025-08-13,UA,2628,-0.1115821178503031,251.0,Medium
2025-08-13,UA,2677,-0.11310596678759427,252.0,Medium
2025-08-13,OO,5868,-0.11433518570100488,253.0,Medium
2025-08-13,UA,2640,-0.11760507571611514,254.0,Medium
2025-08-13,OO,5131,-0.11774041462299817,255.0,Medium
2025-08-13,OO,5603,-0.11943490713582294,256.0,Medium
2025-08-13,OO,5251,-0.12232128295911543,257.0,Medium
2025-08-13,UA,1144,-0.12269377880824887,258.0,Medium
2025-08-13,OO,5852,-0.12581110916071486,259.0,Medium
2025-08-13,UA,2361,-0.1272354598272103,260.0,Medium
2025-08-13,UA,1538,-0.13237180901322293,261.0,Medium
2025-08-13,OO,5395,-0.13239864647559033,262.0,Medium
2025-08-13,OO,5821,-0.13533923958113436,263.0,Medium
2025-08-13,UA,1492,-0.13539545032746886,264.0,Medium
2025-08-13,UA,587,-0.13906099404808783,265.0,Medium
2025-08-13,OO,4718,-0.1429617397933177,266.0,Medium
2025-08-13,OO,5358,-0.14897725787082883,267.0,Medium
2025-08-13,UA,767,-0.15304491799047298,268.0,Medium
2025-08-13,UA,1448,-0.15498559745523774,269.0,Medium
2025-08-13,UA,1531,-0.16040873516825202,270.0,Medium
2025-08-13,UA,2635,-0.16177199063643516,271.0,Medium
2025-08-13,UA,1182,-0.16180786873358335,272.0,Medium
2025-08-13,UA,310,-0.16206976182489974,273.0,Medium
2025-08-13,OO,5382,-0.16228140189129436,274.0,Medium
2025-08-13,OO,5383,-0.163348351692203,275.0,Medium
2025-08-13,G7,4491,-0.16513806725943445,276.0,Medium
2025-08-13,OO,5027,-0.1685502267682646,277.0,Medium
2025-08-13,UA,2201,-0.1694433520897501,278.0,Medium
2025-08-13,UA,1576,-0.17325537212342235,279.0,Medium
2025-08-13,G7,4389,-0.17551599888306826,280.0,Medium
2025-08-13,YX,3707,-0.17623180429759408,281.0,Medium
2025-08-13,OO,4712,-0.17625637003238562,282.0,Medium
2025-08-13,OO,4792,-0.1766215764851019,283.0,Medium
2025-08-13,UA,2039,-0.1778614107806371,284.0,Medium
2025-08-13,UA,1097,-0.1819949337588877,285.0,Medium
2025-08-13,OO,4636,-0.18567774835362086,286.0,Medium
2025-08-13,UA,763,-0.19003891593391323,287.0,Medium
2025-08-13,UA,374,-0.19222678599628226,288.0,Medium
2025-08-13,OO,5225,-0.19342273387307227,289.0,Medium
2025-08-13,OO,4638,-0.19819815989505485,290.0,Medium
2025-08-13,OO,5272,-0.19999978763978654,291.0,Medium
2025-08-13,G7,4585,-0.2002447258365258,292.0,Medium
2025-08-13,UA,356,-0.20038181813202532,293.0,Medium
2025-08-13,OO,5026,-0.20309052227313984,294.0,Medium
2025-08-13,OO,5094,-0.20406494848226764,295.0,Medium
2025-08-13,OO,5819,-0.20431438267922367,296.0,Medium
2025-08-13,UA,1708,-0.20803879749280288,297.0,Medium
2025-08-13,G7,4436,-0.20829777034361371,298.0,Medium
2025-08-13,OO,5118,-0.20940979977139196,299.0,Medium
2025-08-13,UA,1363,-0.20966361091727165,300.0,Medium
2025-08-13,UA,1857,-0.21030095780962035,301.0,Medium
2025-08-13,OO,5447,-0.21104251462942325,302.0,Medium
2025-08-13,UA,2497,-0.21117989168595258,303.0,Medium
2025-08-13,OO,5836,-0.21122829949294397,304.0,Medium
2025-08-13,OO,5731,-0.2113751263399529,305.0,Medium
2025-08-13,UA,1316,-0.2123761979264454,306.0,Medium
2025-08-13,OO,5984,-0.21540944190861774,307.0,Medium
2025-08-13,OO,4645,-0.2157139717418391,308.0,Medium
2025-08-13,OO,5646,-0.21694717275251574,309.0,Medium
2025-08-13,YX,3694,-0.22270769555229322,310.0,Medium
2025-08-13,UA,1776,-0.2249427070405258,311.0,Medium
2025-08-13,YX,3493,-0.22530950454662313,312.0,Medium
2025-08-13,OO,5568,-0.22587713519121294,313.0,Medium
2025-08-13,G7,4431,-0.22697396250332796,314.0,Medium
2025-08-13,UA,1933,-0.23000373245323844,315.0,Medium
2025-08-13,OO,5843,-0.2326924817034601,316.0,Medium
2025-08-13,YX,3696,-0.23302453044765245,317.0,Medium
2025-08-13,YX,3604,-0.23310578491378925,318.0,Medium
2025-08-13,OO,5841,-0.2380112027526349,319.0,Medium
2025-08-13,G7,4458,-0.23929751251864645,320.0,Medium
2025-08-13,UA,1989,-0.24330625450225865,321.0,Medium
2025-08-13,UA,714,-0.24467621911175483,322.0,Medium
2025-08-13,UA,1980,-0.2468039425508095,323.0,Medium
2025-08-13,UA,2385,-0.24859598432805394,324.0,Medium
2025-08-13,OO,5833,-0.24969433523863846,325.0,Medium
2025-08-13,G7,4588,-0.25079127436329796,326.0,Medium
2025-08-13,G7,4502,-0.25084984235727054,327.0,Medium
2025-08-13,YX,3655,-0.25403608863741267,328.0,Medium
2025-08-13,UA,1398,-0.2550590229388202,329.0,Medium
2025-08-13,YX,3402,-0.2554711413593466,330.0,Medium
2025-08-13,OO,5795,-0.25554996149042886,331.0,Medium
2025-08-13,G7,4517,-0.2566109282488836,332.0,Medium
2025-08-13,G7,4416,-0.25889809309858713,333.0,Medium
2025-08-13,UA,399,-0.2594920963811987,334.0,Medium
2025-08-13,YX,3700,-0.26005853415349783,335.0,Medium
2025-08-13,UA,2343,-0.26165507791954246,336.0,Medium
2025-08-13,UA,1594,-0.2624659031801365,337.0,Medium
2025-08-13,YX,3568,-0.2631253251888453,338.0,Medium
2025-08-13,UA,2155,-0.26408163729074025,339.0,Medium
2025-08-13,UA,1129,-0.2644781629414933,340.0,Medium
2025-08-13,UA,1815,-0.26596452152162015,341.0,Medium
2025-08-13,G7,4445,-0.26763427326492695,342.0,Medium
2025-08-13,UA,1793,-0.2684557664419567,343.0,Medium
2025-08-13,UA,2414,-0.26858835891605953,344.0,Medium
2025-08-13,OO,5469,-0.2688897129636961,345.0,Medium
2025-08-13,OO,5427,-0.2694999663860993,346.0,Medium
2025-08-13,OO,5505,-0.27276809645743216,347.0,Medium
2025-08-13,G7,4529,-0.27296588482324957,348.0,Medium
2025-08-13,OO,5847,-0.2744937119684302,349.0,Medium
2025-08-13,YX,3601,-0.2791741325717233,350.0,Medium
2025-08-13,UA,1657,-0.2805985596292764,351.0,Medium
2025-08-13,UA,2865,-0.28242323604503566,352.0,Medium
2025-08-13,YX,3638,-0.28309562696363133,353.0,Medium
2025-08-13,G7,4188,-0.28344141055213123,354.0,Medium
2025-08-13,G7,4559,-0.2841113612806124,355.0,Medium
2025-08-13,G7,4429,-0.28540584630869664,356.0,Medium
2025-08-13,UA,2147,-0.2859196012561423,357.0,Medium
2025-08-13,OO,5108,-0.28625489061829545,358.0,Medium
2025-08-13,YX,3641,-0.28811427160965997,359.0,Medium
2025-08-13,YX,3614,-0.2902165915718349,360.0,Medium
2025-08-13,UA,1502,-0.29268958904212017,361.0,Medium
2025-08-13,OO,5414,-0.29807545679407016,362.0,Medium
2025-08-13,OO,4791,-0.3023400009457673,363.0,Medium
2025-08-13,UA,708,-0.30326516047749574,364.0,Medium
2025-08-13,YX,3635,-0.3055038536659192,365.0,Medium
2025-08-13,UA,1655,-0.3073256125914785,366.0,Medium
2025-08-13,UA,2430,-0.3094593506433146,367.0,Medium
2025-08-13,OO,5526,-0.3095331286668,368.0,Medium
2025-08-13,OO,5420,-0.3122498348684718,369.0,Medium
2025-08-13,UA,2040,-0.314055871171394,370.0,Medium
2025-08-13,UA,1252,-0.3155412262005626,371.0,Medium
2025-08-13,G7,4599,-0.31577533041643974,372.0,Medium
2025-08-13,OO,5280,-0.31590820564997313,373.0,Medium
2025-08-13,UA,2144,-0.31619209148248095,374.0,Medium
2025-08-13,YX,3610,-0.3173398997277213,375.0,Medium
2025-08-13,OO,5045,-0.3176882648595333,376.0,Medium
2025-08-13,UA,1740,-0.3178654001477869,377.0,Medium
2025-08-13,OO,5610,-0.3212101415739182,378.0,Medium
2025-08-13,OO,5585,-0.3240869318574002,379.0,Medium
2025-08-13,OO,5260,-0.32697077618624015,380.0,Medium
2025-08-13,OO,5624,-0.3292751079659918,381.0,Medium
2025-08-13,UA,2106,-0.33048674670772954,382.0,Medium
2025-08-13,OO,5398,-0.3313193239105485,383.0,Medium
2025-08-13,G7,4546,-0.3324958636642841,384.0,Medium
2025-08-13,OO,5608,-0.3393967588664443,385.0,Medium
2025-08-13,OO,5977,-0.3395830163281967,386.0,Medium
2025-08-13,UA,2302,-0.33989413331632534,387.0,Medium
2025-08-13,UA,2225,-0.34107876989240177,388.0,Medium
2025-08-13,UA,1941,-0.34146288081322207,389.0,Medium
2025-08-13,G7,4610,-0.34158809423382486,390.0,Medium
2025-08-13,UA,2092,-0.34169498861675646,391.0,Medium
2025-08-13,OO,5631,-0.3430389667313297,392.0,Medium
2025-08-13,OO,5314,-0.34460961025777903,393.0,Medium
2025-08-13,UA,2347,-0.3451059655170793,394.0,Medium
2025-08-13,OO,5555,-0.3501598027506823,395.0,Medium
2025-08-13,OO,4739,-0.3504111818595713,396.0,Medium
2025-08-13,G7,4568,-0.35156008512757925,397.0,Medium
2025-08-13,YX,3468,-0.3546094816105692,398.0,Easy
2025-08-13,UA,2005,-0.3548105798991095,399.0,Easy
2025-08-13,UA,265,-0.35882954227657443,400.0,Easy
2025-08-13,UA,556,-0.3611992340761433,401.0,Easy
2025-08-13,UA,2440,-0.3640201290969901,402.0,Easy
2025-08-13,G7,4571,-0.365120792996118,403.0,Easy
2025-08-13,OO,5275,-0.36564241941738157,404.0,Easy
2025-08-13,G7,4574,-0.3659879887812352,405.0,Easy
2025-08-13,G7,4501,-0.3703297421800093,406.0,Easy
2025-08-13,YX,3628,-0.3714529982948606,407.0,Easy
2025-08-13,YX,3525,-0.3723079127808823,408.0,Easy
2025-08-13,OO,5269,-0.3742159132876973,409.0,Easy
2025-08-13,OO,5429,-0.3742965996993073,410.0,Easy
2025-08-13,OO,5699,-0.3771613279470137,411.0,Easy
2025-08-13,OO,5125,-0.3778946740835515,412.0,Easy
2025-08-13,OO,5099,-0.37957962794252154,413.0,Easy
2025-08-13,YX,3465,-0.38134536126967183,414.0,Easy
2025-08-13,UA,2067,-0.38311840907591,415.0,Easy
2025-08-13,UA,1041,-0.3837865781567451,416.0,Easy
2025-08-13,G7,4173,-0.38523346134346753,417.0,Easy
2025-08-13,OO,5375,-0.3859103591500556,418.0,Easy
2025-08-13,YX,3571,-0.38723025058294414,419.0,Easy
2025-08-13,UA,476,-0.38740802828059523,420.0,Easy
2025-08-13,OO,5946,-0.39126580122852817,421.0,Easy
2025-08-13,OO,5763,-0.3915141190673999,422.0,Easy
2025-08-13,OO,5352,-0.392908912088634,423.0,Easy
2025-08-13,UA,1077,-0.3929863988535993,424.0,Easy
2025-08-13,OO,5309,-0.39353917082398526,425.0,Easy
2025-08-13,OO,5534,-0.39654487439264413,426.0,Easy
2025-08-13,UA,729,-0.3987710644122419,427.0,Easy
2025-08-13,OO,5874,-0.40030256493696037,428.0,Easy
2025-08-13,UA,660,-0.40112304743668176,429.0,Easy
2025-08-13,OO,5930,-0.40125344032131427,430.0,Easy
2025-08-13,UA,1030,-0.4026959474276026,431.0,Easy
2025-08-13,UA,2232,-0.41320111694604145,432.0,Easy
2025-08-13,OO,4766,-0.4156027081139291,433.0,Easy
2025-08-13,OO,4748,-0.420040167883462,434.0,Easy
2025-08-13,OO,5353,-0.420605341010934,435.0,Easy
2025-08-13,G7,4395,-0.42103153622895373,436.0,Easy
2025-08-13,G7,4558,-0.42135085663402283,437.0,Easy
2025-08-13,OO,5737,-0.4231742087883791,438.0,Easy
2025-08-13,UA,1297,-0.4241249983139325,439.0,Easy
2025-08-13,UA,2378,-0.4246926784236007,440.0,Easy
2025-08-13,G7,4563,-0.4250160107889956,441.0,Easy
2025-08-13,G7,4390,-0.4309362665240806,442.0,Easy
2025-08-13,OO,5517,-0.4328631739792446,443.0,Easy
2025-08-13,OO,5362,-0.43406225053880293,444.0,Easy
2025-08-13,G7,4482,-0.43470026636353876,445.0,Easy
2025-08-13,YX,3433,-0.4348784014148505,446.0,Easy
2025-08-13,UA,739,-0.4354023659078632,447.0,Easy
2025-08-13,YX,3551,-0.4415974643384364,448.0,Easy
2025-08-13,G7,4613,-0.44354238554774134,449.0,Easy
2025-08-13,G7,4584,-0.44634640540691894,450.0,Easy
2025-08-13,UA,592,-0.4465435056013591,451.0,Easy
2025-08-13,OO,5557,-0.448700802995421,452.0,Easy
2025-08-13,G7,4391,-0.4551151512480713,453.0,Easy
2025-08-13,OO,5810,-0.45942505019415286,454.0,Easy
2025-08-13,G7,4186,-0.45964911968498623,455.0,Easy
2025-08-13,YX,3716,-0.4599207753411642,456.0,Easy
2025-08-13,UA,2389,-0.46150156981530943,457.0,Easy
2025-08-13,OO,5337,-0.46216483884160725,458.0,Easy
2025-08-13,UA,1842,-0.46332430906901584,459.0,Easy
2025-08-13,YX,3603,-0.46399650773504175,460.0,Easy
2025-08-13,OO,5051,-0.4648886403808409,461.0,Easy
2025-08-13,G7,4380,-0.46546348632118617,462.0,Easy
2025-08-13,UA,1301,-0.4656216786856373,463.0,Easy
2025-08-13,OO,5100,-0.4663588439474677,464.0,Easy
2025-08-13,YX,3535,-0.4676974835387913,465.0,Easy
2025-08-13,UA,2665,-0.46952590757151746,466.0,Easy
2025-08-13,UA,247,-0.47227750136081403,467.0,Easy
2025-08-13,OO,5215,-0.47258703836397387,468.0,Easy
2025-08-13,G7,4519,-0.47292160529783667,469.0,Easy
2025-08-13,OO,5437,-0.47320794385958953,470.0,Easy
2025-08-13,OO,5038,-0.47721872509475066,471.0,Easy
2025-08-13,G7,4533,-0.4778817176976707,472.0,Easy
2025-08-13,UA,1269,-0.4787542337171136,473.0,Easy
2025-08-13,OO,5392,-0.47930880346223476,474.0,Easy
2025-08-13,OO,5290,-0.4835120763482428,475.0,Easy
2025-08-13,UA,1381,-0.4855634329617333,476.0,Easy
2025-08-13,OO,4789,-0.4864657090676437,477.0,Easy
2025-08-13,UA,2661,-0.4933514816986193,478.0,Easy
2025-08-13,OO,5915,-0.49460254533106984,479.0,Easy
2025-08-13,YX,3464,-0.4956166152109921,480.0,Easy
2025-08-13,OO,5250,-0.4959771289142845,481.0,Easy
2025-08-13,OO,5425,-0.4965965882766202,482.0,Easy
2025-08-13,OO,4780,-0.49831411910942247,483.0,Easy
2025-08-13,UA,1306,-0.4987210855925619,484.0,Easy
2025-08-13,OO,5262,-0.5023582371308982,485.0,Easy
2025-08-13,UA,1082,-0.5052609393195907,486.0,Easy
2025-08-13,OO,4809,-0.5092098913039729,487.0,Easy
2025-08-13,UA,752,-0.5096844118365106,488.0,Easy
2025-08-13,G7,4476,-0.512732562556092,489.0,Easy
2025-08-13,UA,1525,-0.5140238053844568,490.0,Easy
2025-08-13,G7,4463,-0.5152476688310703,491.0,Easy
2025-08-13,YX,3598,-0.5203863635902709,492.0,Easy
2025-08-13,OO,5320,-0.5216511662931846,493.0,Easy
2025-08-13,UA,1975,-0.5229412999662298,494.0,Easy
2025-08-13,OO,5219,-0.5260803836527963,495.0,Easy
2025-08-13,UA,1069,-0.5270212964804198,496.0,Easy
2025-08-13,G7,4426,-0.5310965042488427,497.0,Easy
2025-08-13,G7,4452,-0.5377715105729737,498.0,Easy
2025-08-13,YX,3690,-0.5409025376887902,499.0,Easy
2025-08-13,UA,1612,-0.5462305658453369,500.0,Easy
2025-08-13,G7,4468,-0.5462503230821234,501.0,Easy
2025-08-13,UA,1291,-0.546845311810143,502.0,Easy
2025-08-13,OO,5140,-0.5486514061591772,503.0,Easy
2025-08-13,OO,5124,-0.5491346585171648,504.0,Easy
2025-08-13,OO,5564,-0.5517671062641871,505.0,Easy
2025-08-13,OO,5565,-0.5527867848866687,506.0,Easy
2025-08-13,UA,2090,-0.5549980258266614,507.0,Easy
2025-08-13,G7,4425,-0.5590876956312697,508.0,Easy
2025-08-13,OO,5643,-0.5638709407033428,509.0,Easy
2025-08-13,G7,4542,-0.5672988926114391,510.0,Easy
2025-08-13,UA,2189,-0.5673299876587802,511.0,Easy
2025-08-13,OO,5499,-0.5705471528649654,512.0,Easy
2025-08-13,UA,777,-0.5766054462470511,513.0,Easy
2025-08-13,OO,5565,-0.5790340210262863,514.0,Easy
2025-08-13,UA,1413,-0.5835893765387199,515.0,Easy
2025-08-13,OO,5234,-0.5894751402945646,516.0,Easy
2025-08-13,OO,5565,-0.5939541918879685,517.0,Easy
2025-08-13,UA,1156,-0.5968246180692808,518.0,Easy
2025-08-13,YX,3542,-0.5975798327135058,519.0,Easy
2025-08-13,OO,5538,-0.6034230320855459,520.0,Easy
2025-08-13,OO,5444,-0.6071332930591558,521.0,Easy
2025-08-13,OO,5565,-0.6202014280275862,522.0,Easy
2025-08-13,YX,3536,-0.638941170861491,523.0,Easy
2025-08-13,UA,2488,-0.6539700289542376,524.0,Easy
2025-08-13,OO,5229,-0.6556778623366347,525.0,Easy
2025-08-13,OO,5020,-0.6657204334416588,526.0,Easy
2025-08-13,OO,5138,-0.6703268730720299,527.0,Easy
2025-08-13,OO,5135,-0.7107854979575433,528.0,Easy
2025-08-13,OO,5136,-0.7963539577920659,529.0,Easy
2025-08-14,UA,411,6.181958913216886,1.0,Difficult
2025-08-14,UA,909,4.198527942741489,2.0,Difficult
2025-08-14,UA,2684,3.17707414306663,3.0,Difficult
2025-08-14,UA,944,2.840370977923535,4.0,Difficult
2025-08-14,UA,845,2.7440590229533903,5.0,Difficult
2025-08-14,UA,907,2.2475903644955464,6.0,Difficult
2025-08-14,OO,4780,2.112339842858884,7.0,Difficult
2025-08-14,UA,374,2.0296071521334658,8.0,Difficult
2025-08-14,UA,422,1.8731570556320922,9.0,Difficult
2025-08-14,UA,416,1.8202568184812882,10.0,Difficult
2025-08-14,OO,5253,1.7561554496879448,11.0,Difficult
2025-08-14,UA,1834,1.5312400111735978,12.0,Difficult
2025-08-14,UA,349,1.4489306195978924,13.0,Difficult
2025-08-14,UA,1599,1.4387264163723656,14.0,Difficult
2025-08-14,UA,3,1.4352001171378708,15.0,Difficult
2025-08-14,UA,972,1.4271919151962043,16.0,Difficult
2025-08-14,UA,2488,1.326927361429849,17.0,Difficult
2025-08-14,UA,1983,1.2856392435650739,18.0,Difficult
2025-08-14,UA,764,1.238875042081687,19.0,Difficult
2025-08-14,UA,987,1.1936993263238105,20.0,Difficult
2025-08-14,UA,1617,1.1911727026674137,21.0,Difficult
2025-08-14,UA,1538,1.1843303076737735,22.0,Difficult
2025-08-14,G7,4452,1.1837108173401365,23.0,Difficult
2025-08-14,UA,2090,1.162693308614552,24.0,Difficult
2025-08-14,UA,1620,1.1377284571996724,25.0,Difficult
2025-08-14,UA,2481,1.126951896361299,26.0,Difficult
2025-08-14,UA,2616,1.0993178655037534,27.0,Difficult
2025-08-14,UA,2389,1.0968414640616604,28.0,Difficult
2025-08-14,OO,5337,1.0537856142188564,29.0,Difficult
2025-08-14,UA,1113,1.0413110626011273,30.0,Difficult
2025-08-14,UA,938,0.9492212004432794,31.0,Difficult
2025-08-14,UA,660,0.9371580540984163,32.0,Difficult
2025-08-14,G7,4380,0.9279767056503235,33.0,Difficult
2025-08-14,UA,1905,0.8809381208183055,34.0,Difficult
2025-08-14,UA,219,0.8754163079672869,35.0,Difficult
2025-08-14,UA,1239,0.828810608500814,36.0,Difficult
2025-08-14,UA,1975,0.815802775419519,37.0,Difficult
2025-08-14,UA,1270,0.7959589659957853,38.0,Difficult
2025-08-14,UA,1387,0.793266572390522,39.0,Difficult
2025-08-14,UA,970,0.790419700750347,40.0,Difficult
2025-08-14,UA,580,0.7646536012454891,41.0,Difficult
2025-08-14,UA,118,0.7497222701187001,42.0,Difficult
2025-08-14,UA,1996,0.7475741189273669,43.0,Difficult
2025-08-14,UA,1044,0.7224780420450688,44.0,Difficult
2025-08-14,UA,2649,0.7064904952721855,45.0,Difficult
2025-08-14,OO,5099,0.7012448850017485,46.0,Difficult
2025-08-14,UA,1643,0.6845853979230523,47.0,Difficult
2025-08-14,UA,980,0.6599384513209429,48.0,Difficult
2025-08-14,UA,1421,0.6549762503896399,49.0,Difficult
2025-08-14,UA,359,0.6303719055422166,50.0,Difficult
2025-08-14,UA,468,0.6057951582878672,51.0,Difficult
2025-08-14,YX,3421,0.6000261483846188,52.0,Difficult
2025-08-14,UA,2039,0.593309643224014,53.0,Difficult
2025-08-14,UA,2427,0.583006822801061,54.0,Difficult
2025-08-14,OO,5930,0.5819206951946034,55.0,Difficult
2025-08-14,UA,2672,0.5814004526732202,56.0,Difficult
2025-08-14,UA,2417,0.5760979365573535,57.0,Difficult
2025-08-14,UA,609,0.5739769174297774,58.0,Difficult
2025-08-14,UA,1314,0.5685265856328866,59.0,Difficult
2025-08-14,G7,4529,0.5631392163093161,60.0,Difficult
2025-08-14,UA,2337,0.5562060409949325,61.0,Difficult
2025-08-14,UA,786,0.5533018078089165,62.0,Difficult
2025-08-14,UA,2483,0.541427305799935,63.0,Difficult
2025-08-14,UA,1785,0.5256405363715212,64.0,Difficult
2025-08-14,UA,1316,0.5151212402857286,65.0,Difficult
2025-08-14,UA,920,0.5140044455737903,66.0,Difficult
2025-08-14,UA,2618,0.48290715417320806,67.0,Difficult
2025-08-14,UA,2683,0.4778176149968982,68.0,Difficult
2025-08-14,G7,4563,0.4767810595936789,69.0,Difficult
2025-08-14,UA,777,0.4621737643741949,70.0,Difficult
2025-08-14,UA,1634,0.450221674102395,71.0,Difficult
2025-08-14,UA,881,0.44810492562192866,72.0,Difficult
2025-08-14,UA,2200,0.4479877084941704,73.0,Difficult
2025-08-14,UA,563,0.4459229812672807,74.0,Difficult
2025-08-14,UA,1215,0.4387812552356535,75.0,Difficult
2025-08-14,UA,288,0.43003465070100944,76.0,Difficult
2025-08-14,UA,1328,0.4289598475776423,77.0,Difficult
2025-08-14,UA,912,0.4281280278552418,78.0,Difficult
2025-08-14,UA,2370,0.4258071311725897,79.0,Difficult
2025-08-14,UA,953,0.41708534342966225,80.0,Difficult
2025-08-14,UA,769,0.41085158579006437,81.0,Difficult
2025-08-14,UA,2172,0.40788816895011537,82.0,Difficult
2025-08-14,OO,5577,0.3995660906364086,83.0,Difficult
2025-08-14,UA,1811,0.38179797143744265,84.0,Difficult
2025-08-14,UA,2226,0.3759034625271605,85.0,Difficult
2025-08-14,UA,929,0.3736331637371224,86.0,Difficult
2025-08-14,UA,2329,0.36497608242144935,87.0,Difficult
2025-08-14,UA,2038,0.3546051084165858,88.0,Difficult
2025-08-14,OO,5532,0.353210342077362,89.0,Difficult
2025-08-14,UA,2211,0.35086166724868756,90.0,Difficult
2025-08-14,UA,2323,0.34772184556804364,91.0,Difficult
2025-08-14,OO,5859,0.34431879537362653,92.0,Difficult
2025-08-14,UA,2099,0.33534649766066704,93.0,Difficult
2025-08-14,UA,534,0.33350718475306645,94.0,Difficult
2025-08-14,OO,5555,0.3299547935966225,95.0,Difficult
2025-08-14,UA,2144,0.32894311594186826,96.0,Difficult
2025-08-14,OO,5094,0.323853839009831,97.0,Difficult
2025-08-14,UA,2658,0.3126175117360789,98.0,Difficult
2025-08-14,UA,1082,0.29913138388869465,99.0,Difficult
2025-08-14,OO,5603,0.2975410786033572,100.0,Difficult
2025-08-14,UA,2635,0.2962720528634763,101.0,Difficult
2025-08-14,UA,1126,0.29387300038047903,102.0,Difficult
2025-08-14,UA,2661,0.2832541158931293,103.0,Difficult
2025-08-14,UA,600,0.28299437232562064,104.0,Difficult
2025-08-14,G7,4481,0.2799156884842719,105.0,Difficult
2025-08-14,UA,1068,0.27340403963339527,106.0,Difficult
2025-08-14,UA,1823,0.27311865674210495,107.0,Difficult
2025-08-14,UA,1358,0.2701892800092251,108.0,Difficult
2025-08-14,UA,293,0.26938140262767385,109.0,Difficult
2025-08-14,UA,1485,0.26893032983109944,110.0,Difficult
2025-08-14,OO,5344,0.26840802941817243,111.0,Difficult
2025-08-14,UA,1658,0.2657259425573749,112.0,Difficult
2025-08-14,OO,5731,0.26449203178219,113.0,Difficult
2025-08-14,UA,664,0.26446203118918127,114.0,Difficult
2025-08-14,UA,1761,0.26270071493640446,115.0,Difficult
2025-08-14,UA,2008,0.261578323808914,116.0,Difficult
2025-08-14,UA,622,0.260855354803451,117.0,Difficult
2025-08-14,YX,3525,0.25679679325238636,118.0,Difficult
2025-08-14,UA,1655,0.25230742600223377,119.0,Difficult
2025-08-14,UA,611,0.250817624979517,120.0,Difficult
2025-08-14,UA,2691,0.23575155937132772,121.0,Difficult
2025-08-14,UA,2202,0.23442386898305667,122.0,Difficult
2025-08-14,UA,1413,0.23347986661154504,123.0,Difficult
2025-08-14,UA,1801,0.23106111673377525,124.0,Difficult
2025-08-14,G7,4611,0.227519164272834,125.0,Difficult
2025-08-14,UA,2195,0.22596081371624527,126.0,Difficult
2025-08-14,UA,247,0.2214293194295595,127.0,Difficult
2025-08-14,UA,1273,0.2196673851355789,128.0,Difficult
2025-08-14,UA,1531,0.21747860416729153,129.0,Difficult
2025-08-14,UA,1491,0.21679148180474417,130.0,Difficult
2025-08-14,UA,2067,0.21367827551694576,131.0,Difficult
2025-08-14,UA,2201,0.20943523579113082,132.0,Difficult
2025-08-14,OO,5963,0.20414492793616043,133.0,Difficult
2025-08-14,UA,1657,0.19795533617727062,134.0,Difficult
2025-08-14,UA,1923,0.19638980909192433,135.0,Difficult
2025-08-14,UA,2657,0.1928889076207909,136.0,Difficult
2025-08-14,UA,1803,0.19040872324079297,137.0,Difficult
2025-08-14,UA,2347,0.1876850081619027,138.0,Difficult
2025-08-14,UA,1830,0.1831499657384374,139.0,Difficult
2025-08-14,UA,2189,0.17806618233934793,140.0,Difficult
2025-08-14,UA,2207,0.1766897981833467,141.0,Medium
2025-08-14,UA,1448,0.17378279679293787,142.0,Medium
2025-08-14,UA,791,0.1694328056571823,143.0,Medium
2025-08-14,UA,2137,0.1691756601618411,144.0,Medium
2025-08-14,OO,5292,0.1689933348880756,145.0,Medium
2025-08-14,UA,1859,0.16491847698145679,146.0,Medium
2025-08-14,UA,1144,0.16170313166824393,147.0,Medium
2025-08-14,UA,2677,0.15805485963866134,148.0,Medium
2025-08-14,UA,1198,0.15598422772866352,149.0,Medium
2025-08-14,UA,602,0.1542430441200245,150.0,Medium
2025-08-14,UA,2182,0.1421059057671489,151.0,Medium
2025-08-14,G7,4597,0.1362433879644131,152.0,Medium
2025-08-14,UA,1363,0.1329584964570468,153.0,Medium
2025-08-14,OO,5517,0.12939496586431135,154.0,Medium
2025-08-14,UA,1205,0.12663507206017502,155.0,Medium
2025-08-14,UA,1584,0.12356435279896755,156.0,Medium
2025-08-14,UA,2665,0.12220194874461734,157.0,Medium
2025-08-14,UA,2113,0.1200809316920575,158.0,Medium
2025-08-14,OO,5593,0.12000797443533777,159.0,Medium
2025-08-14,OO,5427,0.111404265739007,160.0,Medium
2025-08-14,UA,533,0.110532310764788,161.0,Medium
2025-08-14,OO,5601,0.1104655473248166,162.0,Medium
2025-08-14,UA,2243,0.11016008184913417,163.0,Medium
2025-08-14,UA,2104,0.10749164530276137,164.0,Medium
2025-08-14,YX,3440,0.10165588114555985,165.0,Medium
2025-08-14,YX,3523,0.10117766723770849,166.0,Medium
2025-08-14,UA,576,0.09581201275462728,167.0,Medium
2025-08-14,UA,2225,0.09298304508509805,168.0,Medium
2025-08-14,UA,1980,0.08927700237588049,169.0,Medium
2025-08-14,UA,1564,0.08543066055450552,170.0,Medium
2025-08-14,OO,5392,0.0797035856433358,171.0,Medium
2025-08-14,UA,592,0.07821533752601952,172.0,Medium
2025-08-14,UA,2278,0.07544762585048453,173.0,Medium
2025-08-14,UA,1660,0.06930021435232042,174.0,Medium
2025-08-14,UA,2154,0.06650121592477957,175.0,Medium
2025-08-14,UA,2254,0.06482546232693623,176.0,Medium
2025-08-14,UA,1583,0.06461406919372184,177.0,Medium
2025-08-14,UA,2106,0.06390212542716486,178.0,Medium
2025-08-14,UA,561,0.060933096228067446,179.0,Medium
2025-08-14,OO,5100,0.05843213474153708,180.0,Medium
2025-08-14,OO,4645,0.05514951301455373,181.0,Medium
2025-08-14,OO,5790,0.0527786595634326,182.0,Medium
2025-08-14,UA,1335,0.05266124156651227,183.0,Medium
2025-08-14,UA,2092,0.051235963079149696,184.0,Medium
2025-08-14,YX,3603,0.049586726937514786,185.0,Medium
2025-08-14,UA,1815,0.045050208478955106,186.0,Medium
2025-08-14,UA,1414,0.04436325483865171,187.0,Medium
2025-08-14,G7,4558,0.04149496938744612,188.0,Medium
2025-08-14,UA,721,0.040723565313973684,189.0,Medium
2025-08-14,UA,1594,0.03901479108009579,190.0,Medium
2025-08-14,UA,1304,0.038356521150176896,191.0,Medium
2025-08-14,UA,1974,0.03639971970513282,192.0,Medium
2025-08-14,UA,291,0.035529222474267604,193.0,Medium
2025-08-14,UA,2333,0.03495150675473657,194.0,Medium
2025-08-14,UA,2005,0.031922771718515444,195.0,Medium
2025-08-14,UA,1616,0.031046236297002636,196.0,Medium
2025-08-14,UA,1525,0.02938107036658192,197.0,Medium
2025-08-14,UA,1168,0.027852384076417998,198.0,Medium
2025-08-14,UA,2280,0.027201246047351642,199.0,Medium
2025-08-14,UA,556,0.025967380239667673,200.0,Medium
2025-08-14,G7,4395,0.02443453641649368,201.0,Medium
2025-08-14,UA,343,0.01815043889438,202.0,Medium
2025-08-14,UA,763,0.01651748233353252,203.0,Medium
2025-08-14,UA,2290,0.011117659110626626,204.0,Medium
2025-08-14,UA,1178,0.009071772866705404,205.0,Medium
2025-08-14,G7,4474,0.00680484431273376,206.0,Medium
2025-08-14,UA,2147,0.0035636652920345985,207.0,Medium
2025-08-14,UA,2629,0.0016100777666427993,208.0,Medium
2025-08-14,UA,224,0.0011447480214192632,209.0,Medium
2025-08-14,UA,2394,-0.0016436121670885886,210.0,Medium
2025-08-14,UA,2424,-0.0034253617242279155,211.0,Medium
2025-08-14,UA,2100,-0.0046733701578938885,212.0,Medium
2025-08-14,UA,729,-0.005207434558764129,213.0,Medium
2025-08-14,UA,2011,-0.00840756465944056,214.0,Medium
2025-08-14,UA,1182,-0.01476253098689223,215.0,Medium
2025-08-14,G7,4436,-0.015230249720806548,216.0,Medium
2025-08-14,OO,5565,-0.017217301532321726,217.0,Medium
2025-08-14,YX,3718,-0.01884105121623389,218.0,Medium
2025-08-14,UA,503,-0.018900366104347824,219.0,Medium
2025-08-14,UA,2361,-0.019325221240900622,220.0,Medium
2025-08-14,UA,1848,-0.024799014731783052,221.0,Medium
2025-08-14,G7,4390,-0.026560152622283652,222.0,Medium
2025-08-14,OO,5874,-0.027116044009090533,223.0,Medium
2025-08-14,UA,2071,-0.02764276333629606,224.0,Medium
2025-08-14,UA,265,-0.033088153501809,225.0,Medium
2025-08-14,UA,1269,-0.034824016252822776,226.0,Medium
2025-08-14,OO,5420,-0.035505806154660015,227.0,Medium
2025-08-14,OO,5729,-0.03799384131097811,228.0,Medium
2025-08-14,OO,5901,-0.04017034308172227,229.0,Medium
2025-08-14,YX,3535,-0.041366488065461116,230.0,Medium
2025-08-14,UA,481,-0.0454400506770804,231.0,Medium
2025-08-14,UA,2138,-0.04652974117724935,232.0,Medium
2025-08-14,UA,445,-0.049073905894209915,233.0,Medium
2025-08-14,OO,5607,-0.04924269703747684,234.0,Medium
2025-08-14,UA,1842,-0.049254922867550024,235.0,Medium
2025-08-14,G7,4610,-0.049866507571962954,236.0,Medium
2025-08-14,UA,2133,-0.05758958330304446,237.0,Medium
2025-08-14,UA,2302,-0.058963358336383706,238.0,Medium
2025-08-14,UA,2862,-0.06276155548514381,239.0,Medium
2025-08-14,UA,2059,-0.06348485910632759,240.0,Medium
2025-08-14,UA,758,-0.06482656939508208,241.0,Medium
2025-08-14,UA,1920,-0.06657428008369508,242.0,Medium
2025-08-14,OO,5362,-0.07118463069131217,243.0,Medium
2025-08-14,UA,276,-0.07290910567375003,244.0,Medium
2025-08-14,OO,5810,-0.07338983422216648,245.0,Medium
2025-08-14,UA,2653,-0.07416198566122366,246.0,Medium
2025-08-14,YX,3568,-0.07463687326211654,247.0,Medium
2025-08-14,OO,5395,-0.07747157127512702,248.0,Medium
2025-08-14,OO,5988,-0.07767004260379129,249.0,Medium
2025-08-14,G7,4590,-0.07929210713686632,250.0,Medium
2025-08-14,UA,1209,-0.0803907205595607,251.0,Medium
2025-08-14,UA,1872,-0.08086113190153951,252.0,Medium
2025-08-14,OO,5526,-0.08181870462810673,253.0,Medium
2025-08-14,OO,5352,-0.08401609812508933,254.0,Medium
2025-08-14,UA,312,-0.08665735444812034,255.0,Medium
2025-08-14,OO,4712,-0.08714634737019086,256.0,Medium
2025-08-14,UA,399,-0.0887045779419794,257.0,Medium
2025-08-14,G7,4546,-0.08981245745257893,258.0,Medium
2025-08-14,UA,1933,-0.09169414284243256,259.0,Medium
2025-08-14,UA,1361,-0.09171646945432343,260.0,Medium
2025-08-14,UA,1659,-0.09565917028718554,261.0,Medium
2025-08-14,YX,3464,-0.09709737018716044,262.0,Medium
2025-08-14,UA,1708,-0.09973612578564599,263.0,Medium
2025-08-14,UA,2075,-0.10040182971468645,264.0,Medium
2025-08-14,UA,2177,-0.10088838011510781,265.0,Medium
2025-08-14,UA,482,-0.10166473366846776,266.0,Medium
2025-08-14,OO,5026,-0.1043851626965476,267.0,Medium
2025-08-14,OO,5536,-0.10450033880323872,268.0,Medium
2025-08-14,G7,4458,-0.104818815250834,269.0,Medium
2025-08-14,UA,2179,-0.10820792321643911,270.0,Medium
2025-08-14,UA,2465,-0.11108075970314452,271.0,Medium
2025-08-14,OO,5564,-0.11270730392117341,272.0,Medium
2025-08-14,UA,1492,-0.11514320046243008,273.0,Medium
2025-08-14,UA,1878,-0.11539053910693389,274.0,Medium
2025-08-14,OO,5289,-0.12143959805835643,275.0,Medium
2025-08-14,UA,1347,-0.12205544146935031,276.0,Medium
2025-08-14,UA,378,-0.12684872278121653,277.0,Medium
2025-08-14,UA,1377,-0.13047292386226478,278.0,Medium
2025-08-14,UA,2652,-0.13355160640003735,279.0,Medium
2025-08-14,UA,2004,-0.13359684055329385,280.0,Medium
2025-08-14,UA,1577,-0.13406597899777123,281.0,Medium
2025-08-14,UA,1030,-0.13410035235634768,282.0,Medium
2025-08-14,UA,1041,-0.13502898612806116,283.0,Medium
2025-08-14,OO,5668,-0.13761769838440427,284.0,Medium
2025-08-14,UA,1742,-0.13846867614321967,285.0,Medium
2025-08-14,G7,4519,-0.1436018745376654,286.0,Medium
2025-08-14,G7,4389,-0.14361427908036534,287.0,Medium
2025-08-14,UA,1756,-0.14457719313088369,288.0,Medium
2025-08-14,UA,1129,-0.14615280188434113,289.0,Medium
2025-08-14,UA,1909,-0.15324468121207818,290.0,Medium
2025-08-14,UA,739,-0.1533286530063652,291.0,Medium
2025-08-14,UA,1010,-0.15537181583079698,292.0,Medium
2025-08-14,UA,2666,-0.15926547350827017,293.0,Medium
2025-08-14,UA,1740,-0.16033254500696276,294.0,Medium
2025-08-14,UA,1077,-0.16238623387799767,295.0,Medium
2025-08-14,G7,4416,-0.1649359102489117,296.0,Medium
2025-08-14,OO,4636,-0.1653455581269077,297.0,Medium
2025-08-14,UA,2418,-0.1699199707799932,298.0,Medium
2025-08-14,OO,5376,-0.17084181429302298,299.0,Medium
2025-08-14,YX,3610,-0.17461914229159875,300.0,Medium
2025-08-14,OO,5448,-0.1776074487651048,301.0,Medium
2025-08-14,G7,4554,-0.17852592519308516,302.0,Medium
2025-08-14,G7,4568,-0.18020993814161715,303.0,Medium
2025-08-14,OO,4791,-0.18046425505991265,304.0,Medium
2025-08-14,OO,5841,-0.1816199550190607,305.0,Medium
2025-08-14,G7,4501,-0.18170235129678514,306.0,Medium
2025-08-14,UA,1139,-0.182938426549681,307.0,Medium
2025-08-14,UA,2387,-0.189562375219831,308.0,Medium
2025-08-14,G7,4482,-0.19130795477815232,309.0,Medium
2025-08-14,YX,3409,-0.19216308377212546,310.0,Medium
2025-08-14,OO,5568,-0.19324932799643077,311.0,Medium
2025-08-14,OO,5414,-0.19628028193288052,312.0,Medium
2025-08-14,UA,1775,-0.19655981997172742,313.0,Medium
2025-08-14,UA,2155,-0.20158050225897794,314.0,Medium
2025-08-14,UA,1252,-0.20229084673028502,315.0,Medium
2025-08-14,UA,1967,-0.20245218570192292,316.0,Medium
2025-08-14,UA,1989,-0.20846628681587293,317.0,Medium
2025-08-14,UA,2385,-0.2090540819222915,318.0,Medium
2025-08-14,OO,5637,-0.2099206359877503,319.0,Medium
2025-08-14,UA,1576,-0.210055465143569,320.0,Medium
2025-08-14,OO,5585,-0.21108809513040358,321.0,Medium
2025-08-14,UA,1069,-0.2116518846306522,322.0,Medium
2025-08-14,UA,2865,-0.21340129504315294,323.0,Medium
2025-08-14,OO,4778,-0.2137056850035204,324.0,Medium
2025-08-14,UA,2414,-0.21521142448891778,325.0,Medium
2025-08-14,G7,4491,-0.21926855801460762,326.0,Medium
2025-08-14,YX,3569,-0.2195188601995644,327.0,Medium
2025-08-14,OO,5833,-0.22032934940724266,328.0,Medium
2025-08-14,OO,5435,-0.22717207326716962,329.0,Medium
2025-08-14,UA,1851,-0.22803469281517347,330.0,Medium
2025-08-14,YX,3641,-0.23095805289058252,331.0,Medium
2025-08-14,OO,4638,-0.23314873226571473,332.0,Medium
2025-08-14,UA,1156,-0.23320391169123217,333.0,Medium
2025-08-14,G7,4504,-0.2365104328358524,334.0,Medium
2025-08-14,G7,4518,-0.237938895628679,335.0,Medium
2025-08-14,UA,1941,-0.23942501149744294,336.0,Medium
2025-08-14,UA,793,-0.2399129180368415,337.0,Medium
2025-08-14,UA,1741,-0.24195260425760284,338.0,Medium
2025-08-14,UA,2487,-0.24323225584068123,339.0,Medium
2025-08-14,UA,1776,-0.245497634263644,340.0,Medium
2025-08-14,OO,5505,-0.24705801389073564,341.0,Medium
2025-08-14,UA,2609,-0.24721327688612416,342.0,Medium
2025-08-14,UA,2148,-0.2481175265804065,343.0,Medium
2025-08-14,UA,307,-0.25010701671337365,344.0,Medium
2025-08-14,UA,1495,-0.25058540350058633,345.0,Medium
2025-08-14,OO,5272,-0.25090041761565535,346.0,Medium
2025-08-14,YX,3520,-0.2530218264357412,347.0,Medium
2025-08-14,OO,5474,-0.254851724331056,348.0,Medium
2025-08-14,OO,5225,-0.25487593645881274,349.0,Medium
2025-08-14,OO,5219,-0.25643931648774665,350.0,Medium
2025-08-14,G7,4188,-0.2575208425193025,351.0,Medium
2025-08-14,G7,4574,-0.2583603172396152,352.0,Medium
2025-08-14,OO,5608,-0.2590894116289905,353.0,Medium
2025-08-14,UA,1477,-0.26060295912825954,354.0,Medium
2025-08-14,G7,4463,-0.26368009865881253,355.0,Medium
2025-08-14,OO,5274,-0.26442514111142185,356.0,Medium
2025-08-14,OO,5868,-0.26605969976607335,357.0,Medium
2025-08-14,UA,2430,-0.2667540839300992,358.0,Medium
2025-08-14,YX,3536,-0.27264153781310785,359.0,Medium
2025-08-14,UA,1324,-0.2726857332569189,360.0,Medium
2025-08-14,UA,1899,-0.2729478172154813,361.0,Medium
2025-08-14,OO,5118,-0.27366413080735924,362.0,Medium
2025-08-14,UA,2494,-0.2742905733280007,363.0,Medium
2025-08-14,UA,587,-0.27546778039687375,364.0,Medium
2025-08-14,OO,4739,-0.28170579485225256,365.0,Medium
2025-08-14,UA,1857,-0.28186202142510464,366.0,Medium
2025-08-14,OO,5819,-0.2827044451154137,367.0,Medium
2025-08-14,OO,5309,-0.28297031141098006,368.0,Medium
2025-08-14,OO,5852,-0.2845091529104098,369.0,Medium
2025-08-14,UA,2627,-0.28699112561757856,370.0,Medium
2025-08-14,OO,4789,-0.2870015193525202,371.0,Medium
2025-08-14,OO,5380,-0.2888872059759795,372.0,Medium
2025-08-14,UA,286,-0.29043935862253895,373.0,Medium
2025-08-14,UA,1124,-0.29051039661489,374.0,Medium
2025-08-14,YX,3451,-0.2913328104479664,375.0,Medium
2025-08-14,UA,2040,-0.29319122993654717,376.0,Medium
2025-08-14,UA,2426,-0.2935947680800933,377.0,Medium
2025-08-14,YX,3716,-0.295590601905935,378.0,Medium
2025-08-14,G7,4431,-0.2973198421084992,379.0,Medium
2025-08-14,OO,5027,-0.29795201880611755,380.0,Medium
2025-08-14,YX,3468,-0.303217426629428,381.0,Medium
2025-08-14,UA,2251,-0.3032664837477138,382.0,Medium
2025-08-14,OO,5821,-0.3046158311395078,383.0,Medium
2025-08-14,UA,1502,-0.30571840868007977,384.0,Medium
2025-08-14,OO,6002,-0.3074497560908612,385.0,Medium
2025-08-14,UA,1832,-0.3077839403559994,386.0,Medium
2025-08-14,G7,4517,-0.30854065560618726,387.0,Medium
2025-08-14,UA,310,-0.30876689399474705,388.0,Medium
2025-08-14,G7,4549,-0.3091793376764606,389.0,Medium
2025-08-14,UA,1641,-0.3124384697361573,390.0,Medium
2025-08-14,G7,4599,-0.3153925385936341,391.0,Medium
2025-08-14,UA,1100,-0.31556130118602055,392.0,Medium
2025-08-14,OO,5234,-0.31625686810156906,393.0,Medium
2025-08-14,YX,3696,-0.31690000392333995,394.0,Medium
2025-08-14,UA,714,-0.31856460239932033,395.0,Medium
2025-08-14,OO,5260,-0.32459086039878954,396.0,Medium
2025-08-14,UA,2232,-0.3273773882765544,397.0,Medium
2025-08-14,YX,3402,-0.33009697330979476,398.0,Medium
2025-08-14,OO,5493,-0.3315254056718919,399.0,Medium
2025-08-14,UA,695,-0.3316750119551762,400.0,Medium
2025-08-14,UA,1793,-0.3317998986135194,401.0,Medium
2025-08-14,OO,5020,-0.33189871136598825,402.0,Medium
2025-08-14,UA,1306,-0.3326770390878242,403.0,Medium
2025-08-14,YX,3604,-0.3328744747907792,404.0,Medium
2025-08-14,OO,5375,-0.3380084479335315,405.0,Medium
2025-08-14,OO,5652,-0.338158849931036,406.0,Medium
2025-08-14,OO,5125,-0.340514639569414,407.0,Medium
2025-08-14,G7,4445,-0.3422922178025156,408.0,Medium
2025-08-14,G7,4588,-0.342486250283057,409.0,Medium
2025-08-14,UA,476,-0.34254787502305184,410.0,Medium
2025-08-14,OO,5360,-0.34295432336238474,411.0,Medium
2025-08-14,OO,4792,-0.34567515565120366,412.0,Medium
2025-08-14,YX,3655,-0.3463845966071794,413.0,Medium
2025-08-14,UA,2440,-0.3471002429383342,414.0,Medium
2025-08-14,UA,1291,-0.3471609516167717,415.0,Medium
2025-08-14,YX,3654,-0.34732572596653444,416.0,Medium
2025-08-14,OO,5795,-0.34855811888462396,417.0,Medium
2025-08-14,OO,5977,-0.3486369024217677,418.0,Medium
2025-08-14,UA,767,-0.34881208814599907,419.0,Medium
2025-08-14,OO,5748,-0.35004798965970463,420.0,Medium
2025-08-14,OO,5280,-0.35206918386657854,421.0,Easy
2025-08-14,OO,5290,-0.3522550773334241,422.0,Easy
2025-08-14,OO,5948,-0.3531058180065559,423.0,Easy
2025-08-14,OO,5131,-0.35329569143341066,424.0,Easy
2025-08-14,OO,5446,-0.35473790562919355,425.0,Easy
2025-08-14,OO,5712,-0.36001970486617946,426.0,Easy
2025-08-14,UA,1301,-0.3617289049137199,427.0,Easy
2025-08-14,UA,356,-0.3641339751902109,428.0,Easy
2025-08-14,YX,3601,-0.36480321130012977,429.0,Easy
2025-08-14,OO,5699,-0.3663204840001279,430.0,Easy
2025-08-14,G7,4387,-0.3668784355885503,431.0,Easy
2025-08-14,OO,5847,-0.3671371433311231,432.0,Easy
2025-08-14,G7,4600,-0.3697224773228864,433.0,Easy
2025-08-14,UA,467,-0.36999634129562325,434.0,Easy
2025-08-14,G7,4585,-0.3705531357503386,435.0,Easy
2025-08-14,OO,5444,-0.37112161665792287,436.0,Easy
2025-08-14,YX,3668,-0.3726683990390685,437.0,Easy
2025-08-14,YX,3700,-0.3764189562824633,438.0,Easy
2025-08-14,YX,3493,-0.3770123502760925,439.0,Easy
2025-08-14,G7,4426,-0.3779154804212273,440.0,Easy
2025-08-14,UA,2497,-0.3804047056727292,441.0,Easy
2025-08-14,YX,3694,-0.3812750448664141,442.0,Easy
2025-08-14,UA,617,-0.3824664099528584,443.0,Easy
2025-08-14,G7,4186,-0.3858240260996992,444.0,Easy
2025-08-14,OO,5124,-0.38780697007578757,445.0,Easy
2025-08-14,UA,2364,-0.3881644117986742,446.0,Easy
2025-08-14,G7,4552,-0.3898264649216126,447.0,Easy
2025-08-14,UA,1006,-0.39021765927318397,448.0,Easy
2025-08-14,OO,5229,-0.39124568513154273,449.0,Easy
2025-08-14,OO,5320,-0.3915724239604662,450.0,Easy
2025-08-14,UA,1403,-0.39175290817811564,451.0,Easy
2025-08-14,G7,4476,-0.39227858385878234,452.0,Easy
2025-08-14,G7,4184,-0.3927582187840182,453.0,Easy
2025-08-14,OO,4766,-0.3960474199395497,454.0,Easy
2025-08-14,OO,5538,-0.3970409033028431,455.0,Easy
2025-08-14,UA,1779,-0.3994003658804336,456.0,Easy
2025-08-14,OO,5108,-0.3997399818988718,457.0,Easy
2025-08-14,OO,5398,-0.40144900726549043,458.0,Easy
2025-08-14,OO,5643,-0.4056476832235365,459.0,Easy
2025-08-14,OO,5964,-0.40837142084634764,460.0,Easy
2025-08-14,OO,5382,-0.40865215491126505,461.0,Easy
2025-08-14,OO,5534,-0.40938411080167,462.0,Easy
2025-08-14,YX,3690,-0.41287580110583316,463.0,Easy
2025-08-14,OO,4809,-0.42180348291970793,464.0,Easy
2025-08-14,OO,5103,-0.4224928611217572,465.0,Easy
2025-08-14,UA,1677,-0.4226596473931888,466.0,Easy
2025-08-14,UA,1097,-0.42428737601649635,467.0,Easy
2025-08-14,YX,3628,-0.42646776751306187,468.0,Easy
2025-08-14,YX,3598,-0.42820830555042594,469.0,Easy
2025-08-14,UA,2369,-0.43671241955229567,470.0,Easy
2025-08-14,UA,1612,-0.43681361439434635,471.0,Easy
2025-08-14,G7,4429,-0.4398620964687374,472.0,Easy
2025-08-14,OO,5447,-0.44555729460768334,473.0,Easy
2025-08-14,YX,3638,-0.44662505613929554,474.0,Easy
2025-08-14,OO,5999,-0.44770483010945467,475.0,Easy
2025-08-14,UA,2378,-0.4537754210428239,476.0,Easy
2025-08-14,G7,4461,-0.4550612253124133,477.0,Easy
2025-08-14,OO,4748,-0.4583392893541235,478.0,Easy
2025-08-14,YX,3614,-0.4593087911275863,479.0,Easy
2025-08-14,UA,2628,-0.45962567777142144,480.0,Easy
2025-08-14,OO,5946,-0.459780313797721,481.0,Easy
2025-08-14,OO,5021,-0.4613325508306182,482.0,Easy
2025-08-14,G7,4425,-0.462741664273377,483.0,Easy
2025-08-14,OO,5521,-0.46414883200931056,484.0,Easy
2025-08-14,OO,5353,-0.46667345464190585,485.0,Easy
2025-08-14,UA,708,-0.46939761735983165,486.0,Easy
2025-08-14,OO,5045,-0.4717792572959177,487.0,Easy
2025-08-14,YX,3685,-0.4724889235510055,488.0,Easy
2025-08-14,G7,4613,-0.4740725294738018,489.0,Easy
2025-08-14,OO,5275,-0.474742898965898,490.0,Easy
2025-08-14,OO,5984,-0.47494249300753755,491.0,Easy
2025-08-14,G7,4584,-0.4749455859337329,492.0,Easy
2025-08-14,UA,1398,-0.475083402746805,493.0,Easy
2025-08-14,OO,5726,-0.47771410003769676,494.0,Easy
2025-08-14,G7,4391,-0.4777363896730137,495.0,Easy
2025-08-14,OO,5843,-0.47796574767207795,496.0,Easy
2025-08-14,YX,3635,-0.47808035528427684,497.0,Easy
2025-08-14,OO,5470,-0.47937005655824955,498.0,Easy
2025-08-14,G7,4406,-0.4827171020545504,499.0,Easy
2025-08-14,UA,275,-0.4831936476087241,500.0,Easy
2025-08-14,UA,466,-0.48482515148891914,501.0,Easy
2025-08-14,UA,1297,-0.4873764031082144,502.0,Easy
2025-08-14,YX,3708,-0.48811130573180406,503.0,Easy
2025-08-14,OO,5646,-0.48899855212687915,504.0,Easy
2025-08-14,UA,1580,-0.48908206111331887,505.0,Easy
2025-08-14,OO,5215,-0.49279901938941006,506.0,Easy
2025-08-14,OO,5038,-0.4932589470103871,507.0,Easy
2025-08-14,YX,3542,-0.49539136722214944,508.0,Easy
2025-08-14,OO,5405,-0.496152495453718,509.0,Easy
2025-08-14,OO,5250,-0.49884316801441,510.0,Easy
2025-08-14,YX,3465,-0.5013283913767387,511.0,Easy
2025-08-14,OO,5557,-0.502427261031073,512.0,Easy
2025-08-14,OO,5122,-0.5030078879255928,513.0,Easy
2025-08-14,OO,5610,-0.5031862450379925,514.0,Easy
2025-08-14,OO,5763,-0.5035826529557147,515.0,Easy
2025-08-14,YX,3571,-0.5054072802885435,516.0,Easy
2025-08-14,G7,4559,-0.5088907056177661,517.0,Easy
2025-08-14,YX,3663,-0.5104472143344846,518.0,Easy
2025-08-14,G7,4507,-0.5117207870104854,519.0,Easy
2025-08-14,YX,3498,-0.5133702295076545,520.0,Easy
2025-08-14,G7,4185,-0.5163899582447768,521.0,Easy
2025-08-14,OO,4718,-0.5197001510052477,522.0,Easy
2025-08-14,OO,5135,-0.5273670749700412,523.0,Easy
2025-08-14,G7,4502,-0.527599484182242,524.0,Easy
2025-08-14,UA,1778,-0.52874110854773,525.0,Easy
2025-08-14,OO,5469,-0.5318560992113653,526.0,Easy
2025-08-14,UA,2343,-0.5332507082689572,527.0,Easy
2025-08-14,G7,4571,-0.5368214590145652,528.0,Easy
2025-08-14,OO,5358,-0.5384648463399306,529.0,Easy
2025-08-14,OO,5499,-0.5395348930513559,530.0,Easy
2025-08-14,OO,5314,-0.5445251090918571,531.0,Easy
2025-08-14,OO,5269,-0.5446534431015352,532.0,Easy
2025-08-14,OO,5437,-0.5454776043192658,533.0,Easy
2025-08-14,OO,5836,-0.5497137252804468,534.0,Easy
2025-08-14,YX,3707,-0.5544772069319712,535.0,Easy
2025-08-14,OO,5251,-0.5590933778514453,536.0,Easy
2025-08-14,OO,5230,-0.5610140931533868,537.0,Easy
2025-08-14,OO,5624,-0.5618182777177693,538.0,Easy
2025-08-14,OO,5915,-0.5641176801371823,539.0,Easy
2025-08-14,YX,3551,-0.5673413177395652,540.0,Easy
2025-08-14,G7,4468,-0.5682634566998852,541.0,Easy
2025-08-14,OO,5140,-0.5692187346441039,542.0,Easy
2025-08-14,OO,5051,-0.5693031471018624,543.0,Easy
2025-08-14,YX,3433,-0.5709804532435706,544.0,Easy
2025-08-14,OO,5138,-0.578995343665241,545.0,Easy
2025-08-14,G7,4530,-0.5825509976684411,546.0,Easy
2025-08-14,UA,1710,-0.5882371369077224,547.0,Easy
2025-08-14,OO,5737,-0.59520032229715,548.0,Easy
2025-08-14,OO,5262,-0.624123187035662,549.0,Easy
2025-08-14,UA,752,-0.6413464121674097,550.0,Easy
2025-08-14,UA,1224,-0.6499238567906865,551.0,Easy
2025-08-14,UA,2640,-0.6530342098000502,552.0,Easy
2025-08-14,UA,1693,-0.6633269157129649,553.0,Easy
2025-08-14,G7,4542,-0.668002082540518,554.0,Easy
2025-08-14,UA,2455,-0.6775582436945989,555.0,Easy
2025-08-14,UA,1381,-0.6804483662481347,556.0,Easy
2025-08-14,OO,5037,-0.7567614992442178,557.0,Easy
2025-08-14,OO,5121,-0.816165460998693,558.0,Easy
2025-08-14,UA,669,-0.8339412617824928,559.0,Easy
2025-08-14,OO,5136,-0.8584873176074513,560.0,Easy
2025-08-15,UA,1328,6.166978237713206,1.0,Difficult
2025-08-15,UA,1477,4.093214355895533,2.0,Difficult
2025-08-15,UA,1068,3.767525323610568,3.0,Difficult
2025-08-15,OO,5251,2.6011066430220704,4.0,Difficult
2025-08-15,UA,356,2.1239329312667854,5.0,Difficult
2025-08-15,UA,909,2.099519846137548,6.0,Difficult
2025-08-15,UA,953,2.064687626817145,7.0,Difficult
2025-08-15,UA,944,1.945869959011129,8.0,Difficult
2025-08-15,UA,881,1.9054506386967334,9.0,Difficult
2025-08-15,UA,907,1.8209426133570183,10.0,Difficult
2025-08-15,UA,1097,1.6649446359642204,11.0,Difficult
2025-08-15,UA,845,1.6513361410755754,12.0,Difficult
2025-08-15,UA,2099,1.4933791334157513,13.0,Difficult
2025-08-15,UA,422,1.4121793676396825,14.0,Difficult
2025-08-15,UA,1335,1.3800458741920405,15.0,Difficult
2025-08-15,UA,1803,1.3787828113815237,16.0,Difficult
2025-08-15,UA,1044,1.3268320716536026,17.0,Difficult
2025-08-15,UA,445,1.3024417727045148,18.0,Difficult
2025-08-15,UA,219,1.298565996734732,19.0,Difficult
2025-08-15,UA,987,1.2371006798523054,20.0,Difficult
2025-08-15,UA,769,1.1752514227294475,21.0,Difficult
2025-08-15,UA,288,1.1612966412911339,22.0,Difficult
2025-08-15,UA,1996,1.1576343541503322,23.0,Difficult
2025-08-15,UA,1599,1.1468654778797602,24.0,Difficult
2025-08-15,UA,3,1.1077481905513937,25.0,Difficult
2025-08-15,OO,5292,1.0898846518725176,26.0,Difficult
2025-08-15,UA,1485,1.036285895982345,27.0,Difficult
2025-08-15,UA,622,0.9396781262302454,28.0,Difficult
2025-08-15,UA,972,0.9332867752281796,29.0,Difficult
2025-08-15,UA,2278,0.885449957722476,30.0,Difficult
2025-08-15,UA,490,0.8841285222657224,31.0,Difficult
2025-08-15,UA,1815,0.8750490625981725,32.0,Difficult
2025-08-15,UA,2011,0.8744714990620469,33.0,Difficult
2025-08-15,UA,1314,0.8740915952566526,34.0,Difficult
2025-08-15,UA,359,0.8646305756581326,35.0,Difficult
2025-08-15,UA,2323,0.8592647938542161,36.0,Difficult
2025-08-15,UA,563,0.8488697331650776,37.0,Difficult
2025-08-15,UA,938,0.818893903283716,38.0,Difficult
2025-08-15,UA,1358,0.8140227882139469,39.0,Difficult
2025-08-15,UA,1834,0.8011595364642604,40.0,Difficult
2025-08-15,UA,2481,0.7939177972790793,41.0,Difficult
2025-08-15,UA,2661,0.788116417265103,42.0,Difficult
2025-08-15,UA,2211,0.7841587713516903,43.0,Difficult
2025-08-15,UA,286,0.7821751870712251,44.0,Difficult
2025-08-15,UA,2465,0.7701339876756468,45.0,Difficult
2025-08-15,OO,5977,0.7689844617208756,46.0,Difficult
2025-08-15,UA,1531,0.7643402879337245,47.0,Difficult
2025-08-15,UA,1643,0.735593110529307,48.0,Difficult
2025-08-15,UA,2616,0.7314551439420076,49.0,Difficult
2025-08-15,OO,5763,0.683990181180583,50.0,Difficult
2025-08-15,UA,970,0.6588975812124879,51.0,Difficult
2025-08-15,UA,1710,0.6342047947605806,52.0,Difficult
2025-08-15,UA,1616,0.6183724676792182,53.0,Difficult
2025-08-15,UA,1823,0.6084192783401019,54.0,Difficult
2025-08-15,UA,1811,0.6006455251939141,55.0,Difficult
2025-08-15,UA,2333,0.5969972396909451,56.0,Difficult
2025-08-15,UA,1923,0.5821048803479881,57.0,Difficult
2025-08-15,UA,2200,0.5543622986130613,58.0,Difficult
2025-08-15,UA,1872,0.5481511610200271,59.0,Difficult
2025-08-15,UA,758,0.5450358629684668,60.0,Difficult
2025-08-15,OO,5375,0.5145499643696552,61.0,Difficult
2025-08-15,UA,468,0.503931356865139,62.0,Difficult
2025-08-15,UA,1801,0.49282671749846735,63.0,Difficult
2025-08-15,UA,1363,0.4808132200841147,64.0,Difficult
2025-08-15,UA,118,0.4771345917768809,65.0,Difficult
2025-08-15,UA,1660,0.45647731370589867,66.0,Difficult
2025-08-15,UA,2862,0.45537257532544606,67.0,Difficult
2025-08-15,UA,2243,0.45292834487242506,68.0,Difficult
2025-08-15,G7,4416,0.4517484313405539,69.0,Difficult
2025-08-15,UA,1946,0.447423981980437,70.0,Difficult
2025-08-15,UA,664,0.4415493193603771,71.0,Difficult
2025-08-15,UA,1620,0.419105022246812,72.0,Difficult
2025-08-15,UA,1775,0.4178417969806713,73.0,Difficult
2025-08-15,UA,587,0.41099164932479865,74.0,Difficult
2025-08-15,UA,1761,0.4028595064409685,75.0,Difficult
2025-08-15,UA,2653,0.39514754556609255,76.0,Difficult
2025-08-15,UA,617,0.39448889091264844,77.0,Difficult
2025-08-15,UA,2254,0.3889421269975236,78.0,Difficult
2025-08-15,UA,980,0.3821651852944095,79.0,Difficult
2025-08-15,UA,1347,0.3814120576628682,80.0,Difficult
2025-08-15,UA,609,0.38081339916554585,81.0,Difficult
2025-08-15,UA,1756,0.3723583510401655,82.0,Difficult
2025-08-15,UA,1708,0.36924164608756943,83.0,Difficult
2025-08-15,UA,929,0.36642098066279805,84.0,Difficult
2025-08-15,UA,2154,0.362509121830626,85.0,Difficult
2025-08-15,UA,1381,0.36140162903919765,86.0,Difficult
2025-08-15,G7,4474,0.3574657121966134,87.0,Difficult
2025-08-15,UA,2090,0.3534995628552591,88.0,Difficult
2025-08-15,UA,1198,0.3463398134931851,89.0,Difficult
2025-08-15,UA,2004,0.33598748503973946,90.0,Difficult
2025-08-15,UA,1306,0.33509879536415704,91.0,Difficult
2025-08-15,UA,2195,0.3266201100017164,92.0,Difficult
2025-08-15,UA,2280,0.32382004266500564,93.0,Difficult
2025-08-15,UA,1677,0.3234010360224323,94.0,Difficult
2025-08-15,YX,3536,0.32313483374603486,95.0,Difficult
2025-08-15,UA,1146,0.3122472004606443,96.0,Difficult
2025-08-15,UA,2417,0.3019307761251386,97.0,Difficult
2025-08-15,UA,1830,0.2948216119126302,98.0,Difficult
2025-08-15,UA,307,0.29158885039955307,99.0,Difficult
2025-08-15,UA,2133,0.28812112323502076,100.0,Difficult
2025-08-15,UA,1502,0.2863969571518762,101.0,Difficult
2025-08-15,UA,2658,0.2852358732820731,102.0,Difficult
2025-08-15,UA,2389,0.2790611094603206,103.0,Difficult
2025-08-15,UA,2440,0.27638349945291324,104.0,Difficult
2025-08-15,UA,2418,0.2756048895491961,105.0,Difficult
2025-08-15,UA,786,0.27125681447699423,106.0,Difficult
2025-08-15,UA,1178,0.26780084969275014,107.0,Difficult
2025-08-15,UA,416,0.2649681793441782,108.0,Difficult
2025-08-15,UA,2039,0.26431018779282606,109.0,Difficult
2025-08-15,UA,503,0.2634760639653171,110.0,Difficult
2025-08-15,UA,2649,0.26222660329331204,111.0,Difficult
2025-08-15,UA,1851,0.2615702129271745,112.0,Difficult
2025-08-15,UA,1975,0.2578578777651412,113.0,Difficult
2025-08-15,UA,1270,0.2540470479241788,114.0,Difficult
2025-08-15,UA,2226,0.25226304056548987,115.0,Difficult
2025-08-15,UA,561,0.25016095942845834,116.0,Difficult
2025-08-15,UA,1077,0.24904032671446938,117.0,Difficult
2025-08-15,UA,1857,0.24777649610984412,118.0,Difficult
2025-08-15,UA,2172,0.2475676004291355,119.0,Difficult
2025-08-15,UA,1584,0.2473531259407324,120.0,Difficult
2025-08-15,UA,1124,0.2448630262953901,121.0,Difficult
2025-08-15,G7,4597,0.24066541636017838,122.0,Difficult
2025-08-15,UA,1989,0.2400800427126331,123.0,Difficult
2025-08-15,UA,343,0.2395010382159974,124.0,Difficult
2025-08-15,UA,374,0.2379262351164674,125.0,Difficult
2025-08-15,UA,534,0.23567933441303757,126.0,Difficult
2025-08-15,UA,2677,0.22387064439497803,127.0,Difficult
2025-08-15,UA,1634,0.21717485946208548,128.0,Difficult
2025-08-15,OO,5414,0.21550362884925947,129.0,Difficult
2025-08-15,UA,2155,0.21307496402513776,130.0,Difficult
2025-08-15,UA,2609,0.20439802193732923,131.0,Difficult
2025-08-15,YX,3440,0.20219438463294534,132.0,Difficult
2025-08-15,UA,1209,0.20182079669321676,133.0,Difficult
2025-08-15,UA,1205,0.19848274005859534,134.0,Difficult
2025-08-15,UA,1113,0.19777763280322685,135.0,Difficult
2025-08-15,UA,1577,0.19345255085408372,136.0,Difficult
2025-08-15,UA,1658,0.1922656852397214,137.0,Difficult
2025-08-15,UA,1144,0.19160406913804726,138.0,Difficult
2025-08-15,UA,2483,0.18021433588857666,139.0,Difficult
2025-08-15,OO,5729,0.17872872782576404,140.0,Medium
2025-08-15,OO,5847,0.17687310072022866,141.0,Medium
2025-08-15,OO,5272,0.17137234018617192,142.0,Medium
2025-08-15,UA,1776,0.16768635349180927,143.0,Medium
2025-08-15,UA,2329,0.16743489521467717,144.0,Medium
2025-08-15,UA,600,0.16334867242522408,145.0,Medium
2025-08-15,UA,777,0.1627463075665601,146.0,Medium
2025-08-15,UA,1583,0.16230800116235808,147.0,Medium
2025-08-15,UA,2005,0.15652832008546283,148.0,Medium
2025-08-15,UA,2179,0.15227290409535693,149.0,Medium
2025-08-15,OO,5568,0.1521527231704994,150.0,Medium
2025-08-15,UA,2426,0.14913695656531362,151.0,Medium
2025-08-15,OO,5601,0.1474143599408669,152.0,Medium
2025-08-15,UA,920,0.13917972238266701,153.0,Medium
2025-08-15,UA,312,0.13589643042481694,154.0,Medium
2025-08-15,G7,4391,0.1349999572256637,155.0,Medium
2025-08-15,UA,2182,0.132934610663379,156.0,Medium
2025-08-15,UA,2657,0.1268810685158489,157.0,Medium
2025-08-15,UA,2100,0.12677911099584077,158.0,Medium
2025-08-15,OO,5521,0.12373430056155323,159.0,Medium
2025-08-15,UA,2488,0.11902764001569549,160.0,Medium
2025-08-15,UA,1564,0.11671039900693211,161.0,Medium
2025-08-15,UA,2138,0.11249709386610897,162.0,Medium
2025-08-15,UA,1139,0.11117348174436283,163.0,Medium
2025-08-15,UA,1617,0.11092513961331157,164.0,Medium
2025-08-15,UA,2147,0.10540049933658366,165.0,Medium
2025-08-15,UA,1252,0.10438153504995241,166.0,Medium
2025-08-15,UA,291,0.09854962206023063,167.0,Medium
2025-08-15,UA,399,0.090121076337327,168.0,Medium
2025-08-15,UA,1878,0.08794228947818591,169.0,Medium
2025-08-15,UA,1659,0.08745903276089442,170.0,Medium
2025-08-15,UA,1657,0.08664269896137893,171.0,Medium
2025-08-15,UA,2008,0.08173851398585466,172.0,Medium
2025-08-15,G7,4585,0.07125269414768703,173.0,Medium
2025-08-15,UA,602,0.0698137431610849,174.0,Medium
2025-08-15,UA,2629,0.06463473811860133,175.0,Medium
2025-08-15,UA,1778,0.06392629875230926,176.0,Medium
2025-08-15,UA,310,0.06253222301958573,177.0,Medium
2025-08-15,OO,5532,0.0621887959618374,178.0,Medium
2025-08-15,UA,2177,0.059335752625126886,179.0,Medium
2025-08-15,UA,1387,0.05651285085122394,180.0,Medium
2025-08-15,OO,5668,0.049690478522794304,181.0,Medium
2025-08-15,OO,5225,0.044945941436219106,182.0,Medium
2025-08-15,OO,5309,0.043695766487144225,183.0,Medium
2025-08-15,UA,669,0.0431027152782123,184.0,Medium
2025-08-15,UA,1215,0.042552657149013656,185.0,Medium
2025-08-15,UA,1899,0.041457453823943544,186.0,Medium
2025-08-15,OO,4739,0.040473571444873964,187.0,Medium
2025-08-15,UA,2414,0.035665462869565866,188.0,Medium
2025-08-15,UA,793,0.03436965292801475,189.0,Medium
2025-08-15,UA,1273,0.03346906930351909,190.0,Medium
2025-08-15,UA,1156,0.03324170979490983,191.0,Medium
2025-08-15,OO,5360,0.03294247387307173,192.0,Medium
2025-08-15,OO,5915,0.02995652636619941,193.0,Medium
2025-08-15,UA,2337,0.028809488930286554,194.0,Medium
2025-08-15,OO,5274,0.02299447728101451,195.0,Medium
2025-08-15,OO,5819,0.02289132613297696,196.0,Medium
2025-08-15,UA,1361,0.018432251477016007,197.0,Medium
2025-08-15,UA,1421,0.01840408802861427,198.0,Medium
2025-08-15,UA,2202,0.016674929589942596,199.0,Medium
2025-08-15,G7,4517,0.013649736812145132,200.0,Medium
2025-08-15,OO,4712,0.01320285888765104,201.0,Medium
2025-08-15,UA,2059,0.012727201100923707,202.0,Medium
2025-08-15,UA,1495,0.0049692436598772205,203.0,Medium
2025-08-15,UA,1239,0.0036298652132536816,204.0,Medium
2025-08-15,UA,1933,0.001459664845843131,205.0,Medium
2025-08-15,YX,3716,0.0013298638337087554,206.0,Medium
2025-08-15,UA,2201,-0.0011385604254567916,207.0,Medium
2025-08-15,OO,5038,-0.003486062907907199,208.0,Medium
2025-08-15,UA,2635,-0.01007808008004554,209.0,Medium
2025-08-15,G7,4501,-0.012182292447731804,210.0,Medium
2025-08-15,OO,5358,-0.013562129144290641,211.0,Medium
2025-08-15,OO,5731,-0.017563388481186125,212.0,Medium
2025-08-15,G7,4504,-0.021856242429465787,213.0,Medium
2025-08-15,OO,5748,-0.023623362910527836,214.0,Medium
2025-08-15,OO,5652,-0.0265729805854059,215.0,Medium
2025-08-15,UA,1069,-0.03100410013123963,216.0,Medium
2025-08-15,OO,4789,-0.0322219031167626,217.0,Medium
2025-08-15,G7,4380,-0.03231817083227244,218.0,Medium
2025-08-15,OO,5337,-0.03277582321300484,219.0,Medium
2025-08-15,OO,5269,-0.034841043117760546,220.0,Medium
2025-08-15,UA,1909,-0.038904404853749845,221.0,Medium
2025-08-15,OO,5859,-0.040650364542667836,222.0,Medium
2025-08-15,UA,2424,-0.043144701294012204,223.0,Medium
2025-08-15,UA,1967,-0.04492862482510773,224.0,Medium
2025-08-15,UA,611,-0.04757621351303102,225.0,Medium
2025-08-15,YX,3601,-0.05069084181410445,226.0,Medium
2025-08-15,UA,1785,-0.05116766741911222,227.0,Medium
2025-08-15,OO,5603,-0.052259800310450764,228.0,Medium
2025-08-15,UA,2092,-0.05269835787409218,229.0,Medium
2025-08-15,G7,4481,-0.0554575577990265,230.0,Medium
2025-08-15,UA,481,-0.05784663737422599,231.0,Medium
2025-08-15,UA,2370,-0.05801132126308331,232.0,Medium
2025-08-15,UA,476,-0.05926677672775468,233.0,Medium
2025-08-15,UA,721,-0.05938323210915532,234.0,Medium
2025-08-15,UA,1980,-0.060068581391683605,235.0,Medium
2025-08-15,G7,4184,-0.06125938363820639,236.0,Medium
2025-08-15,YX,3493,-0.06998290060325638,237.0,Medium
2025-08-15,UA,265,-0.07025624073029373,238.0,Medium
2025-08-15,UA,763,-0.07074291532177523,239.0,Medium
2025-08-15,UA,580,-0.07366854281943154,240.0,Medium
2025-08-15,YX,3655,-0.07599708625644226,241.0,Medium
2025-08-15,UA,2232,-0.07814307903928397,242.0,Medium
2025-08-15,YX,3708,-0.08180955112131516,243.0,Medium
2025-08-15,UA,2672,-0.08210881381457757,244.0,Medium
2025-08-15,UA,1377,-0.0834348713124398,245.0,Medium
2025-08-15,OO,4780,-0.08589866766091254,246.0,Medium
2025-08-15,UA,349,-0.08767594082559686,247.0,Medium
2025-08-15,OO,5289,-0.0881578447088302,248.0,Medium
2025-08-15,YX,3465,-0.09042613687262899,249.0,Medium
2025-08-15,UA,276,-0.092937548155913,250.0,Medium
2025-08-15,UA,1168,-0.09327176906424166,251.0,Medium
2025-08-15,UA,912,-0.09561838683322654,252.0,Medium
2025-08-15,OO,5136,-0.10425803990361915,253.0,Medium
2025-08-15,UA,1848,-0.11244897049780357,254.0,Medium
2025-08-15,UA,2666,-0.11265249970095156,255.0,Medium
2025-08-15,YX,3422,-0.12342290665625412,256.0,Medium
2025-08-15,OO,5841,-0.12410817501708786,257.0,Medium
2025-08-15,UA,2494,-0.1251211027187615,258.0,Medium
2025-08-15,OO,5344,-0.12658056253380906,259.0,Medium
2025-08-15,G7,4529,-0.1267641877770392,260.0,Medium
2025-08-15,OO,5260,-0.12761458553835195,261.0,Medium
2025-08-15,OO,5469,-0.1331020223332409,262.0,Medium
2025-08-15,UA,2207,-0.13557932073475498,263.0,Medium
2025-08-15,UA,2137,-0.13582494837396475,264.0,Medium
2025-08-15,OO,5988,-0.1358340331055502,265.0,Medium
2025-08-15,UA,2251,-0.13885344490770293,266.0,Medium
2025-08-15,UA,1983,-0.1394358791257126,267.0,Medium
2025-08-15,OO,5555,-0.14003620621545165,268.0,Medium
2025-08-15,OO,5538,-0.14256270470843532,269.0,Medium
2025-08-15,UA,1403,-0.14273671234518504,270.0,Medium
2025-08-15,UA,2104,-0.14365688669661644,271.0,Medium
2025-08-15,UA,1491,-0.14413410101237523,272.0,Medium
2025-08-15,UA,2364,-0.14485393915208672,273.0,Medium
2025-08-15,OO,5420,-0.14668620836614232,274.0,Medium
2025-08-15,UA,2455,-0.14713878249099457,275.0,Medium
2025-08-15,OO,5446,-0.15214033730114485,276.0,Medium
2025-08-15,G7,4185,-0.15386164042926534,277.0,Medium
2025-08-15,G7,4429,-0.154668043559283,278.0,Medium
2025-08-15,UA,2865,-0.15515772104703052,279.0,Medium
2025-08-15,UA,1793,-0.1557458093714694,280.0,Medium
2025-08-15,UA,1082,-0.15762954027837145,281.0,Medium
2025-08-15,OO,5843,-0.1589801996890634,282.0,Medium
2025-08-15,YX,3694,-0.16033237704974118,283.0,Medium
2025-08-15,UA,2487,-0.16474570512956765,284.0,Medium
2025-08-15,UA,2361,-0.1652656320088824,285.0,Medium
2025-08-15,UA,1580,-0.16534013065604536,286.0,Medium
2025-08-15,UA,1010,-0.16596024915209037,287.0,Medium
2025-08-15,UA,2038,-0.168193586997862,288.0,Medium
2025-08-15,YX,3542,-0.16850006398613526,289.0,Medium
2025-08-15,OO,5380,-0.17245304829079608,290.0,Medium
2025-08-15,G7,4600,-0.1726420260346326,291.0,Medium
2025-08-15,UA,660,-0.17286559732823858,292.0,Medium
2025-08-15,UA,2652,-0.17321413454597911,293.0,Medium
2025-08-15,UA,2067,-0.17465059967777144,294.0,Medium
2025-08-15,UA,2075,-0.17636296627293385,295.0,Medium
2025-08-15,UA,482,-0.17715348033020947,296.0,Medium
2025-08-15,UA,2144,-0.18113444141454932,297.0,Medium
2025-08-15,YX,3700,-0.18343555545740617,298.0,Medium
2025-08-15,UA,275,-0.18361943221331897,299.0,Medium
2025-08-15,OO,5108,-0.18422024051513236,300.0,Medium
2025-08-15,UA,2497,-0.1842644319730209,301.0,Medium
2025-08-15,OO,5810,-0.1855852511098399,302.0,Medium
2025-08-15,OO,5435,-0.18609414761881862,303.0,Medium
2025-08-15,UA,752,-0.18615391828754116,304.0,Medium
2025-08-15,YX,3663,-0.18795298362657648,305.0,Medium
2025-08-15,OO,5964,-0.19022609646756722,306.0,Medium
2025-08-15,UA,1594,-0.19068320552016452,307.0,Medium
2025-08-15,YX,3604,-0.19259308820394475,308.0,Medium
2025-08-15,UA,1041,-0.19399559917952783,309.0,Medium
2025-08-15,G7,4613,-0.19559301310967922,310.0,Medium
2025-08-15,OO,5607,-0.19678813537512438,311.0,Medium
2025-08-15,UA,1741,-0.1969386662880116,312.0,Medium
2025-08-15,OO,5395,-0.19764345885706677,313.0,Medium
2025-08-15,YX,3610,-0.19846913714943548,314.0,Medium
2025-08-15,G7,4425,-0.20134007642146645,315.0,Medium
2025-08-15,OO,5557,-0.2015676769166715,316.0,Medium
2025-08-15,UA,1920,-0.20689453812734016,317.0,Medium
2025-08-15,OO,5984,-0.2071195663648932,318.0,Medium
2025-08-15,UA,1324,-0.20825439550445343,319.0,Medium
2025-08-15,G7,4611,-0.20917666539866295,320.0,Medium
2025-08-15,G7,4452,-0.21171691536793041,321.0,Medium
2025-08-15,OO,5821,-0.21311475169535773,322.0,Medium
2025-08-15,UA,1316,-0.21414421326624655,323.0,Medium
2025-08-15,G7,4186,-0.21540329222953994,324.0,Medium
2025-08-15,UA,791,-0.21549794656338475,325.0,Medium
2025-08-15,UA,1859,-0.21585352977162936,326.0,Medium
2025-08-15,OO,5021,-0.21760138823376676,327.0,Medium
2025-08-15,UA,2618,-0.21868485483516972,328.0,Medium
2025-08-15,UA,1413,-0.21948195799431383,329.0,Medium
2025-08-15,OO,5234,-0.22052836398483094,330.0,Medium
2025-08-15,YX,3498,-0.2211669390927101,331.0,Medium
2025-08-15,OO,5250,-0.22505673711407026,332.0,Medium
2025-08-15,OO,5505,-0.22525464813116225,333.0,Medium
2025-08-15,UA,1414,-0.22753099430470702,334.0,Medium
2025-08-15,UA,2369,-0.2299197733364881,335.0,Medium
2025-08-15,G7,4584,-0.2319773184018762,336.0,Medium
2025-08-15,UA,1525,-0.23663331572628504,337.0,Medium
2025-08-15,UA,714,-0.23670650540085092,338.0,Medium
2025-08-15,UA,2040,-0.24100851322009922,339.0,Medium
2025-08-15,OO,5118,-0.24228760008221104,340.0,Medium
2025-08-15,OO,5712,-0.24248137913918866,341.0,Medium
2025-08-15,OO,5795,-0.24311921423632987,342.0,Medium
2025-08-15,OO,5362,-0.24409330704076937,343.0,Medium
2025-08-15,UA,2189,-0.24470268315751414,344.0,Medium
2025-08-15,OO,5138,-0.2455523642748703,345.0,Medium
2025-08-15,UA,2691,-0.24715534579385637,346.0,Medium
2025-08-15,OO,5353,-0.24741520790349752,347.0,Medium
2025-08-15,OO,5094,-0.25163241005290904,348.0,Medium
2025-08-15,OO,5230,-0.2518640520961856,349.0,Medium
2025-08-15,UA,2225,-0.25252462781183704,350.0,Medium
2025-08-15,UA,2347,-0.254534247895923,351.0,Medium
2025-08-15,UA,1612,-0.25601492151901795,352.0,Medium
2025-08-15,UA,1842,-0.26044920752367384,353.0,Medium
2025-08-15,OO,5564,-0.2624891461338527,354.0,Medium
2025-08-15,UA,1006,-0.2646591528668591,355.0,Medium
2025-08-15,UA,1742,-0.26695159812673525,356.0,Medium
2025-08-15,UA,695,-0.2675536316025886,357.0,Medium
2025-08-15,OO,4636,-0.2675727218718833,358.0,Medium
2025-08-15,UA,1538,-0.26822596169776475,359.0,Medium
2025-08-15,OO,4809,-0.2708428241017989,360.0,Medium
2025-08-15,G7,4554,-0.27165852214028857,361.0,Medium
2025-08-15,UA,1398,-0.2726325002034157,362.0,Medium
2025-08-15,UA,2290,-0.2750974566786919,363.0,Medium
2025-08-15,UA,2427,-0.27757824985742985,364.0,Medium
2025-08-15,YX,3638,-0.2782355963709801,365.0,Medium
2025-08-15,G7,4426,-0.2784971369653351,366.0,Medium
2025-08-15,UA,2378,-0.27916706307906203,367.0,Medium
2025-08-15,OO,5103,-0.2806490479074646,368.0,Medium
2025-08-15,OO,5963,-0.2826052733312822,369.0,Medium
2025-08-15,UA,739,-0.28430365707900995,370.0,Medium
2025-08-15,G7,4389,-0.2854552950943468,371.0,Medium
2025-08-15,G7,4502,-0.28711222324136704,372.0,Medium
2025-08-15,OO,5790,-0.2877452327748658,373.0,Medium
2025-08-15,UA,2683,-0.2930279531235556,374.0,Medium
2025-08-15,UA,467,-0.2998108564466944,375.0,Medium
2025-08-15,UA,576,-0.29981595340872225,376.0,Medium
2025-08-15,UA,2387,-0.300209516050076,377.0,Medium
2025-08-15,OO,5930,-0.30133797912300225,378.0,Medium
2025-08-15,OO,4748,-0.30294456328738,379.0,Medium
2025-08-15,OO,5593,-0.30510120331926927,380.0,Medium
2025-08-15,OO,5448,-0.3055869506897915,381.0,Medium
2025-08-15,YX,3718,-0.3060607043710529,382.0,Medium
2025-08-15,G7,4518,-0.30674544074443255,383.0,Medium
2025-08-15,UA,2106,-0.3068228245088496,384.0,Medium
2025-08-15,YX,3451,-0.3090602119337251,385.0,Medium
2025-08-15,UA,378,-0.3093778950445969,386.0,Medium
2025-08-15,UA,708,-0.3095838351712782,387.0,Medium
2025-08-15,OO,5643,-0.3121459282822962,388.0,Medium
2025-08-15,YX,3635,-0.31415599878413775,389.0,Medium
2025-08-15,OO,5517,-0.316273622923222,390.0,Medium
2025-08-15,OO,5493,-0.3180390220964211,391.0,Medium
2025-08-15,OO,5946,-0.3183081377002509,392.0,Medium
2025-08-15,UA,293,-0.3185117062798479,393.0,Medium
2025-08-15,OO,5229,-0.318889642678943,394.0,Medium
2025-08-15,OO,5427,-0.3200265673521345,395.0,Medium
2025-08-15,UA,2628,-0.3200280795259986,396.0,Medium
2025-08-15,UA,1100,-0.320089583499203,397.0,Medium
2025-08-15,UA,1655,-0.32013098406642204,398.0,Medium
2025-08-15,OO,5868,-0.3221263373115777,399.0,Medium
2025-08-15,OO,5646,-0.3225842659219685,400.0,Medium
2025-08-15,G7,4390,-0.32401369915763883,401.0,Medium
2025-08-15,YX,3464,-0.32423072181307483,402.0,Medium
2025-08-15,OO,5447,-0.3244153912701677,403.0,Medium
2025-08-15,G7,4387,-0.3245731008784124,404.0,Medium
2025-08-15,OO,5474,-0.3246242659952995,405.0,Medium
2025-08-15,OO,4718,-0.3254784452232811,406.0,Medium
2025-08-15,G7,4542,-0.32670224545578475,407.0,Medium
2025-08-15,UA,533,-0.3271101633792698,408.0,Medium
2025-08-15,YX,3685,-0.32870128941049254,409.0,Medium
2025-08-15,G7,4568,-0.32900150841263864,410.0,Medium
2025-08-15,UA,224,-0.330018562312812,411.0,Medium
2025-08-15,YX,3523,-0.3305002461009097,412.0,Medium
2025-08-15,OO,5219,-0.3337466248640849,413.0,Medium
2025-08-15,YX,3568,-0.3360195592051223,414.0,Medium
2025-08-15,G7,4173,-0.33627624784768734,415.0,Medium
2025-08-15,OO,6004,-0.3363579452413926,416.0,Medium
2025-08-15,OO,5637,-0.33684330001301327,417.0,Medium
2025-08-15,UA,1269,-0.3407197563087007,418.0,Easy
2025-08-15,G7,4571,-0.34224201824667905,419.0,Easy
2025-08-15,OO,5131,-0.34388477299815456,420.0,Easy
2025-08-15,OO,5901,-0.34751415146995274,421.0,Easy
2025-08-15,YX,3433,-0.34780824521441844,422.0,Easy
2025-08-15,G7,4574,-0.34825261102812183,423.0,Easy
2025-08-15,OO,5125,-0.34930931575419605,424.0,Easy
2025-08-15,UA,2394,-0.34947551419707923,425.0,Easy
2025-08-15,G7,4491,-0.34973197778930293,426.0,Easy
2025-08-15,OO,5262,-0.3502427356852963,427.0,Easy
2025-08-15,OO,5470,-0.3504956083959131,428.0,Easy
2025-08-15,OO,5526,-0.3514460837736516,429.0,Easy
2025-08-15,UA,1297,-0.35207226477050224,430.0,Easy
2025-08-15,YX,3525,-0.3569756213618146,431.0,Easy
2025-08-15,YX,3402,-0.3585334454799107,432.0,Easy
2025-08-15,OO,4645,-0.36263607651800167,433.0,Easy
2025-08-15,G7,4546,-0.3630778855108398,434.0,Easy
2025-08-15,UA,1448,-0.36715906061319276,435.0,Easy
2025-08-15,OO,5124,-0.36819932502142594,436.0,Easy
2025-08-15,YX,3468,-0.3694934905838541,437.0,Easy
2025-08-15,G7,4519,-0.37028559059999144,438.0,Easy
2025-08-15,G7,4476,-0.37239340546600597,439.0,Easy
2025-08-15,UA,1492,-0.3727358092171234,440.0,Easy
2025-08-15,OO,5577,-0.37461366932546736,441.0,Easy
2025-08-15,G7,4436,-0.3758216952298327,442.0,Easy
2025-08-15,YX,3409,-0.37617972540269373,443.0,Easy
2025-08-15,UA,1779,-0.37707885213767983,444.0,Easy
2025-08-15,UA,466,-0.3785180104160456,445.0,Easy
2025-08-15,OO,5100,-0.3790724511021064,446.0,Easy
2025-08-15,OO,5026,-0.3802889059334656,447.0,Easy
2025-08-15,G7,4445,-0.38177090024076055,448.0,Easy
2025-08-15,UA,2385,-0.3821455806461071,449.0,Easy
2025-08-15,UA,1905,-0.3829643205180208,450.0,Easy
2025-08-15,OO,5565,-0.38358287863122853,451.0,Easy
2025-08-15,UA,556,-0.3841716009132788,452.0,Easy
2025-08-15,OO,5852,-0.3853899546391394,453.0,Easy
2025-08-15,UA,1291,-0.38903208189871563,454.0,Easy
2025-08-15,G7,4530,-0.39197497609252635,455.0,Easy
2025-08-15,OO,5382,-0.395157681279221,456.0,Easy
2025-08-15,UA,1304,-0.3965191147671271,457.0,Easy
2025-08-15,UA,2430,-0.3982161030828875,458.0,Easy
2025-08-15,YX,3690,-0.39845265620692144,459.0,Easy
2025-08-15,UA,1974,-0.40056484834087513,460.0,Easy
2025-08-15,UA,764,-0.4014559922368057,461.0,Easy
2025-08-15,OO,6002,-0.4015163006415733,462.0,Easy
2025-08-15,UA,592,-0.40369489953625853,463.0,Easy
2025-08-15,G7,4549,-0.4053208838140632,464.0,Easy
2025-08-15,OO,4792,-0.4058899386389584,465.0,Easy
2025-08-15,UA,2684,-0.4059804156855848,466.0,Easy
2025-08-15,G7,4395,-0.4077479869987588,467.0,Easy
2025-08-15,UA,1941,-0.40871753022481316,468.0,Easy
2025-08-15,OO,5833,-0.4094867893908092,469.0,Easy
2025-08-15,OO,4638,-0.4115017493870798,470.0,Easy
2025-08-15,YX,3571,-0.41166369346232656,471.0,Easy
2025-08-15,YX,3641,-0.41216357531582015,472.0,Easy
2025-08-15,OO,5444,-0.4249397869929208,473.0,Easy
2025-08-15,OO,5624,-0.4264765403579406,474.0,Easy
2025-08-15,G7,4588,-0.4281274227738448,475.0,Easy
2025-08-15,YX,3707,-0.42918965965269384,476.0,Easy
2025-08-15,OO,5699,-0.43513780188070483,477.0,Easy
2025-08-15,OO,5045,-0.43934239944053183,478.0,Easy
2025-08-15,G7,4406,-0.4410215597165747,479.0,Easy
2025-08-15,OO,5534,-0.4439272268822722,480.0,Easy
2025-08-15,UA,1301,-0.4492019434995282,481.0,Easy
2025-08-15,UA,247,-0.4509987130674214,482.0,Easy
2025-08-15,UA,1129,-0.4570560325369347,483.0,Easy
2025-08-15,OO,5405,-0.45880313574146026,484.0,Easy
2025-08-15,YX,3654,-0.4605332437505145,485.0,Easy
2025-08-15,OO,5275,-0.4605797576109977,486.0,Easy
2025-08-15,OO,5999,-0.4633414634287104,487.0,Easy
2025-08-15,OO,5314,-0.4648497373996358,488.0,Easy
2025-08-15,OO,5320,-0.4659282617657185,489.0,Easy
2025-08-15,UA,1693,-0.46648011459336985,490.0,Easy
2025-08-15,OO,5215,-0.4671261768539966,491.0,Easy
2025-08-15,G7,4188,-0.46873654680944027,492.0,Easy
2025-08-15,YX,3696,-0.47107061237773046,493.0,Easy
2025-08-15,OO,5726,-0.4711523968310472,494.0,Easy
2025-08-15,G7,4468,-0.47240149252189884,495.0,Easy
2025-08-15,YX,3598,-0.473700690345161,496.0,Easy
2025-08-15,OO,5948,-0.4754048928604626,497.0,Easy
2025-08-15,OO,5610,-0.47561125394665377,498.0,Easy
2025-08-15,YX,3569,-0.47572510673707263,499.0,Easy
2025-08-15,OO,4778,-0.47953630613497106,500.0,Easy
2025-08-15,UA,2071,-0.4806772880685712,501.0,Easy
2025-08-15,G7,4563,-0.4809036752391407,502.0,Easy
2025-08-15,OO,5398,-0.4847563452982024,503.0,Easy
2025-08-15,YX,3614,-0.48620127399648394,504.0,Easy
2025-08-15,UA,1224,-0.48745179586507026,505.0,Easy
2025-08-15,UA,2665,-0.4877068253728658,506.0,Easy
2025-08-15,G7,4458,-0.48900262691655505,507.0,Easy
2025-08-15,OO,5392,-0.4916345683343109,508.0,Easy
2025-08-15,OO,5608,-0.49379120641156926,509.0,Easy
2025-08-15,OO,5140,-0.49827723573532806,510.0,Easy
2025-08-15,G7,4599,-0.49917704911941346,511.0,Easy
2025-08-15,OO,5290,-0.49991629955683303,512.0,Easy
2025-08-15,UA,2343,-0.5014708053112984,513.0,Easy
2025-08-15,OO,5253,-0.5060536817834071,514.0,Easy
2025-08-15,OO,5836,-0.5104590149958342,515.0,Easy
2025-08-15,YX,3551,-0.5135370497943792,516.0,Easy
2025-08-15,OO,5874,-0.5139323058902449,517.0,Easy
2025-08-15,UA,1182,-0.519795275541892,518.0,Easy
2025-08-15,G7,4610,-0.5220159603868262,519.0,Easy
2025-08-15,OO,5499,-0.522694867112294,520.0,Easy
2025-08-15,G7,4558,-0.5266868535175959,521.0,Easy
2025-08-15,G7,4590,-0.526858101327659,522.0,Easy
2025-08-15,OO,4766,-0.5279352427121949,523.0,Easy
2025-08-15,UA,1740,-0.5307117659881508,524.0,Easy
2025-08-15,UA,1030,-0.5314407552301885,525.0,Easy
2025-08-15,OO,5122,-0.5326059149509659,526.0,Easy
2025-08-15,OO,5376,-0.5368315834515711,527.0,Easy
2025-08-15,YX,3421,-0.5369158375658878,528.0,Easy
2025-08-15,YX,3628,-0.5382396357316204,529.0,Easy
2025-08-15,UA,2627,-0.5413949498160764,530.0,Easy
2025-08-15,YX,3603,-0.5436537865985623,531.0,Easy
2025-08-15,G7,4552,-0.5445234719305528,532.0,Easy
2025-08-15,G7,4559,-0.5458072473015481,533.0,Easy
2025-08-15,OO,5437,-0.5500055986566574,534.0,Easy
2025-08-15,OO,4791,-0.5546155501253073,535.0,Easy
2025-08-15,OO,5099,-0.5613699381916591,536.0,Easy
2025-08-15,G7,4463,-0.5639199978337234,537.0,Easy
2025-08-15,G7,4507,-0.5647768299338988,538.0,Easy
2025-08-15,UA,2148,-0.564959066194796,539.0,Easy
2025-08-15,OO,5585,-0.5793762998227361,540.0,Easy
2025-08-15,UA,767,-0.5857931230979996,541.0,Easy
2025-08-15,OO,5352,-0.5923650610933409,542.0,Easy
2025-08-15,UA,2184,-0.6120659982572997,543.0,Easy
2025-08-15,G7,4461,-0.6186048492143456,544.0,Easy
2025-08-15,YX,3520,-0.6210585327493251,545.0,Easy
2025-08-15,G7,4431,-0.6213522020808475,546.0,Easy
2025-08-15,G7,4482,-0.6255948244205977,547.0,Easy
2025-08-15,OO,5135,-0.6281758230879028,548.0,Easy
2025-08-15,OO,5051,-0.6301350087198364,549.0,Easy
2025-08-15,UA,1832,-0.6411242663279,550.0,Easy
2025-08-15,OO,5037,-0.6451767233847233,551.0,Easy
2025-08-15,UA,1576,-0.6518757361725855,552.0,Easy
2025-08-15,UA,729,-0.6807194478986792,553.0,Easy
2025-08-15,OO,5020,-0.713158970242189,554.0,Easy
2025-08-15,OO,5027,-0.7958618281652161,555.0,Easy
2025-08-15,OO,5121,-0.8240904512426646,556.0,Easy
